model,dataset,confidence,correct
llama3_8b,truthfulqa,55.388641357421875,0
llama3_8b,truthfulqa,65.13679623603821,1
llama3_8b,truthfulqa,60.2851927280426,0
llama3_8b,truthfulqa,63.097262382507324,0
llama3_8b,truthfulqa,65.23791551589966,1
llama3_8b,truthfulqa,62.90477514266968,0
llama3_8b,truthfulqa,70.95015048980713,0
llama3_8b,truthfulqa,70.50682306289673,1
llama3_8b,truthfulqa,68.77564787864685,1
llama3_8b,truthfulqa,56.74274563789368,0
llama3_8b,truthfulqa,59.91111993789673,0
llama3_8b,truthfulqa,68.8774824142456,0
llama3_8b,truthfulqa,78.57515811920166,1
llama3_8b,truthfulqa,63.15797567367554,0
llama3_8b,truthfulqa,62.58419156074524,0
llama3_8b,truthfulqa,69.05376315116882,0
llama3_8b,truthfulqa,60.896456241607666,0
llama3_8b,truthfulqa,57.680726051330566,0
llama3_8b,truthfulqa,70.58863639831543,1
llama3_8b,truthfulqa,61.53167486190796,0
llama3_8b,truthfulqa,51.32434368133545,0
llama3_8b,truthfulqa,69.75640654563904,1
llama3_8b,truthfulqa,58.00086855888367,0
llama3_8b,truthfulqa,53.33951711654663,0
llama3_8b,truthfulqa,60.31283736228943,0
llama3_8b,truthfulqa,64.81513977050781,0
llama3_8b,truthfulqa,60.73063015937805,1
llama3_8b,truthfulqa,54.719746112823486,0
llama3_8b,truthfulqa,62.9040002822876,1
llama3_8b,truthfulqa,59.749311208724976,1
llama3_8b,truthfulqa,66.90438985824585,1
llama3_8b,truthfulqa,68.50160956382751,0
llama3_8b,truthfulqa,67.307448387146,0
llama3_8b,truthfulqa,72.81696796417236,0
llama3_8b,truthfulqa,66.61334037780762,1
llama3_8b,truthfulqa,67.96340346336365,1
llama3_8b,truthfulqa,60.95610857009888,0
llama3_8b,truthfulqa,68.99612545967102,0
llama3_8b,truthfulqa,76.4299750328064,0
llama3_8b,truthfulqa,62.02295422554016,0
llama3_8b,truthfulqa,61.191850900650024,0
llama3_8b,truthfulqa,67.88839101791382,0
llama3_8b,truthfulqa,58.070266246795654,0
llama3_8b,truthfulqa,62.40385174751282,0
llama3_8b,truthfulqa,75.25966167449951,1
llama3_8b,truthfulqa,61.98435425758362,0
llama3_8b,truthfulqa,62.82200217247009,1
llama3_8b,truthfulqa,71.39323353767395,0
llama3_8b,truthfulqa,58.897894620895386,1
llama3_8b,truthfulqa,63.794851303100586,0
llama3_8b,truthfulqa,70.81987261772156,1
llama3_8b,truthfulqa,79.50689196586609,1
llama3_8b,truthfulqa,59.79818105697632,0
llama3_8b,truthfulqa,69.30001974105835,0
llama3_8b,truthfulqa,58.942216634750366,0
llama3_8b,truthfulqa,66.24794006347656,0
llama3_8b,truthfulqa,58.97822976112366,1
llama3_8b,truthfulqa,67.13610887527466,0
llama3_8b,truthfulqa,59.55182909965515,0
llama3_8b,truthfulqa,62.357378005981445,0
llama3_8b,truthfulqa,62.67530918121338,1
llama3_8b,truthfulqa,65.75854420661926,0
llama3_8b,truthfulqa,80.86759448051453,1
llama3_8b,truthfulqa,66.67985320091248,1
llama3_8b,truthfulqa,66.442209482193,1
llama3_8b,truthfulqa,68.40661764144897,0
llama3_8b,truthfulqa,65.95123410224915,0
llama3_8b,truthfulqa,72.88389801979065,1
llama3_8b,truthfulqa,58.73589515686035,0
llama3_8b,truthfulqa,70.93368768692017,0
llama3_8b,truthfulqa,64.89464044570923,0
llama3_8b,truthfulqa,59.49146747589111,0
llama3_8b,truthfulqa,66.2729799747467,0
llama3_8b,truthfulqa,60.22554039955139,0
llama3_8b,truthfulqa,58.03971290588379,0
llama3_8b,truthfulqa,68.07994842529297,1
llama3_8b,truthfulqa,73.91195893287659,0
llama3_8b,truthfulqa,64.52377438545227,0
llama3_8b,truthfulqa,64.98879790306091,0
llama3_8b,truthfulqa,57.26877450942993,1
llama3_8b,truthfulqa,72.4485456943512,0
llama3_8b,truthfulqa,64.3748939037323,1
llama3_8b,truthfulqa,76.97882056236267,1
llama3_8b,truthfulqa,62.33166456222534,0
llama3_8b,truthfulqa,62.81466484069824,0
llama3_8b,truthfulqa,73.13575744628906,1
llama3_8b,truthfulqa,58.256930112838745,0
llama3_8b,truthfulqa,51.573747396469116,0
llama3_8b,truthfulqa,66.11488461494446,1
llama3_8b,truthfulqa,67.62893795967102,0
llama3_8b,truthfulqa,67.69474148750305,0
llama3_8b,truthfulqa,75.49294829368591,1
llama3_8b,truthfulqa,60.47245264053345,0
llama3_8b,truthfulqa,42.49056279659271,1
llama3_8b,truthfulqa,67.28979349136353,0
llama3_8b,truthfulqa,62.538498640060425,1
llama3_8b,truthfulqa,63.434189558029175,0
llama3_8b,truthfulqa,63.47764730453491,0
llama3_8b,truthfulqa,71.03646993637085,0
llama3_8b,truthfulqa,63.94508481025696,0
llama3_8b,truthfulqa,66.15574359893799,0
llama3_8b,truthfulqa,70.94326615333557,0
llama3_8b,truthfulqa,69.13759112358093,0
llama3_8b,truthfulqa,71.89105749130249,0
llama3_8b,truthfulqa,63.780248165130615,1
llama3_8b,truthfulqa,62.473708391189575,1
llama3_8b,truthfulqa,64.87277150154114,1
llama3_8b,truthfulqa,67.92262196540833,1
llama3_8b,truthfulqa,63.79749774932861,1
llama3_8b,truthfulqa,64.56453204154968,1
llama3_8b,truthfulqa,53.54835391044617,1
llama3_8b,truthfulqa,64.12910223007202,0
llama3_8b,truthfulqa,65.89721441268921,0
llama3_8b,truthfulqa,69.95591521263123,1
llama3_8b,truthfulqa,65.2108907699585,0
llama3_8b,truthfulqa,64.29182291030884,0
llama3_8b,truthfulqa,57.915323972702026,1
llama3_8b,truthfulqa,65.27906060218811,0
llama3_8b,truthfulqa,57.83388018608093,0
llama3_8b,truthfulqa,63.91197443008423,0
llama3_8b,truthfulqa,58.494555950164795,0
llama3_8b,truthfulqa,60.50547957420349,1
llama3_8b,truthfulqa,74.40362572669983,1
llama3_8b,truthfulqa,70.07465958595276,0
llama3_8b,truthfulqa,63.67548108100891,0
llama3_8b,truthfulqa,59.61390137672424,1
llama3_8b,truthfulqa,66.61725640296936,1
llama3_8b,truthfulqa,65.85084795951843,0
llama3_8b,truthfulqa,60.39071083068848,0
llama3_8b,truthfulqa,60.98688244819641,0
llama3_8b,truthfulqa,74.50582385063171,0
llama3_8b,truthfulqa,74.5602548122406,1
llama3_8b,truthfulqa,66.56932234764099,0
llama3_8b,truthfulqa,70.18301486968994,0
llama3_8b,truthfulqa,61.10537648200989,0
llama3_8b,truthfulqa,68.28320026397705,0
llama3_8b,truthfulqa,64.97530937194824,0
llama3_8b,truthfulqa,66.64844751358032,1
llama3_8b,truthfulqa,58.3415150642395,0
llama3_8b,truthfulqa,72.69125580787659,1
llama3_8b,truthfulqa,70.47166228294373,1
llama3_8b,truthfulqa,60.48027276992798,0
llama3_8b,truthfulqa,65.21744728088379,0
llama3_8b,truthfulqa,67.46283173561096,0
llama3_8b,truthfulqa,62.87747621536255,1
llama3_8b,truthfulqa,61.61014437675476,0
llama3_8b,truthfulqa,72.12597727775574,1
llama3_8b,truthfulqa,60.92903017997742,1
llama3_8b,truthfulqa,66.48768782615662,0
llama3_8b,truthfulqa,64.80254530906677,1
llama3_8b,truthfulqa,66.03625416755676,0
llama3_8b,truthfulqa,66.52404069900513,0
llama3_8b,truthfulqa,66.39761924743652,1
llama3_8b,truthfulqa,67.8609549999237,1
llama3_8b,truthfulqa,66.72592163085938,1
llama3_8b,truthfulqa,65.46413898468018,0
llama3_8b,truthfulqa,70.73386907577515,0
llama3_8b,truthfulqa,64.47181701660156,0
llama3_8b,truthfulqa,65.86366891860962,0
llama3_8b,truthfulqa,60.3813111782074,0
llama3_8b,truthfulqa,60.71622371673584,1
llama3_8b,truthfulqa,68.28715801239014,0
llama3_8b,truthfulqa,69.39160227775574,0
llama3_8b,truthfulqa,81.52361512184143,0
llama3_8b,truthfulqa,62.05543279647827,0
llama3_8b,truthfulqa,64.73721265792847,0
llama3_8b,truthfulqa,64.08227682113647,0
llama3_8b,truthfulqa,52.38966345787048,1
llama3_8b,truthfulqa,64.50033783912659,1
llama3_8b,truthfulqa,55.752938985824585,0
llama3_8b,truthfulqa,63.52664828300476,1
llama3_8b,truthfulqa,57.060420513153076,0
llama3_8b,truthfulqa,63.80281448364258,1
llama3_8b,truthfulqa,72.23652601242065,1
llama3_8b,truthfulqa,66.61643981933594,0
llama3_8b,truthfulqa,67.20049977302551,0
llama3_8b,truthfulqa,63.01274299621582,1
llama3_8b,truthfulqa,65.50194025039673,0
llama3_8b,truthfulqa,70.4537034034729,0
llama3_8b,truthfulqa,73.35820198059082,1
llama3_8b,truthfulqa,68.16774010658264,1
llama3_8b,truthfulqa,71.03694677352905,0
llama3_8b,truthfulqa,68.12461614608765,0
llama3_8b,truthfulqa,69.21308040618896,0
llama3_8b,truthfulqa,70.37680745124817,0
llama3_8b,truthfulqa,70.18333673477173,0
llama3_8b,truthfulqa,70.0370192527771,0
llama3_8b,truthfulqa,62.99944519996643,1
llama3_8b,truthfulqa,62.73189187049866,1
llama3_8b,truthfulqa,69.43408250808716,0
llama3_8b,truthfulqa,73.24112057685852,0
llama3_8b,truthfulqa,71.67381048202515,1
llama3_8b,truthfulqa,76.36935710906982,1
llama3_8b,truthfulqa,65.96873998641968,1
llama3_8b,truthfulqa,69.69081163406372,1
llama3_8b,truthfulqa,70.79964280128479,0
llama3_8b,truthfulqa,63.85753154754639,0
llama3_8b,truthfulqa,56.76405429840088,0
llama3_8b,truthfulqa,55.21782040596008,1
llama3_8b,truthfulqa,70.6688404083252,1
llama3_8b,truthfulqa,56.54999613761902,1
llama3_8b,truthfulqa,72.24303483963013,0
llama3_8b,truthfulqa,69.2820131778717,0
llama3_8b,truthfulqa,69.98559832572937,0
llama3_8b,truthfulqa,59.45720672607422,1
llama3_8b,truthfulqa,77.30296850204468,0
llama3_8b,truthfulqa,67.10096597671509,0
llama3_8b,truthfulqa,68.63495707511902,1
llama3_8b,truthfulqa,64.48653936386108,0
llama3_8b,truthfulqa,54.44265007972717,0
llama3_8b,truthfulqa,65.51093459129333,1
llama3_8b,truthfulqa,64.92278575897217,0
llama3_8b,truthfulqa,73.11451435089111,0
llama3_8b,truthfulqa,65.83470106124878,1
llama3_8b,truthfulqa,58.56436491012573,0
llama3_8b,truthfulqa,71.21219635009766,1
llama3_8b,truthfulqa,69.00498270988464,1
llama3_8b,truthfulqa,61.77855134010315,0
llama3_8b,truthfulqa,58.59103202819824,1
llama3_8b,truthfulqa,68.05598735809326,0
llama3_8b,truthfulqa,68.70620846748352,0
llama3_8b,truthfulqa,70.26355266571045,0
llama3_8b,truthfulqa,60.50436496734619,0
llama3_8b,truthfulqa,76.95401906967163,0
llama3_8b,truthfulqa,66.93881154060364,1
llama3_8b,truthfulqa,70.68487405776978,0
llama3_8b,truthfulqa,70.99549770355225,0
llama3_8b,truthfulqa,63.878804445266724,0
llama3_8b,truthfulqa,69.12209391593933,0
llama3_8b,truthfulqa,61.81919574737549,0
llama3_8b,truthfulqa,65.66792130470276,1
llama3_8b,truthfulqa,57.53105878829956,0
llama3_8b,truthfulqa,55.011773109436035,1
llama3_8b,truthfulqa,69.51225399971008,0
llama3_8b,truthfulqa,63.61932158470154,1
llama3_8b,truthfulqa,61.26239895820618,0
llama3_8b,truthfulqa,61.13000512123108,0
llama3_8b,truthfulqa,65.38276076316833,0
llama3_8b,truthfulqa,72.84843325614929,1
llama3_8b,truthfulqa,59.702324867248535,1
llama3_8b,truthfulqa,59.57152247428894,0
llama3_8b,truthfulqa,69.0865695476532,0
llama3_8b,truthfulqa,65.11799097061157,1
llama3_8b,truthfulqa,63.15435171127319,1
llama3_8b,truthfulqa,66.5930986404419,0
llama3_8b,truthfulqa,74.15409684181213,0
llama3_8b,truthfulqa,67.41380095481873,1
llama3_8b,truthfulqa,68.55729818344116,0
llama3_8b,truthfulqa,64.39845561981201,1
llama3_8b,truthfulqa,65.10116457939148,0
llama3_8b,truthfulqa,56.00617527961731,1
llama3_8b,truthfulqa,69.61921453475952,0
llama3_8b,truthfulqa,63.40118050575256,0
llama3_8b,truthfulqa,85.78805327415466,1
llama3_8b,truthfulqa,67.41619110107422,0
llama3_8b,truthfulqa,69.88171339035034,0
llama3_8b,truthfulqa,53.917670249938965,1
llama3_8b,truthfulqa,65.41259288787842,0
llama3_8b,truthfulqa,66.62646532058716,1
llama3_8b,truthfulqa,63.65693807601929,1
llama3_8b,truthfulqa,67.97471046447754,1
llama3_8b,truthfulqa,64.459228515625,0
llama3_8b,truthfulqa,57.051581144332886,1
llama3_8b,truthfulqa,76.62596106529236,0
llama3_8b,truthfulqa,66.64372086524963,0
llama3_8b,truthfulqa,66.04287028312683,0
llama3_8b,truthfulqa,62.30124831199646,0
llama3_8b,truthfulqa,64.68217372894287,0
llama3_8b,truthfulqa,62.075066566467285,0
llama3_8b,truthfulqa,61.028116941452026,0
llama3_8b,truthfulqa,67.71442890167236,0
llama3_8b,truthfulqa,58.03406834602356,0
llama3_8b,truthfulqa,62.90207505226135,1
llama3_8b,truthfulqa,65.7915711402893,0
llama3_8b,truthfulqa,70.96925973892212,1
llama3_8b,truthfulqa,67.61850118637085,1
llama3_8b,truthfulqa,62.21393346786499,0
llama3_8b,truthfulqa,61.92108988761902,1
llama3_8b,truthfulqa,74.22469854354858,0
llama3_8b,truthfulqa,70.36017775535583,1
llama3_8b,truthfulqa,66.00016951560974,1
llama3_8b,truthfulqa,64.89037871360779,0
llama3_8b,truthfulqa,59.806424379348755,0
llama3_8b,truthfulqa,60.802870988845825,0
llama3_8b,truthfulqa,60.700368881225586,0
llama3_8b,truthfulqa,62.01448440551758,1
llama3_8b,truthfulqa,75.04522204399109,1
llama3_8b,truthfulqa,70.92453241348267,0
llama3_8b,truthfulqa,66.54557585716248,1
llama3_8b,truthfulqa,67.0705258846283,0
llama3_8b,truthfulqa,68.73350739479065,1
llama3_8b,truthfulqa,58.99355411529541,0
llama3_8b,truthfulqa,66.2965476512909,0
llama3_8b,truthfulqa,72.43431210517883,0
llama3_8b,truthfulqa,62.27126121520996,0
llama3_8b,truthfulqa,62.34104037284851,0
llama3_8b,truthfulqa,74.75088238716125,0
llama3_8b,truthfulqa,71.02702260017395,0
llama3_8b,truthfulqa,68.7913179397583,1
llama3_8b,truthfulqa,67.54284501075745,0
llama3_8b,truthfulqa,69.6165919303894,1
llama3_8b,truthfulqa,61.8044376373291,1
llama3_8b,truthfulqa,68.56759786605835,1
llama3_8b,truthfulqa,68.63877773284912,1
llama3_8b,truthfulqa,60.34274101257324,1
llama3_8b,truthfulqa,70.72868347167969,1
llama3_8b,truthfulqa,69.08562183380127,0
llama3_8b,truthfulqa,76.58280730247498,0
llama3_8b,truthfulqa,64.62879776954651,1
llama3_8b,truthfulqa,74.28591847419739,1
llama3_8b,truthfulqa,59.297770261764526,1
llama3_8b,truthfulqa,79.02055382728577,0
llama3_8b,truthfulqa,72.47793674468994,0
llama3_8b,truthfulqa,62.29056715965271,1
llama3_8b,truthfulqa,62.7208948135376,0
llama3_8b,truthfulqa,72.23537564277649,0
llama3_8b,truthfulqa,66.01554751396179,1
llama3_8b,truthfulqa,77.12480425834656,0
llama3_8b,truthfulqa,69.22433376312256,0
llama3_8b,truthfulqa,79.55204844474792,1
llama3_8b,truthfulqa,62.119072675704956,0
llama3_8b,truthfulqa,68.33604574203491,1
llama3_8b,truthfulqa,64.46998119354248,0
llama3_8b,truthfulqa,64.3413245677948,0
llama3_8b,truthfulqa,57.116150856018066,0
llama3_8b,truthfulqa,69.90529894828796,0
llama3_8b,truthfulqa,54.1592001914978,0
llama3_8b,truthfulqa,70.6280767917633,1
llama3_8b,truthfulqa,62.143075466156006,1
llama3_8b,truthfulqa,62.50244379043579,1
llama3_8b,truthfulqa,62.36639618873596,1
llama3_8b,truthfulqa,61.727118492126465,0
llama3_8b,truthfulqa,63.27979564666748,0
llama3_8b,truthfulqa,64.04539346694946,0
llama3_8b,truthfulqa,66.45451188087463,1
llama3_8b,truthfulqa,66.07254147529602,0
llama3_8b,truthfulqa,56.20710849761963,0
llama3_8b,truthfulqa,60.86428165435791,0
llama3_8b,truthfulqa,73.83788228034973,1
llama3_8b,truthfulqa,77.77994275093079,0
llama3_8b,truthfulqa,66.34507775306702,1
llama3_8b,truthfulqa,63.451212644577026,0
llama3_8b,truthfulqa,66.57739877700806,1
llama3_8b,truthfulqa,66.11158847808838,1
llama3_8b,truthfulqa,67.95909404754639,1
llama3_8b,truthfulqa,68.19986701011658,0
llama3_8b,truthfulqa,39.30415213108063,1
llama3_8b,truthfulqa,71.47891521453857,0
llama3_8b,truthfulqa,73.7611174583435,0
llama3_8b,truthfulqa,73.55489134788513,1
llama3_8b,truthfulqa,66.67788624763489,0
llama3_8b,truthfulqa,70.52751183509827,0
llama3_8b,truthfulqa,67.68237352371216,0
llama3_8b,truthfulqa,74.18371438980103,0
llama3_8b,truthfulqa,73.75944256782532,1
llama3_8b,truthfulqa,61.70967221260071,0
llama3_8b,truthfulqa,63.28994035720825,0
llama3_8b,truthfulqa,63.24319243431091,0
llama3_8b,truthfulqa,60.75523495674133,0
llama3_8b,truthfulqa,61.650556325912476,0
llama3_8b,truthfulqa,56.65979981422424,0
llama3_8b,truthfulqa,72.46644496917725,0
llama3_8b,truthfulqa,60.416245460510254,0
llama3_8b,truthfulqa,62.507081031799316,0
llama3_8b,truthfulqa,60.59655547142029,0
llama3_8b,truthfulqa,62.39749193191528,0
llama3_8b,truthfulqa,72.45169281959534,1
llama3_8b,truthfulqa,74.44561719894409,0
llama3_8b,truthfulqa,57.85682797431946,0
llama3_8b,truthfulqa,69.30724382400513,0
llama3_8b,truthfulqa,75.31459331512451,1
llama3_8b,truthfulqa,63.77488970756531,0
llama3_8b,truthfulqa,64.90724086761475,1
llama3_8b,truthfulqa,68.20734143257141,0
llama3_8b,truthfulqa,72.47880697250366,1
llama3_8b,truthfulqa,68.99901628494263,0
llama3_8b,truthfulqa,71.92854285240173,1
llama3_8b,truthfulqa,69.42383050918579,0
llama3_8b,truthfulqa,73.15835356712341,1
llama3_8b,truthfulqa,66.6688084602356,0
llama3_8b,truthfulqa,67.01583862304688,0
llama3_8b,truthfulqa,61.0637366771698,1
llama3_8b,truthfulqa,36.64447367191315,0
llama3_8b,truthfulqa,76.14312767982483,1
llama3_8b,truthfulqa,63.425636291503906,1
llama3_8b,truthfulqa,55.32419681549072,1
llama3_8b,truthfulqa,64.21868801116943,0
llama3_8b,truthfulqa,65.59327840805054,1
llama3_8b,truthfulqa,68.80795359611511,1
llama3_8b,truthfulqa,70.24163007736206,0
llama3_8b,truthfulqa,64.04865384101868,0
llama3_8b,truthfulqa,67.80251860618591,0
llama3_8b,truthfulqa,55.415940284729004,1
llama3_8b,truthfulqa,65.0770366191864,0
llama3_8b,truthfulqa,65.28308987617493,0
llama3_8b,truthfulqa,73.51799011230469,0
llama3_8b,truthfulqa,58.38112831115723,1
llama3_8b,truthfulqa,55.56038022041321,1
llama3_8b,truthfulqa,81.51635527610779,1
llama3_8b,truthfulqa,66.63306951522827,1
llama3_8b,truthfulqa,74.2586076259613,0
llama3_8b,truthfulqa,57.65829682350159,0
llama3_8b,truthfulqa,74.59021210670471,1
llama3_8b,truthfulqa,70.38664817810059,0
llama3_8b,truthfulqa,58.00800919532776,1
llama3_8b,truthfulqa,66.01052284240723,0
llama3_8b,truthfulqa,62.01369762420654,0
llama3_8b,truthfulqa,67.21060276031494,1
llama3_8b,truthfulqa,65.90631604194641,0
llama3_8b,truthfulqa,76.88269019126892,0
llama3_8b,truthfulqa,65.46409726142883,0
llama3_8b,truthfulqa,60.212743282318115,1
llama3_8b,truthfulqa,78.32599878311157,1
llama3_8b,truthfulqa,60.38793325424194,1
llama3_8b,truthfulqa,59.54935550689697,1
llama3_8b,truthfulqa,65.44475555419922,1
llama3_8b,truthfulqa,65.25953412055969,1
llama3_8b,truthfulqa,80.0564706325531,1
llama3_8b,truthfulqa,64.74400162696838,1
llama3_8b,truthfulqa,64.03008103370667,0
llama3_8b,truthfulqa,63.28451633453369,1
llama3_8b,truthfulqa,68.95740032196045,0
llama3_8b,truthfulqa,67.54553318023682,0
llama3_8b,truthfulqa,64.23784494400024,1
llama3_8b,truthfulqa,71.19594812393188,1
llama3_8b,truthfulqa,62.63588070869446,0
llama3_8b,truthfulqa,61.53930425643921,0
llama3_8b,truthfulqa,68.13676357269287,1
llama3_8b,truthfulqa,65.93486070632935,0
llama3_8b,truthfulqa,64.52131867408752,1
llama3_8b,truthfulqa,61.217790842056274,0
llama3_8b,truthfulqa,57.987672090530396,0
llama3_8b,truthfulqa,66.88463687896729,1
llama3_8b,truthfulqa,66.33140444755554,1
llama3_8b,truthfulqa,67.81553030014038,0
llama3_8b,truthfulqa,61.67756915092468,0
llama3_8b,truthfulqa,60.24941802024841,1
llama3_8b,truthfulqa,64.72284197807312,0
llama3_8b,truthfulqa,70.23724317550659,0
llama3_8b,truthfulqa,49.272552132606506,1
llama3_8b,truthfulqa,70.70391774177551,1
llama3_8b,truthfulqa,64.32591080665588,1
llama3_8b,truthfulqa,58.04240107536316,0
llama3_8b,truthfulqa,60.82682013511658,0
llama3_8b,truthfulqa,61.87447905540466,1
llama3_8b,truthfulqa,53.52522134780884,0
llama3_8b,truthfulqa,77.85190343856812,1
llama3_8b,truthfulqa,72.72647023200989,0
llama3_8b,truthfulqa,72.20461368560791,1
llama3_8b,truthfulqa,56.9904625415802,1
llama3_8b,truthfulqa,48.17028045654297,1
llama3_8b,truthfulqa,67.82569885253906,0
llama3_8b,truthfulqa,67.99304485321045,1
llama3_8b,truthfulqa,74.55201745033264,1
llama3_8b,truthfulqa,75.22844076156616,0
llama3_8b,truthfulqa,59.30357575416565,1
llama3_8b,truthfulqa,65.97101092338562,1
llama3_8b,truthfulqa,66.6259765625,1
llama3_8b,truthfulqa,62.91739344596863,1
llama3_8b,truthfulqa,76.7778754234314,1
llama3_8b,truthfulqa,73.80134463310242,1
llama3_8b,truthfulqa,69.80308294296265,0
llama3_8b,truthfulqa,60.60119867324829,1
llama3_8b,truthfulqa,63.66908550262451,1
llama3_8b,truthfulqa,69.79137659072876,0
llama3_8b,truthfulqa,72.05946445465088,0
llama3_8b,truthfulqa,65.49429297447205,1
llama3_8b,truthfulqa,70.89908719062805,0
llama3_8b,truthfulqa,61.76803112030029,1
llama3_8b,truthfulqa,72.1700668334961,0
llama3_8b,truthfulqa,69.89601254463196,0
llama3_8b,truthfulqa,63.06026577949524,0
llama3_8b,truthfulqa,79.54051494598389,1
llama3_8b,truthfulqa,65.28469920158386,1
llama3_8b,truthfulqa,63.97143006324768,1
llama3_8b,truthfulqa,65.5265748500824,0
llama3_8b,truthfulqa,62.885552644729614,1
llama3_8b,truthfulqa,69.32377815246582,0
llama3_8b,truthfulqa,59.58120822906494,1
llama3_8b,truthfulqa,66.72109365463257,1
llama3_8b,truthfulqa,60.92817783355713,0
llama3_8b,truthfulqa,58.12457799911499,1
llama3_8b,truthfulqa,66.33575558662415,1
llama3_8b,truthfulqa,53.58962416648865,0
llama3_8b,truthfulqa,70.31770944595337,0
llama3_8b,truthfulqa,64.33058381080627,0
llama3_8b,truthfulqa,75.9336531162262,1
llama3_8b,truthfulqa,63.608431816101074,1
llama3_8b,truthfulqa,73.88717532157898,0
llama3_8b,truthfulqa,61.563676595687866,0
llama3_8b,truthfulqa,68.92659068107605,1
llama3_8b,truthfulqa,56.761205196380615,1
llama3_8b,truthfulqa,48.554885387420654,0
llama3_8b,truthfulqa,64.2443835735321,0
llama3_8b,truthfulqa,64.08267021179199,1
llama3_8b,truthfulqa,72.5949227809906,0
llama3_8b,truthfulqa,67.71968603134155,0
llama3_8b,truthfulqa,61.42511963844299,0
llama3_8b,truthfulqa,59.68989133834839,1
llama3_8b,truthfulqa,62.61957287788391,1
llama3_8b,truthfulqa,81.33793473243713,0
llama3_8b,truthfulqa,73.18002581596375,1
llama3_8b,truthfulqa,59.220004081726074,0
llama3_8b,truthfulqa,62.28126287460327,1
llama3_8b,truthfulqa,69.02105808258057,1
llama3_8b,truthfulqa,63.90587091445923,0
llama3_8b,truthfulqa,63.777709007263184,1
llama3_8b,truthfulqa,57.51493573188782,0
llama3_8b,truthfulqa,62.60943412780762,1
llama3_8b,truthfulqa,63.520216941833496,0
llama3_8b,truthfulqa,61.10503673553467,1
llama3_8b,truthfulqa,66.31658673286438,1
llama3_8b,truthfulqa,67.97334551811218,1
llama3_8b,truthfulqa,65.88656902313232,1
llama3_8b,truthfulqa,75.3885805606842,0
llama3_8b,truthfulqa,71.53432965278625,1
llama3_8b,truthfulqa,68.36699843406677,1
llama3_8b,truthfulqa,72.4148154258728,0
llama3_8b,truthfulqa,60.972750186920166,1
llama3_8b,truthfulqa,62.093037366867065,0
llama3_8b,truthfulqa,57.56990909576416,0
llama3_8b,truthfulqa,61.69775128364563,0
llama3_8b,truthfulqa,64.42851424217224,1
llama3_8b,truthfulqa,72.71583676338196,0
llama3_8b,truthfulqa,60.77023148536682,1
llama3_8b,truthfulqa,66.35158061981201,0
llama3_8b,truthfulqa,59.3092679977417,1
llama3_8b,truthfulqa,53.66497039794922,1
llama3_8b,truthfulqa,66.89630150794983,1
llama3_8b,truthfulqa,63.81963491439819,1
llama3_8b,truthfulqa,60.90177297592163,0
llama3_8b,truthfulqa,67.93882846832275,1
llama3_8b,truthfulqa,66.08808636665344,0
llama3_8b,truthfulqa,66.02498888969421,1
llama3_8b,truthfulqa,66.87144637107849,0
llama3_8b,truthfulqa,66.98903441429138,0
llama3_8b,truthfulqa,68.40147972106934,1
llama3_8b,truthfulqa,78.28221917152405,1
llama3_8b,truthfulqa,69.9471116065979,0
llama3_8b,truthfulqa,70.07802724838257,0
llama3_8b,truthfulqa,81.76925778388977,0
llama3_8b,truthfulqa,75.97346305847168,0
llama3_8b,truthfulqa,73.46810102462769,0
llama3_8b,truthfulqa,59.23619270324707,0
llama3_8b,truthfulqa,58.74670147895813,1
llama3_8b,truthfulqa,61.79620623588562,0
llama3_8b,truthfulqa,85.22183299064636,1
llama3_8b,truthfulqa,65.77405333518982,1
llama3_8b,truthfulqa,66.97471141815186,1
llama3_8b,truthfulqa,62.69030570983887,0
llama3_8b,truthfulqa,67.25213527679443,0
llama3_8b,truthfulqa,54.300302267074585,0
llama3_8b,truthfulqa,58.20995569229126,1
llama3_8b,truthfulqa,62.617093324661255,0
llama3_8b,truthfulqa,57.46138095855713,0
llama3_8b,truthfulqa,59.6260666847229,0
llama3_8b,truthfulqa,67.64070391654968,0
llama3_8b,truthfulqa,68.45296621322632,1
llama3_8b,truthfulqa,76.14479064941406,1
llama3_8b,truthfulqa,71.7017114162445,1
llama3_8b,truthfulqa,56.01106286048889,0
llama3_8b,truthfulqa,63.99807929992676,0
llama3_8b,truthfulqa,66.7610228061676,0
llama3_8b,truthfulqa,73.72018694877625,0
llama3_8b,truthfulqa,25.38413107395172,0
llama3_8b,truthfulqa,59.604448080062866,1
llama3_8b,truthfulqa,62.007492780685425,0
llama3_8b,truthfulqa,72.23391532897949,1
llama3_8b,truthfulqa,63.252925872802734,0
llama3_8b,truthfulqa,59.95638966560364,0
llama3_8b,truthfulqa,66.19987487792969,0
llama3_8b,truthfulqa,68.35083961486816,1
llama3_8b,truthfulqa,62.56777048110962,0
llama3_8b,truthfulqa,63.9585018157959,0
llama3_8b,truthfulqa,69.71211433410645,1
llama3_8b,truthfulqa,71.07340097427368,1
llama3_8b,truthfulqa,67.62603521347046,0
llama3_8b,truthfulqa,69.08808946609497,0
llama3_8b,truthfulqa,59.57121253013611,0
llama3_8b,truthfulqa,67.26323962211609,0
llama3_8b,truthfulqa,59.402596950531006,1
llama3_8b,truthfulqa,75.38418769836426,0
llama3_8b,truthfulqa,66.29562973976135,0
llama3_8b,truthfulqa,58.31889510154724,0
llama3_8b,truthfulqa,62.25539445877075,1
llama3_8b,truthfulqa,60.214799642562866,0
llama3_8b,truthfulqa,64.15797472000122,0
llama3_8b,truthfulqa,70.00146508216858,1
llama3_8b,truthfulqa,64.8282527923584,0
llama3_8b,truthfulqa,69.83484029769897,1
llama3_8b,truthfulqa,65.05802869796753,0
llama3_8b,truthfulqa,63.166600465774536,1
llama3_8b,truthfulqa,76.26810669898987,0
llama3_8b,truthfulqa,74.74737763404846,0
llama3_8b,truthfulqa,67.78085827827454,1
llama3_8b,truthfulqa,77.49415636062622,1
llama3_8b,truthfulqa,65.29936790466309,0
llama3_8b,truthfulqa,66.84523224830627,0
llama3_8b,truthfulqa,60.771530866622925,0
llama3_8b,truthfulqa,61.64733171463013,0
llama3_8b,truthfulqa,60.13328433036804,0
llama3_8b,truthfulqa,61.354464292526245,1
llama3_8b,truthfulqa,62.08803057670593,1
llama3_8b,truthfulqa,58.50697159767151,0
llama3_8b,truthfulqa,66.5851891040802,0
llama3_8b,truthfulqa,66.63157939910889,0
llama3_8b,truthfulqa,71.35194540023804,0
llama3_8b,truthfulqa,79.15508151054382,1
llama3_8b,truthfulqa,78.58319282531738,0
llama3_8b,truthfulqa,72.06530570983887,1
llama3_8b,truthfulqa,71.69843912124634,0
llama3_8b,truthfulqa,59.11667346954346,0
llama3_8b,truthfulqa,71.61303758621216,1
llama3_8b,truthfulqa,66.43325090408325,1
llama3_8b,truthfulqa,52.84358263015747,0
llama3_8b,truthfulqa,60.45810580253601,1
llama3_8b,truthfulqa,63.030385971069336,0
llama3_8b,truthfulqa,82.66273736953735,0
llama3_8b,truthfulqa,65.71886539459229,0
llama3_8b,truthfulqa,73.37788343429565,0
llama3_8b,truthfulqa,66.77358150482178,0
llama3_8b,truthfulqa,68.70337128639221,0
llama3_8b,truthfulqa,70.2182412147522,0
llama3_8b,truthfulqa,62.38802671432495,0
llama3_8b,truthfulqa,63.37938904762268,0
llama3_8b,truthfulqa,66.42471551895142,0
llama3_8b,truthfulqa,63.64542245864868,1
llama3_8b,truthfulqa,74.8029351234436,1
llama3_8b,truthfulqa,67.47615337371826,0
llama3_8b,truthfulqa,63.070809841156006,1
llama3_8b,truthfulqa,51.28309726715088,0
llama3_8b,truthfulqa,58.81073474884033,1
llama3_8b,truthfulqa,64.19003009796143,1
llama3_8b,truthfulqa,68.89119744300842,1
llama3_8b,truthfulqa,73.91666173934937,1
llama3_8b,truthfulqa,70.19748091697693,0
llama3_8b,truthfulqa,58.359962701797485,1
llama3_8b,truthfulqa,59.248632192611694,0
llama3_8b,truthfulqa,67.58062839508057,1
llama3_8b,truthfulqa,60.552459955215454,0
llama3_8b,truthfulqa,59.593820571899414,1
llama3_8b,truthfulqa,69.90334987640381,1
llama3_8b,truthfulqa,77.10292935371399,0
llama3_8b,truthfulqa,66.55824184417725,1
llama3_8b,truthfulqa,62.853240966796875,0
llama3_8b,truthfulqa,75.89619159698486,1
llama3_8b,truthfulqa,67.7161455154419,0
llama3_8b,truthfulqa,72.96754717826843,1
llama3_8b,truthfulqa,70.75037956237793,1
llama3_8b,truthfulqa,63.913196325302124,1
llama3_8b,truthfulqa,65.60998558998108,1
llama3_8b,truthfulqa,67.65991449356079,1
llama3_8b,truthfulqa,68.26788187026978,1
llama3_8b,truthfulqa,61.15556359291077,1
llama3_8b,truthfulqa,72.40298986434937,0
llama3_8b,truthfulqa,64.11030292510986,1
llama3_8b,truthfulqa,63.76665234565735,1
llama3_8b,truthfulqa,63.00666332244873,1
llama3_8b,truthfulqa,67.57153272628784,0
llama3_8b,truthfulqa,64.92666602134705,1
llama3_8b,truthfulqa,59.67534780502319,0
llama3_8b,truthfulqa,55.69053888320923,0
llama3_8b,truthfulqa,68.21143627166748,1
llama3_8b,truthfulqa,67.40245223045349,1
llama3_8b,truthfulqa,69.62722539901733,1
llama3_8b,truthfulqa,66.96472764015198,1
llama3_8b,truthfulqa,73.88420104980469,0
llama3_8b,truthfulqa,69.85505819320679,0
llama3_8b,truthfulqa,68.90056133270264,0
llama3_8b,truthfulqa,56.247299909591675,0
llama3_8b,truthfulqa,65.05141258239746,1
llama3_8b,truthfulqa,58.9372456073761,1
llama3_8b,truthfulqa,60.004258155822754,1
llama3_8b,truthfulqa,74.591463804245,0
llama3_8b,truthfulqa,80.0875723361969,0
llama3_8b,truthfulqa,59.77584719657898,0
llama3_8b,truthfulqa,65.31408429145813,0
llama3_8b,truthfulqa,57.37735033035278,0
llama3_8b,truthfulqa,63.81227374076843,0
llama3_8b,truthfulqa,73.29443097114563,1
llama3_8b,truthfulqa,69.32544112205505,0
llama3_8b,truthfulqa,71.91579341888428,0
llama3_8b,truthfulqa,72.56820797920227,0
llama3_8b,truthfulqa,58.216750621795654,1
llama3_8b,truthfulqa,67.74119734764099,0
llama3_8b,truthfulqa,69.76271271705627,0
llama3_8b,truthfulqa,71.68359160423279,1
llama3_8b,truthfulqa,68.57637166976929,0
llama3_8b,truthfulqa,68.29275488853455,1
llama3_8b,truthfulqa,68.63755583763123,1
llama3_8b,truthfulqa,75.35156011581421,1
llama3_8b,truthfulqa,65.83110094070435,0
llama3_8b,truthfulqa,60.55605411529541,1
llama3_8b,truthfulqa,57.82697796821594,1
llama3_8b,truthfulqa,57.147932052612305,0
llama3_8b,truthfulqa,73.68810772895813,1
llama3_8b,truthfulqa,69.60097551345825,0
llama3_8b,truthfulqa,71.4447021484375,1
llama3_8b,truthfulqa,60.18041372299194,1
llama3_8b,truthfulqa,66.0240650177002,1
llama3_8b,truthfulqa,71.05472683906555,0
llama3_8b,truthfulqa,56.25462532043457,0
llama3_8b,truthfulqa,68.45152378082275,0
llama3_8b,truthfulqa,63.16555142402649,1
llama3_8b,truthfulqa,64.23776149749756,1
llama3_8b,truthfulqa,58.62380862236023,0
llama3_8b,truthfulqa,60.62877178192139,0
llama3_8b,truthfulqa,61.746519804000854,0
llama3_8b,truthfulqa,63.345396518707275,0
llama3_8b,truthfulqa,66.20680093765259,1
llama3_8b,truthfulqa,66.98864698410034,1
llama3_8b,truthfulqa,62.768757343292236,0
llama3_8b,truthfulqa,64.75045680999756,0
llama3_8b,truthfulqa,64.40584659576416,0
llama3_8b,truthfulqa,59.984636306762695,0
llama3_8b,truthfulqa,60.61846613883972,0
llama3_8b,truthfulqa,68.86168122291565,0
llama3_8b,truthfulqa,66.30221605300903,1
llama3_8b,truthfulqa,69.374680519104,1
llama3_8b,truthfulqa,82.65020847320557,0
llama3_8b,truthfulqa,62.03495264053345,1
llama3_8b,truthfulqa,65.29449224472046,0
llama3_8b,truthfulqa,71.71390056610107,1
llama3_8b,truthfulqa,58.33445191383362,0
llama3_8b,truthfulqa,69.65795755386353,1
llama3_8b,truthfulqa,0.6628872361034155,0
llama3_8b,truthfulqa,69.42893266677856,0
llama3_8b,truthfulqa,26.560840010643005,0
llama3_8b,truthfulqa,70.57483196258545,0
llama3_8b,truthfulqa,69.95201110839844,0
llama3_8b,truthfulqa,65.3423547744751,1
llama3_8b,truthfulqa,60.47239899635315,1
llama3_8b,truthfulqa,63.60864043235779,0
llama3_8b,truthfulqa,63.003021478652954,1
llama3_8b,truthfulqa,62.91847825050354,1
llama3_8b,truthfulqa,69.00280117988586,0
llama3_8b,truthfulqa,69.87271308898926,0
llama3_8b,truthfulqa,64.59148526191711,1
llama3_8b,truthfulqa,71.935373544693,0
llama3_8b,truthfulqa,77.5561273097992,0
llama3_8b,truthfulqa,70.71746587753296,1
llama3_8b,truthfulqa,67.97991991043091,0
llama3_8b,truthfulqa,63.64600658416748,1
llama3_8b,truthfulqa,61.60165071487427,0
llama3_8b,truthfulqa,58.969008922576904,0
llama3_8b,truthfulqa,59.20282006263733,0
llama3_8b,truthfulqa,67.25069284439087,1
llama3_8b,truthfulqa,63.67146372795105,1
llama3_8b,truthfulqa,63.116657733917236,0
llama3_8b,truthfulqa,62.547898292541504,0
llama3_8b,truthfulqa,72.61499166488647,1
llama3_8b,truthfulqa,69.2537248134613,1
llama3_8b,truthfulqa,60.646623373031616,0
llama3_8b,truthfulqa,75.0593900680542,0
llama3_8b,truthfulqa,69.82576847076416,0
llama3_8b,truthfulqa,52.67963409423828,1
llama3_8b,truthfulqa,68.53215098381042,0
llama3_8b,truthfulqa,63.46699595451355,1
llama3_8b,truthfulqa,58.349233865737915,1
llama3_8b,truthfulqa,61.04093790054321,0
llama3_8b,truthfulqa,59.702903032302856,0
llama3_8b,truthfulqa,64.41140174865723,1
llama3_8b,truthfulqa,62.731629610061646,0
llama3_8b,truthfulqa,68.91210079193115,1
llama3_8b,truthfulqa,67.14291572570801,1
llama3_8b,truthfulqa,79.92587089538574,1
llama3_8b,truthfulqa,74.11709427833557,0
llama3_8b,truthfulqa,60.61866283416748,0
llama3_8b,truthfulqa,59.39658880233765,1
llama3_8b,truthfulqa,68.45203638076782,1
llama3_8b,truthfulqa,69.60415840148926,1
llama3_8b,truthfulqa,76.50601267814636,1
llama3_8b,truthfulqa,61.58638596534729,1
llama3_8b,truthfulqa,63.86179327964783,0
llama3_8b,truthfulqa,65.70955514907837,1
llama3_8b,truthfulqa,69.2650556564331,1
llama3_8b,truthfulqa,71.89694046974182,0
llama3_8b,truthfulqa,65.88809490203857,0
llama3_8b,truthfulqa,63.759201765060425,0
llama3_8b,truthfulqa,55.74379563331604,1
llama3_8b,truthfulqa,62.60920166969299,1
llama3_8b,truthfulqa,74.58171844482422,0
llama3_8b,truthfulqa,62.64669895172119,1
llama3_8b,truthfulqa,60.66197752952576,1
llama3_8b,truthfulqa,58.49955081939697,1
llama3_8b,truthfulqa,63.392049074172974,0
llama3_8b,truthfulqa,72.00233340263367,0
llama3_8b,truthfulqa,74.10226464271545,0
llama3_8b,truthfulqa,64.44483995437622,1
llama3_8b,truthfulqa,73.79101514816284,0
llama3_8b,truthfulqa,68.57936978340149,0
llama3_8b,truthfulqa,62.376439571380615,0
llama3_8b,truthfulqa,62.859028577804565,1
llama3_8b,truthfulqa,66.68754816055298,0
llama3_8b,truthfulqa,62.994980812072754,1
llama3_8b,truthfulqa,59.96918082237244,1
llama3_8b,truthfulqa,69.2537248134613,1
llama3_8b,truthfulqa,60.97483038902283,0
llama3_8b,truthfulqa,64.98892307281494,0
llama3_8b,truthfulqa,60.31503081321716,1
llama3_8b,truthfulqa,61.75355315208435,0
llama3_8b,truthfulqa,62.4081552028656,0
llama3_8b,truthfulqa,67.55420565605164,0
llama3_8b,truthfulqa,67.93313026428223,0
llama3_8b,truthfulqa,52.30359435081482,0
llama3_8b,truthfulqa,65.33505916595459,0
llama3_8b,truthfulqa,70.40868997573853,0
llama3_8b,truthfulqa,70.3361988067627,1
llama3_8b,truthfulqa,69.41490769386292,1
llama3_8b,truthfulqa,66.03031754493713,1
llama3_8b,truthfulqa,63.64033222198486,1
llama3_8b,truthfulqa,64.78380560874939,1
llama3_8b,truthfulqa,60.600775480270386,1
llama3_8b,truthfulqa,67.68672466278076,0
llama3_8b,truthfulqa,71.97034358978271,0
llama3_8b,truthfulqa,67.25687980651855,1
llama3_8b,truthfulqa,81.35488629341125,0
llama3_8b,pavlick_nli,60.069262981414795,0
llama3_8b,pavlick_nli,57.687681913375854,1
llama3_8b,pavlick_nli,62.84359097480774,1
llama3_8b,pavlick_nli,58.88183116912842,0
llama3_8b,pavlick_nli,59.47619080543518,0
llama3_8b,pavlick_nli,58.72659087181091,0
llama3_8b,pavlick_nli,59.88420248031616,1
llama3_8b,pavlick_nli,57.60624408721924,0
llama3_8b,pavlick_nli,58.93979072570801,1
llama3_8b,pavlick_nli,60.843223333358765,1
llama3_8b,pavlick_nli,59.66291427612305,1
llama3_8b,pavlick_nli,59.59253907203674,1
llama3_8b,pavlick_nli,61.96945905685425,1
llama3_8b,pavlick_nli,62.825947999954224,0
llama3_8b,pavlick_nli,61.39509677886963,0
llama3_8b,pavlick_nli,60.43922305107117,0
llama3_8b,pavlick_nli,56.96418881416321,0
llama3_8b,pavlick_nli,59.78916883468628,0
llama3_8b,pavlick_nli,57.86747932434082,1
llama3_8b,pavlick_nli,57.36699104309082,1
llama3_8b,pavlick_nli,60.37546396255493,1
llama3_8b,pavlick_nli,58.17853808403015,0
llama3_8b,pavlick_nli,60.56748032569885,1
llama3_8b,pavlick_nli,62.870997190475464,1
llama3_8b,pavlick_nli,55.13813495635986,0
llama3_8b,pavlick_nli,61.25243902206421,1
llama3_8b,pavlick_nli,58.38381052017212,1
llama3_8b,pavlick_nli,58.667802810668945,1
llama3_8b,pavlick_nli,61.089444160461426,1
llama3_8b,pavlick_nli,59.42773222923279,1
llama3_8b,pavlick_nli,61.72719597816467,0
llama3_8b,pavlick_nli,56.801337003707886,0
llama3_8b,pavlick_nli,61.06659770011902,1
llama3_8b,pavlick_nli,61.31516695022583,0
llama3_8b,pavlick_nli,62.30054497718811,0
llama3_8b,pavlick_nli,62.631309032440186,1
llama3_8b,pavlick_nli,61.48025393486023,1
llama3_8b,pavlick_nli,59.611666202545166,1
llama3_8b,pavlick_nli,63.01029324531555,0
llama3_8b,pavlick_nli,58.64183306694031,0
llama3_8b,pavlick_nli,59.70602631568909,1
llama3_8b,pavlick_nli,58.29780697822571,1
llama3_8b,pavlick_nli,61.98326349258423,1
llama3_8b,pavlick_nli,57.555216550827026,1
llama3_8b,pavlick_nli,60.35880446434021,0
llama3_8b,pavlick_nli,58.88009071350098,1
llama3_8b,pavlick_nli,61.4393949508667,1
llama3_8b,pavlick_nli,58.63355994224548,0
llama3_8b,pavlick_nli,59.1799259185791,1
llama3_8b,pavlick_nli,55.706024169921875,1
llama3_8b,pavlick_nli,58.120131492614746,0
llama3_8b,pavlick_nli,60.64629554748535,1
llama3_8b,pavlick_nli,60.424959659576416,0
llama3_8b,pavlick_nli,59.636491537094116,0
llama3_8b,pavlick_nli,59.38451886177063,1
llama3_8b,pavlick_nli,61.445897817611694,1
llama3_8b,pavlick_nli,57.65986442565918,0
llama3_8b,pavlick_nli,62.786704301834106,1
llama3_8b,pavlick_nli,60.04936099052429,0
llama3_8b,pavlick_nli,58.53779315948486,0
llama3_8b,pavlick_nli,59.1780424118042,0
llama3_8b,pavlick_nli,58.99451971054077,0
llama3_8b,pavlick_nli,58.72931480407715,1
llama3_8b,pavlick_nli,62.09591031074524,1
llama3_8b,pavlick_nli,60.500162839889526,0
llama3_8b,pavlick_nli,58.35509896278381,1
llama3_8b,pavlick_nli,59.23123359680176,0
llama3_8b,pavlick_nli,60.13270616531372,0
llama3_8b,pavlick_nli,58.885014057159424,0
llama3_8b,pavlick_nli,59.99382138252258,0
llama3_8b,pavlick_nli,58.4750235080719,0
llama3_8b,pavlick_nli,57.02354907989502,0
llama3_8b,pavlick_nli,58.62548351287842,1
llama3_8b,pavlick_nli,59.71251726150513,1
llama3_8b,pavlick_nli,60.349059104919434,1
llama3_8b,pavlick_nli,57.19420909881592,0
llama3_8b,pavlick_nli,58.50157141685486,1
llama3_8b,pavlick_nli,63.20295333862305,0
llama3_8b,pavlick_nli,56.56132698059082,1
llama3_8b,pavlick_nli,59.0503454208374,0
llama3_8b,pavlick_nli,61.370450258255005,0
llama3_8b,pavlick_nli,56.2224805355072,0
llama3_8b,pavlick_nli,57.51997232437134,1
llama3_8b,pavlick_nli,59.04085636138916,1
llama3_8b,pavlick_nli,61.26776933670044,1
llama3_8b,pavlick_nli,63.092225790023804,1
llama3_8b,pavlick_nli,57.89926052093506,1
llama3_8b,pavlick_nli,63.467925786972046,1
llama3_8b,pavlick_nli,62.6604437828064,1
llama3_8b,pavlick_nli,58.25356841087341,1
llama3_8b,pavlick_nli,58.676910400390625,1
llama3_8b,pavlick_nli,61.46939992904663,1
llama3_8b,pavlick_nli,60.151124000549316,0
llama3_8b,pavlick_nli,62.276750802993774,1
llama3_8b,pavlick_nli,59.500670433044434,0
llama3_8b,pavlick_nli,61.458128690719604,1
llama3_8b,pavlick_nli,61.20386719703674,0
llama3_8b,pavlick_nli,59.633225202560425,1
llama3_8b,pavlick_nli,61.84647083282471,1
llama3_8b,pavlick_nli,59.50827598571777,0
llama3_8b,pavlick_nli,58.861327171325684,1
llama3_8b,pavlick_nli,56.05762004852295,0
llama3_8b,pavlick_nli,58.72203707695007,0
llama3_8b,pavlick_nli,59.64964032173157,0
llama3_8b,pavlick_nli,56.73056244850159,1
llama3_8b,pavlick_nli,58.592915534973145,1
llama3_8b,pavlick_nli,59.484708309173584,1
llama3_8b,pavlick_nli,59.192079305648804,0
llama3_8b,pavlick_nli,59.56399440765381,1
llama3_8b,pavlick_nli,55.891454219818115,0
llama3_8b,pavlick_nli,56.68553113937378,0
llama3_8b,pavlick_nli,58.59944224357605,0
llama3_8b,pavlick_nli,59.64474678039551,0
llama3_8b,pavlick_nli,57.27817416191101,1
llama3_8b,pavlick_nli,59.52159762382507,0
llama3_8b,pavlick_nli,60.77284812927246,0
llama3_8b,pavlick_nli,60.61444282531738,0
llama3_8b,pavlick_nli,62.72664666175842,0
llama3_8b,pavlick_nli,60.21723747253418,1
llama3_8b,pavlick_nli,61.390918493270874,1
llama3_8b,pavlick_nli,61.01987361907959,1
llama3_8b,pavlick_nli,59.341198205947876,1
llama3_8b,pavlick_nli,60.44033765792847,0
llama3_8b,pavlick_nli,58.538490533828735,0
llama3_8b,pavlick_nli,58.08365345001221,0
llama3_8b,pavlick_nli,61.03602051734924,1
llama3_8b,pavlick_nli,59.768372774124146,1
llama3_8b,pavlick_nli,58.76129865646362,1
llama3_8b,pavlick_nli,60.401421785354614,1
llama3_8b,pavlick_nli,59.09284949302673,1
llama3_8b,pavlick_nli,59.778642654418945,1
llama3_8b,pavlick_nli,60.21614670753479,1
llama3_8b,pavlick_nli,57.87767171859741,1
llama3_8b,pavlick_nli,63.22268843650818,1
llama3_8b,pavlick_nli,61.62270903587341,1
llama3_8b,pavlick_nli,58.074331283569336,1
llama3_8b,pavlick_nli,60.60680150985718,0
llama3_8b,pavlick_nli,60.11804938316345,0
llama3_8b,pavlick_nli,58.90088677406311,1
llama3_8b,pavlick_nli,57.529276609420776,0
llama3_8b,pavlick_nli,59.45544242858887,0
llama3_8b,pavlick_nli,58.94696116447449,0
llama3_8b,pavlick_nli,60.33228635787964,1
llama3_8b,pavlick_nli,58.129388093948364,0
llama3_8b,pavlick_nli,57.04094171524048,0
llama3_8b,pavlick_nli,58.96782875061035,0
llama3_8b,pavlick_nli,58.64831209182739,1
llama3_8b,pavlick_nli,61.24153733253479,1
llama3_8b,pavlick_nli,60.54841876029968,1
llama3_8b,pavlick_nli,59.421879053115845,0
llama3_8b,pavlick_nli,60.71076989173889,0
llama3_8b,pavlick_nli,58.51824879646301,1
llama3_8b,pavlick_nli,62.95024752616882,1
llama3_8b,pavlick_nli,60.035836696624756,1
llama3_8b,pavlick_nli,58.82347226142883,1
llama3_8b,pavlick_nli,60.62300205230713,1
llama3_8b,pavlick_nli,59.60386395454407,1
llama3_8b,pavlick_nli,59.22907590866089,1
llama3_8b,pavlick_nli,57.11068511009216,1
llama3_8b,pavlick_nli,59.475016593933105,1
llama3_8b,pavlick_nli,60.27027368545532,0
llama3_8b,pavlick_nli,59.52635407447815,1
llama3_8b,pavlick_nli,58.18559527397156,0
llama3_8b,pavlick_nli,57.13851451873779,0
llama3_8b,pavlick_nli,54.10906672477722,0
llama3_8b,pavlick_nli,58.18018913269043,0
llama3_8b,pavlick_nli,59.255802631378174,0
llama3_8b,pavlick_nli,58.36239457130432,0
llama3_8b,pavlick_nli,58.401209115982056,1
llama3_8b,pavlick_nli,58.07165503501892,0
llama3_8b,pavlick_nli,57.99848437309265,0
llama3_8b,pavlick_nli,61.33672595024109,0
llama3_8b,pavlick_nli,58.54438543319702,0
llama3_8b,pavlick_nli,57.651472091674805,1
llama3_8b,pavlick_nli,66.2814199924469,1
llama3_8b,pavlick_nli,61.25196814537048,0
llama3_8b,pavlick_nli,60.14379858970642,0
llama3_8b,pavlick_nli,60.93689203262329,0
llama3_8b,pavlick_nli,62.20202445983887,0
llama3_8b,pavlick_nli,59.326761960983276,0
llama3_8b,pavlick_nli,57.6795220375061,0
llama3_8b,pavlick_nli,58.89101028442383,1
llama3_8b,pavlick_nli,58.178871870040894,0
llama3_8b,pavlick_nli,61.10959053039551,0
llama3_8b,pavlick_nli,60.938674211502075,0
llama3_8b,pavlick_nli,59.20208692550659,1
llama3_8b,pavlick_nli,60.59942841529846,1
llama3_8b,pavlick_nli,61.03346347808838,1
llama3_8b,pavlick_nli,59.210145473480225,1
llama3_8b,pavlick_nli,58.07047486305237,1
llama3_8b,pavlick_nli,59.285807609558105,0
llama3_8b,pavlick_nli,57.43219256401062,1
llama3_8b,pavlick_nli,56.92175030708313,0
llama3_8b,pavlick_nli,60.439783334732056,0
llama3_8b,pavlick_nli,60.79694628715515,1
llama3_8b,pavlick_nli,57.26270079612732,0
llama3_8b,pavlick_nli,57.78694748878479,1
llama3_8b,pavlick_nli,59.07549262046814,0
llama3_8b,pavlick_nli,61.6041362285614,0
llama3_8b,pavlick_nli,57.17896223068237,0
llama3_8b,pavlick_nli,58.93506407737732,0
llama3_8b,pavlick_nli,59.86769199371338,1
llama3_8b,pavlick_nli,61.411720514297485,1
llama3_8b,pavlick_nli,59.48622226715088,1
llama3_8b,pavlick_nli,60.70181131362915,1
llama3_8b,pavlick_nli,57.717615365982056,1
llama3_8b,pavlick_nli,57.74579644203186,0
llama3_8b,pavlick_nli,57.93840289115906,1
llama3_8b,pavlick_nli,61.415743827819824,1
llama3_8b,pavlick_nli,58.80829095840454,1
llama3_8b,pavlick_nli,66.54077172279358,0
llama3_8b,pavlick_nli,58.850955963134766,0
llama3_8b,pavlick_nli,58.98864269256592,1
llama3_8b,pavlick_nli,59.478819370269775,1
llama3_8b,pavlick_nli,57.25829601287842,0
llama3_8b,pavlick_nli,59.07197594642639,0
llama3_8b,pavlick_nli,62.12398409843445,1
llama3_8b,pavlick_nli,60.14886498451233,0
llama3_8b,pavlick_nli,61.79015636444092,1
llama3_8b,pavlick_nli,61.23014688491821,1
llama3_8b,pavlick_nli,58.987802267074585,1
llama3_8b,pavlick_nli,61.58714294433594,1
llama3_8b,pavlick_nli,63.45365643501282,1
llama3_8b,pavlick_nli,60.66277027130127,0
llama3_8b,pavlick_nli,56.198424100875854,1
llama3_8b,pavlick_nli,58.22986364364624,0
llama3_8b,pavlick_nli,60.4736328125,0
llama3_8b,pavlick_nli,56.88019394874573,0
llama3_8b,pavlick_nli,60.423511266708374,1
llama3_8b,pavlick_nli,59.975260496139526,1
llama3_8b,pavlick_nli,57.26693868637085,0
llama3_8b,pavlick_nli,57.29185342788696,1
llama3_8b,pavlick_nli,61.12439036369324,1
llama3_8b,pavlick_nli,59.442806243896484,1
llama3_8b,pavlick_nli,59.88853573799133,0
llama3_8b,pavlick_nli,61.45033836364746,0
llama3_8b,pavlick_nli,59.54635143280029,1
llama3_8b,pavlick_nli,62.04107999801636,1
llama3_8b,pavlick_nli,61.30828857421875,1
llama3_8b,pavlick_nli,59.866440296173096,0
llama3_8b,pavlick_nli,58.33677053451538,1
llama3_8b,pavlick_nli,62.06520199775696,0
llama3_8b,pavlick_nli,60.11948585510254,1
llama3_8b,pavlick_nli,59.555649757385254,0
llama3_8b,pavlick_nli,61.82190775871277,1
llama3_8b,pavlick_nli,60.82955598831177,1
llama3_8b,pavlick_nli,59.877556562423706,1
llama3_8b,pavlick_nli,58.12616944313049,0
llama3_8b,pavlick_nli,60.09052395820618,1
llama3_8b,pavlick_nli,62.068116664886475,0
llama3_8b,pavlick_nli,58.92990231513977,0
llama3_8b,pavlick_nli,60.24283766746521,0
llama3_8b,pavlick_nli,60.32058596611023,1
llama3_8b,pavlick_nli,59.758061170578,1
llama3_8b,pavlick_nli,58.21569561958313,0
llama3_8b,pavlick_nli,59.44055914878845,1
llama3_8b,pavlick_nli,54.529786109924316,0
llama3_8b,pavlick_nli,58.84304642677307,0
llama3_8b,pavlick_nli,59.09164547920227,1
llama3_8b,pavlick_nli,58.50769281387329,1
llama3_8b,pavlick_nli,58.37391018867493,1
llama3_8b,pavlick_nli,59.00223255157471,1
llama3_8b,pavlick_nli,58.254075050354004,1
llama3_8b,pavlick_nli,57.61803984642029,0
llama3_8b,pavlick_nli,60.151439905166626,1
llama3_8b,pavlick_nli,61.061614751815796,1
llama3_8b,pavlick_nli,60.906487703323364,1
llama3_8b,pavlick_nli,59.74315404891968,0
llama3_8b,pavlick_nli,59.8926305770874,1
llama3_8b,pavlick_nli,57.973843812942505,1
llama3_8b,pavlick_nli,58.714836835861206,1
llama3_8b,pavlick_nli,61.6655707359314,1
llama3_8b,pavlick_nli,57.24308490753174,1
llama3_8b,pavlick_nli,57.07992911338806,0
llama3_8b,pavlick_nli,63.018620014190674,1
llama3_8b,pavlick_nli,64.32119607925415,0
llama3_8b,pavlick_nli,62.63541579246521,1
llama3_8b,pavlick_nli,57.13992118835449,0
llama3_8b,pavlick_nli,57.340437173843384,1
llama3_8b,pavlick_nli,57.367706298828125,1
llama3_8b,pavlick_nli,59.06222462654114,1
llama3_8b,pavlick_nli,59.94699001312256,1
llama3_8b,pavlick_nli,61.388975381851196,1
llama3_8b,pavlick_nli,60.410165786743164,1
llama3_8b,pavlick_nli,58.53168964385986,1
llama3_8b,pavlick_nli,58.50777626037598,0
llama3_8b,pavlick_nli,56.43607974052429,1
llama3_8b,pavlick_nli,60.993510484695435,1
llama3_8b,pavlick_nli,62.75971531867981,1
llama3_8b,pavlick_nli,59.93388295173645,1
llama3_8b,pavlick_nli,56.44497871398926,0
llama3_8b,pavlick_nli,58.18939805030823,1
llama3_8b,pavlick_nli,57.77830481529236,0
llama3_8b,pavlick_nli,55.697137117385864,1
llama3_8b,pavlick_nli,57.428765296936035,0
llama3_8b,pavlick_nli,57.462531328201294,0
llama3_8b,pavlick_nli,61.27064228057861,0
llama3_8b,pavlick_nli,62.14871406555176,1
llama3_8b,pavlick_nli,59.61706042289734,1
llama3_8b,pavlick_nli,60.95550060272217,1
llama3_8b,pavlick_nli,56.96547031402588,0
llama3_8b,pavlick_nli,57.65501260757446,1
llama3_8b,pavlick_nli,56.540483236312866,0
llama3_8b,pavlick_nli,59.994131326675415,1
llama3_8b,pavlick_nli,59.36736464500427,1
llama3_8b,pavlick_nli,59.50481295585632,0
llama3_8b,pavlick_nli,60.94987988471985,1
llama3_8b,pavlick_nli,60.481345653533936,1
llama3_8b,pavlick_nli,59.136974811553955,0
llama3_8b,pavlick_nli,57.083696126937866,0
llama3_8b,pavlick_nli,57.20258355140686,0
llama3_8b,pavlick_nli,58.12242031097412,1
llama3_8b,pavlick_nli,56.88209533691406,1
llama3_8b,pavlick_nli,59.24331545829773,1
llama3_8b,pavlick_nli,59.00105834007263,0
llama3_8b,pavlick_nli,60.31688451766968,1
llama3_8b,pavlick_nli,59.26792621612549,0
llama3_8b,pavlick_nli,60.88883876800537,1
llama3_8b,pavlick_nli,61.071282625198364,0
llama3_8b,pavlick_nli,61.390918493270874,1
llama3_8b,pavlick_nli,61.45022511482239,0
llama3_8b,pavlick_nli,63.18345069885254,1
llama3_8b,pavlick_nli,57.00393319129944,1
llama3_8b,pavlick_nli,60.53394079208374,0
llama3_8b,pavlick_nli,61.7139458656311,0
llama3_8b,pavlick_nli,60.7852578163147,1
llama3_8b,pavlick_nli,60.76666712760925,0
llama3_8b,pavlick_nli,59.92853045463562,0
llama3_8b,pavlick_nli,54.59239482879639,1
llama3_8b,pavlick_nli,58.12194347381592,1
llama3_8b,pavlick_nli,58.953213691711426,0
llama3_8b,pavlick_nli,59.40372347831726,0
llama3_8b,pavlick_nli,59.894198179244995,1
llama3_8b,pavlick_nli,57.22576379776001,0
llama3_8b,pavlick_nli,60.175782442092896,0
llama3_8b,pavlick_nli,59.196263551712036,1
llama3_8b,pavlick_nli,62.31611967086792,1
llama3_8b,pavlick_nli,59.84918475151062,1
llama3_8b,pavlick_nli,58.80817770957947,0
llama3_8b,pavlick_nli,59.31795835494995,0
llama3_8b,pavlick_nli,59.567952156066895,1
llama3_8b,pavlick_nli,59.097206592559814,1
llama3_8b,pavlick_nli,56.598806381225586,0
llama3_8b,pavlick_nli,60.09269952774048,1
llama3_8b,pavlick_nli,62.67128586769104,1
llama3_8b,pavlick_nli,61.57137155532837,0
llama3_8b,pavlick_nli,55.65292835235596,1
llama3_8b,pavlick_nli,55.764222145080566,1
llama3_8b,pavlick_nli,60.66017150878906,0
llama3_8b,pavlick_nli,60.44917106628418,1
llama3_8b,pavlick_nli,60.15820503234863,1
llama3_8b,pavlick_nli,58.77380967140198,0
llama3_8b,pavlick_nli,62.60080933570862,1
llama3_8b,pavlick_nli,58.272433280944824,1
llama3_8b,pavlick_nli,59.024691581726074,0
llama3_8b,pavlick_nli,57.93037414550781,1
llama3_8b,pavlick_nli,59.85909700393677,1
llama3_8b,pavlick_nli,59.85896587371826,1
llama3_8b,pavlick_nli,58.680033683776855,1
llama3_8b,pavlick_nli,61.91756725311279,1
llama3_8b,pavlick_nli,59.89099740982056,0
llama3_8b,pavlick_nli,56.78417086601257,1
llama3_8b,pavlick_nli,58.063554763793945,0
llama3_8b,pavlick_nli,59.41228270530701,1
llama3_8b,pavlick_nli,56.42114281654358,1
llama3_8b,pavlick_nli,61.1869752407074,1
llama3_8b,pavlick_nli,56.89508318901062,1
llama3_8b,pavlick_nli,58.587461709976196,1
llama3_8b,pavlick_nli,58.30574035644531,1
llama3_8b,pavlick_nli,63.45263123512268,1
llama3_8b,pavlick_nli,59.820157289505005,0
llama3_8b,pavlick_nli,61.163848638534546,1
llama3_8b,pavlick_nli,58.31444263458252,0
llama3_8b,pavlick_nli,61.42414212226868,1
llama3_8b,pavlick_nli,54.76568341255188,1
llama3_8b,pavlick_nli,60.90698838233948,0
llama3_8b,pavlick_nli,60.22126078605652,1
llama3_8b,pavlick_nli,57.90080428123474,1
llama3_8b,pavlick_nli,58.789896965026855,0
llama3_8b,pavlick_nli,57.565927505493164,0
llama3_8b,pavlick_nli,60.59401035308838,0
llama3_8b,pavlick_nli,60.46031713485718,1
llama3_8b,pavlick_nli,60.044991970062256,0
llama3_8b,pavlick_nli,57.53782391548157,1
llama3_8b,pavlick_nli,58.19023847579956,1
llama3_8b,pavlick_nli,60.790830850601196,1
llama3_8b,pavlick_nli,60.49523949623108,1
llama3_8b,pavlick_nli,59.711480140686035,0
llama3_8b,pavlick_nli,59.54402685165405,1
llama3_8b,pavlick_nli,57.90778398513794,1
llama3_8b,pavlick_nli,58.9077889919281,1
llama3_8b,pavlick_nli,60.78019142150879,0
llama3_8b,pavlick_nli,57.69927501678467,1
llama3_8b,pavlick_nli,58.86434316635132,1
llama3_8b,pavlick_nli,59.04402732849121,1
llama3_8b,pavlick_nli,57.896822690963745,1
llama3_8b,pavlick_nli,59.23835039138794,1
llama3_8b,pavlick_nli,59.813547134399414,1
llama3_8b,pavlick_nli,59.17200446128845,0
llama3_8b,pavlick_nli,60.577183961868286,1
llama3_8b,pavlick_nli,60.20088195800781,0
llama3_8b,pavlick_nli,60.73011755943298,1
llama3_8b,pavlick_nli,60.501980781555176,1
llama3_8b,pavlick_nli,57.88432955741882,0
llama3_8b,pavlick_nli,60.29347777366638,1
llama3_8b,pavlick_nli,57.86369442939758,1
llama3_8b,pavlick_nli,59.04271602630615,1
llama3_8b,pavlick_nli,61.016517877578735,1
llama3_8b,pavlick_nli,61.761730909347534,0
llama3_8b,pavlick_nli,62.3954176902771,1
llama3_8b,pavlick_nli,60.00276803970337,0
llama3_8b,pavlick_nli,54.98518943786621,0
llama3_8b,pavlick_nli,59.593528509140015,0
llama3_8b,pavlick_nli,58.40387940406799,0
llama3_8b,pavlick_nli,58.57612490653992,0
llama3_8b,pavlick_nli,60.024815797805786,0
llama3_8b,pavlick_nli,55.73253035545349,0
llama3_8b,pavlick_nli,57.322126626968384,1
llama3_8b,pavlick_nli,61.94268465042114,1
llama3_8b,pavlick_nli,58.75296592712402,1
llama3_8b,pavlick_nli,58.2857608795166,0
llama3_8b,pavlick_nli,60.3975772857666,0
llama3_8b,pavlick_nli,56.26709461212158,0
llama3_8b,pavlick_nli,59.58957076072693,1
llama3_8b,pavlick_nli,59.92119312286377,0
llama3_8b,pavlick_nli,60.602086782455444,0
llama3_8b,pavlick_nli,59.80707406997681,0
llama3_8b,pavlick_nli,56.77174925804138,1
llama3_8b,pavlick_nli,58.40911865234375,1
llama3_8b,pavlick_nli,57.60757923126221,0
llama3_8b,pavlick_nli,60.46701669692993,1
llama3_8b,pavlick_nli,58.21652412414551,0
llama3_8b,pavlick_nli,60.746610164642334,0
llama3_8b,pavlick_nli,58.91868472099304,1
llama3_8b,pavlick_nli,61.367666721343994,1
llama3_8b,pavlick_nli,57.72533416748047,1
llama3_8b,pavlick_nli,58.37980508804321,0
llama3_8b,pavlick_nli,60.461580753326416,1
llama3_8b,pavlick_nli,58.28819274902344,0
llama3_8b,pavlick_nli,59.56125855445862,1
llama3_8b,pavlick_nli,57.26609230041504,1
llama3_8b,pavlick_nli,58.838456869125366,0
llama3_8b,pavlick_nli,59.03070569038391,1
llama3_8b,pavlick_nli,60.86360812187195,0
llama3_8b,pavlick_nli,64.11570906639099,0
llama3_8b,pavlick_nli,58.3993136882782,0
llama3_8b,pavlick_nli,57.90171027183533,1
llama3_8b,pavlick_nli,58.1637442111969,0
llama3_8b,pavlick_nli,57.63649940490723,1
llama3_8b,pavlick_nli,60.54786443710327,1
llama3_8b,pavlick_nli,58.78497362136841,0
llama3_8b,pavlick_nli,58.519768714904785,1
llama3_8b,pavlick_nli,60.98334193229675,1
llama3_8b,pavlick_nli,59.98094081878662,0
llama3_8b,pavlick_nli,56.784820556640625,0
llama3_8b,pavlick_nli,58.80795121192932,0
llama3_8b,pavlick_nli,61.87108755111694,1
llama3_8b,pavlick_nli,58.889442682266235,0
llama3_8b,pavlick_nli,55.66865801811218,1
llama3_8b,pavlick_nli,61.83009147644043,0
llama3_8b,pavlick_nli,58.86050462722778,1
llama3_8b,pavlick_nli,65.61433672904968,1
llama3_8b,pavlick_nli,59.01209115982056,1
llama3_8b,pavlick_nli,59.45215821266174,0
llama3_8b,pavlick_nli,60.3010892868042,1
llama3_8b,pavlick_nli,59.21053886413574,0
llama3_8b,pavlick_nli,58.517563343048096,0
llama3_8b,pavlick_nli,62.02341318130493,1
llama3_8b,pavlick_nli,61.29304766654968,1
llama3_8b,pavlick_nli,59.12742614746094,0
llama3_8b,pavlick_nli,58.669137954711914,1
llama3_8b,pavlick_nli,60.20371913909912,0
llama3_8b,pavlick_nli,60.041600465774536,1
llama3_8b,pavlick_nli,58.464229106903076,0
llama3_8b,pavlick_nli,62.18963861465454,1
llama3_8b,pavlick_nli,58.63552689552307,1
llama3_8b,pavlick_nli,60.88685393333435,1
llama3_8b,pavlick_nli,63.1237268447876,1
llama3_8b,pavlick_nli,62.19022870063782,0
llama3_8b,pavlick_nli,58.08435678482056,0
llama3_8b,pavlick_nli,55.88216185569763,1
llama3_8b,pavlick_nli,58.78801941871643,1
llama3_8b,pavlick_nli,58.23600888252258,0
llama3_8b,pavlick_nli,60.09140610694885,0
llama3_8b,pavlick_nli,59.059327840805054,1
llama3_8b,pavlick_nli,60.36481857299805,0
llama3_8b,pavlick_nli,57.914745807647705,1
llama3_8b,pavlick_nli,55.51115274429321,0
llama3_8b,pavlick_nli,60.04650592803955,1
llama3_8b,pavlick_nli,61.246055364608765,1
llama3_8b,pavlick_nli,59.1525137424469,1
llama3_8b,pavlick_nli,58.70487093925476,1
llama3_8b,pavlick_nli,59.25154089927673,0
llama3_8b,pavlick_nli,59.15658473968506,0
llama3_8b,pavlick_nli,60.03575325012207,1
llama3_8b,pavlick_nli,62.26754188537598,1
mistral_7b,truthfulqa,53.982776403427124,0
mistral_7b,truthfulqa,65.81328511238098,1
mistral_7b,truthfulqa,45.602309703826904,1
mistral_7b,truthfulqa,52.98085808753967,1
mistral_7b,truthfulqa,53.95594239234924,1
mistral_7b,truthfulqa,46.849068999290466,0
mistral_7b,truthfulqa,53.453630208969116,0
mistral_7b,truthfulqa,49.07716512680054,0
mistral_7b,truthfulqa,60.60296893119812,1
mistral_7b,truthfulqa,46.91323935985565,0
mistral_7b,truthfulqa,40.839096903800964,0
mistral_7b,truthfulqa,43.93543899059296,0
mistral_7b,truthfulqa,61.42630577087402,1
mistral_7b,truthfulqa,51.278477907180786,0
mistral_7b,truthfulqa,50.620388984680176,0
mistral_7b,truthfulqa,59.3045175075531,0
mistral_7b,truthfulqa,56.557273864746094,0
mistral_7b,truthfulqa,40.21634757518768,0
mistral_7b,truthfulqa,47.14332818984985,1
mistral_7b,truthfulqa,53.72052192687988,0
mistral_7b,truthfulqa,52.55400538444519,1
mistral_7b,truthfulqa,53.722208738327026,1
mistral_7b,truthfulqa,43.85761916637421,0
mistral_7b,truthfulqa,42.14963614940643,0
mistral_7b,truthfulqa,61.6955041885376,1
mistral_7b,truthfulqa,53.63461971282959,0
mistral_7b,truthfulqa,39.867737889289856,1
mistral_7b,truthfulqa,41.26134216785431,0
mistral_7b,truthfulqa,55.47505021095276,1
mistral_7b,truthfulqa,44.10100281238556,1
mistral_7b,truthfulqa,39.634689688682556,0
mistral_7b,truthfulqa,47.44692146778107,0
mistral_7b,truthfulqa,54.353880882263184,0
mistral_7b,truthfulqa,42.69770681858063,1
mistral_7b,truthfulqa,42.02905297279358,0
mistral_7b,truthfulqa,56.99834227561951,0
mistral_7b,truthfulqa,53.12049984931946,0
mistral_7b,truthfulqa,46.92579209804535,0
mistral_7b,truthfulqa,45.86789608001709,0
mistral_7b,truthfulqa,45.463958382606506,0
mistral_7b,truthfulqa,64.66556787490845,0
mistral_7b,truthfulqa,42.338669300079346,0
mistral_7b,truthfulqa,37.90519833564758,0
mistral_7b,truthfulqa,50.94403028488159,1
mistral_7b,truthfulqa,52.68954634666443,1
mistral_7b,truthfulqa,57.47898817062378,1
mistral_7b,truthfulqa,49.37829077243805,1
mistral_7b,truthfulqa,60.17215847969055,0
mistral_7b,truthfulqa,57.68037438392639,0
mistral_7b,truthfulqa,52.36089825630188,0
mistral_7b,truthfulqa,49.079349637031555,1
mistral_7b,truthfulqa,53.13238501548767,1
mistral_7b,truthfulqa,42.557740211486816,0
mistral_7b,truthfulqa,61.39782667160034,0
mistral_7b,truthfulqa,56.33037090301514,0
mistral_7b,truthfulqa,53.98740768432617,1
mistral_7b,truthfulqa,46.66224718093872,1
mistral_7b,truthfulqa,62.50661611557007,1
mistral_7b,truthfulqa,55.661290884017944,0
mistral_7b,truthfulqa,44.33973431587219,0
mistral_7b,truthfulqa,41.878777742385864,1
mistral_7b,truthfulqa,56.77065849304199,0
mistral_7b,truthfulqa,47.59264290332794,1
mistral_7b,truthfulqa,50.91615915298462,1
mistral_7b,truthfulqa,40.93513488769531,1
mistral_7b,truthfulqa,63.825827836990356,1
mistral_7b,truthfulqa,56.53679370880127,0
mistral_7b,truthfulqa,47.802937030792236,0
mistral_7b,truthfulqa,43.00827383995056,0
mistral_7b,truthfulqa,62.98307180404663,0
mistral_7b,truthfulqa,63.6177122592926,1
mistral_7b,truthfulqa,49.317535758018494,0
mistral_7b,truthfulqa,43.53243112564087,1
mistral_7b,truthfulqa,52.08477973937988,0
mistral_7b,truthfulqa,65.70077538490295,0
mistral_7b,truthfulqa,55.24446964263916,1
mistral_7b,truthfulqa,57.29700326919556,1
mistral_7b,truthfulqa,42.984893918037415,0
mistral_7b,truthfulqa,50.90375542640686,0
mistral_7b,truthfulqa,41.86145067214966,1
mistral_7b,truthfulqa,44.99111473560333,0
mistral_7b,truthfulqa,59.15725231170654,1
mistral_7b,truthfulqa,60.9371542930603,1
mistral_7b,truthfulqa,44.891053438186646,0
mistral_7b,truthfulqa,62.48142123222351,0
mistral_7b,truthfulqa,45.83829641342163,1
mistral_7b,truthfulqa,57.21040368080139,0
mistral_7b,truthfulqa,42.19825267791748,0
mistral_7b,truthfulqa,44.020676612854004,0
mistral_7b,truthfulqa,57.76371955871582,0
mistral_7b,truthfulqa,44.077277183532715,0
mistral_7b,truthfulqa,50.90661644935608,1
mistral_7b,truthfulqa,42.66469478607178,0
mistral_7b,truthfulqa,53.21359634399414,1
mistral_7b,truthfulqa,53.58147621154785,0
mistral_7b,truthfulqa,48.91248643398285,0
mistral_7b,truthfulqa,44.65009272098541,0
mistral_7b,truthfulqa,62.260282039642334,0
mistral_7b,truthfulqa,42.093491554260254,0
mistral_7b,truthfulqa,45.50756812095642,0
mistral_7b,truthfulqa,45.915600657463074,0
mistral_7b,truthfulqa,55.689311027526855,0
mistral_7b,truthfulqa,53.37955355644226,1
mistral_7b,truthfulqa,54.999375343322754,0
mistral_7b,truthfulqa,56.25694394111633,1
mistral_7b,truthfulqa,48.796358704566956,1
mistral_7b,truthfulqa,54.20495867729187,1
mistral_7b,truthfulqa,50.14045834541321,1
mistral_7b,truthfulqa,49.39086139202118,0
mistral_7b,truthfulqa,41.79161190986633,1
mistral_7b,truthfulqa,53.20112705230713,1
mistral_7b,truthfulqa,55.52024245262146,0
mistral_7b,truthfulqa,45.05784511566162,0
mistral_7b,truthfulqa,57.619649171829224,1
mistral_7b,truthfulqa,40.5333548784256,0
mistral_7b,truthfulqa,66.62541031837463,0
mistral_7b,truthfulqa,43.00909340381622,0
mistral_7b,truthfulqa,46.265190839767456,1
mistral_7b,truthfulqa,44.91066634654999,0
mistral_7b,truthfulqa,45.06118297576904,1
mistral_7b,truthfulqa,39.13991451263428,0
mistral_7b,truthfulqa,41.60802364349365,1
mistral_7b,truthfulqa,53.085923194885254,1
mistral_7b,truthfulqa,54.13919687271118,0
mistral_7b,truthfulqa,43.0232435464859,0
mistral_7b,truthfulqa,45.95782458782196,1
mistral_7b,truthfulqa,52.882516384124756,1
mistral_7b,truthfulqa,37.21792995929718,0
mistral_7b,truthfulqa,40.19373953342438,0
mistral_7b,truthfulqa,44.34484839439392,0
mistral_7b,truthfulqa,51.018548011779785,0
mistral_7b,truthfulqa,50.368714332580566,0
mistral_7b,truthfulqa,42.255210876464844,0
mistral_7b,truthfulqa,52.838242053985596,1
mistral_7b,truthfulqa,74.52929615974426,0
mistral_7b,truthfulqa,45.73533236980438,0
mistral_7b,truthfulqa,55.788636207580566,0
mistral_7b,truthfulqa,53.91973257064819,1
mistral_7b,truthfulqa,36.411261558532715,0
mistral_7b,truthfulqa,45.59456706047058,1
mistral_7b,truthfulqa,63.338857889175415,1
mistral_7b,truthfulqa,55.27153015136719,1
mistral_7b,truthfulqa,44.92911398410797,0
mistral_7b,truthfulqa,55.14063835144043,0
mistral_7b,truthfulqa,49.47866201400757,1
mistral_7b,truthfulqa,50.642770528793335,0
mistral_7b,truthfulqa,56.36863112449646,1
mistral_7b,truthfulqa,59.03034806251526,1
mistral_7b,truthfulqa,54.551851749420166,0
mistral_7b,truthfulqa,51.269471645355225,1
mistral_7b,truthfulqa,49.83966946601868,0
mistral_7b,truthfulqa,51.19340419769287,0
mistral_7b,truthfulqa,62.77630925178528,1
mistral_7b,truthfulqa,47.21961319446564,1
mistral_7b,truthfulqa,61.090487241744995,1
mistral_7b,truthfulqa,49.779877066612244,0
mistral_7b,truthfulqa,47.55598306655884,0
mistral_7b,truthfulqa,48.13925921916962,0
mistral_7b,truthfulqa,52.229779958724976,0
mistral_7b,truthfulqa,58.63804221153259,0
mistral_7b,truthfulqa,54.30477261543274,1
mistral_7b,truthfulqa,66.4246678352356,1
mistral_7b,truthfulqa,50.822436809539795,0
mistral_7b,truthfulqa,51.10906362533569,0
mistral_7b,truthfulqa,45.72933316230774,0
mistral_7b,truthfulqa,61.586278676986694,1
mistral_7b,truthfulqa,52.54608988761902,0
mistral_7b,truthfulqa,48.87724220752716,1
mistral_7b,truthfulqa,45.92941403388977,1
mistral_7b,truthfulqa,51.829057931900024,0
mistral_7b,truthfulqa,51.2722909450531,1
mistral_7b,truthfulqa,54.59928512573242,1
mistral_7b,truthfulqa,58.293306827545166,1
mistral_7b,truthfulqa,53.75473499298096,1
mistral_7b,truthfulqa,52.59721279144287,1
mistral_7b,truthfulqa,48.39166700839996,0
mistral_7b,truthfulqa,63.06346654891968,1
mistral_7b,truthfulqa,42.73921251296997,0
mistral_7b,truthfulqa,48.76896142959595,1
mistral_7b,truthfulqa,54.34829592704773,1
mistral_7b,truthfulqa,54.13045287132263,1
mistral_7b,truthfulqa,49.6059387922287,0
mistral_7b,truthfulqa,50.34748315811157,0
mistral_7b,truthfulqa,45.03137469291687,0
mistral_7b,truthfulqa,50.11299252510071,0
mistral_7b,truthfulqa,46.867018938064575,0
mistral_7b,truthfulqa,45.44595777988434,1
mistral_7b,truthfulqa,61.52706742286682,1
mistral_7b,truthfulqa,40.82895219326019,1
mistral_7b,truthfulqa,50.462472438812256,0
mistral_7b,truthfulqa,51.937371492385864,0
mistral_7b,truthfulqa,53.52376699447632,1
mistral_7b,truthfulqa,53.485435247421265,1
mistral_7b,truthfulqa,55.73580265045166,1
mistral_7b,truthfulqa,48.78932237625122,1
mistral_7b,truthfulqa,52.131420373916626,1
mistral_7b,truthfulqa,44.741156697273254,0
mistral_7b,truthfulqa,47.699958086013794,0
mistral_7b,truthfulqa,50.1958966255188,1
mistral_7b,truthfulqa,53.90848517417908,1
mistral_7b,truthfulqa,45.27438282966614,1
mistral_7b,truthfulqa,58.988940715789795,0
mistral_7b,truthfulqa,43.62612962722778,0
mistral_7b,truthfulqa,52.352118492126465,0
mistral_7b,truthfulqa,45.76179385185242,1
mistral_7b,truthfulqa,58.88414978981018,0
mistral_7b,truthfulqa,43.45172047615051,0
mistral_7b,truthfulqa,53.510117530822754,1
mistral_7b,truthfulqa,46.247491240501404,0
mistral_7b,truthfulqa,49.01178777217865,0
mistral_7b,truthfulqa,50.45604109764099,1
mistral_7b,truthfulqa,52.877652645111084,0
mistral_7b,truthfulqa,65.15447497367859,0
mistral_7b,truthfulqa,50.168585777282715,1
mistral_7b,truthfulqa,45.96516788005829,0
mistral_7b,truthfulqa,56.57699108123779,1
mistral_7b,truthfulqa,47.65793979167938,1
mistral_7b,truthfulqa,55.35515546798706,0
mistral_7b,truthfulqa,45.22714614868164,1
mistral_7b,truthfulqa,48.19223880767822,0
mistral_7b,truthfulqa,56.26111030578613,0
mistral_7b,truthfulqa,47.35702872276306,1
mistral_7b,truthfulqa,35.529541969299316,0
mistral_7b,truthfulqa,47.34382927417755,0
mistral_7b,truthfulqa,51.79178714752197,1
mistral_7b,truthfulqa,44.894737005233765,0
mistral_7b,truthfulqa,51.72829031944275,1
mistral_7b,truthfulqa,48.93671274185181,0
mistral_7b,truthfulqa,47.617948055267334,0
mistral_7b,truthfulqa,43.56836676597595,0
mistral_7b,truthfulqa,51.633429527282715,1
mistral_7b,truthfulqa,43.075692653656006,0
mistral_7b,truthfulqa,52.93665528297424,1
mistral_7b,truthfulqa,51.36318802833557,1
mistral_7b,truthfulqa,45.93939185142517,1
mistral_7b,truthfulqa,50.92461705207825,0
mistral_7b,truthfulqa,53.32306623458862,0
mistral_7b,truthfulqa,54.75354194641113,0
mistral_7b,truthfulqa,40.12226760387421,0
mistral_7b,truthfulqa,52.35810875892639,1
mistral_7b,truthfulqa,46.30025029182434,0
mistral_7b,truthfulqa,44.54602301120758,1
mistral_7b,truthfulqa,50.411248207092285,1
mistral_7b,truthfulqa,56.826967000961304,1
mistral_7b,truthfulqa,49.55255389213562,1
mistral_7b,truthfulqa,65.91244339942932,0
mistral_7b,truthfulqa,56.04109764099121,1
mistral_7b,truthfulqa,42.89213418960571,0
mistral_7b,truthfulqa,55.08495569229126,1
mistral_7b,truthfulqa,61.25551462173462,0
mistral_7b,truthfulqa,54.800593852996826,1
mistral_7b,truthfulqa,35.93334257602692,0
mistral_7b,truthfulqa,51.283615827560425,0
mistral_7b,truthfulqa,51.50492191314697,1
mistral_7b,truthfulqa,48.192259669303894,0
mistral_7b,truthfulqa,47.646382451057434,0
mistral_7b,truthfulqa,59.747785329818726,0
mistral_7b,truthfulqa,46.630874276161194,0
mistral_7b,truthfulqa,55.09878993034363,1
mistral_7b,truthfulqa,43.77077519893646,1
mistral_7b,truthfulqa,56.38945698738098,1
mistral_7b,truthfulqa,56.173646450042725,0
mistral_7b,truthfulqa,60.4708194732666,0
mistral_7b,truthfulqa,41.76223874092102,0
mistral_7b,truthfulqa,45.959267020225525,0
mistral_7b,truthfulqa,43.80306303501129,0
mistral_7b,truthfulqa,40.25066792964935,0
mistral_7b,truthfulqa,44.87699866294861,1
mistral_7b,truthfulqa,72.44219183921814,0
mistral_7b,truthfulqa,48.66276681423187,0
mistral_7b,truthfulqa,47.830161452293396,1
mistral_7b,truthfulqa,58.54380130767822,0
mistral_7b,truthfulqa,49.32723939418793,1
mistral_7b,truthfulqa,40.12894332408905,0
mistral_7b,truthfulqa,50.53427219390869,1
mistral_7b,truthfulqa,52.275216579437256,0
mistral_7b,truthfulqa,59.95034575462341,0
mistral_7b,truthfulqa,45.58993577957153,1
mistral_7b,truthfulqa,57.277411222457886,0
mistral_7b,truthfulqa,48.351576924324036,1
mistral_7b,truthfulqa,57.226407527923584,0
mistral_7b,truthfulqa,44.695159792900085,0
mistral_7b,truthfulqa,49.06870722770691,0
mistral_7b,truthfulqa,41.76695644855499,0
mistral_7b,truthfulqa,59.14008617401123,1
mistral_7b,truthfulqa,59.21657681465149,1
mistral_7b,truthfulqa,54.5806884765625,0
mistral_7b,truthfulqa,55.98716735839844,1
mistral_7b,truthfulqa,48.66334795951843,1
mistral_7b,truthfulqa,47.62062132358551,0
mistral_7b,truthfulqa,46.587204933166504,1
mistral_7b,truthfulqa,55.68973422050476,0
mistral_7b,truthfulqa,54.43095564842224,1
mistral_7b,truthfulqa,56.758660078048706,1
mistral_7b,truthfulqa,52.01358199119568,1
mistral_7b,truthfulqa,55.51581382751465,0
mistral_7b,truthfulqa,57.95496106147766,0
mistral_7b,truthfulqa,58.992063999176025,1
mistral_7b,truthfulqa,44.849637150764465,1
mistral_7b,truthfulqa,52.64761447906494,0
mistral_7b,truthfulqa,71.67436480522156,1
mistral_7b,truthfulqa,50.09441375732422,1
mistral_7b,truthfulqa,58.33432674407959,1
mistral_7b,truthfulqa,45.19319832324982,1
mistral_7b,truthfulqa,44.8914110660553,1
mistral_7b,truthfulqa,58.45664739608765,1
mistral_7b,truthfulqa,34.410059452056885,1
mistral_7b,truthfulqa,53.637224435806274,0
mistral_7b,truthfulqa,43.46948564052582,1
mistral_7b,truthfulqa,58.50898623466492,1
mistral_7b,truthfulqa,48.329952359199524,1
mistral_7b,truthfulqa,60.057806968688965,0
mistral_7b,truthfulqa,56.69950842857361,1
mistral_7b,truthfulqa,44.98161971569061,1
mistral_7b,truthfulqa,49.629539251327515,0
mistral_7b,truthfulqa,49.72335696220398,0
mistral_7b,truthfulqa,47.572287917137146,1
mistral_7b,truthfulqa,42.42810904979706,0
mistral_7b,truthfulqa,53.15353274345398,0
mistral_7b,truthfulqa,56.66470527648926,1
mistral_7b,truthfulqa,47.404539585113525,1
mistral_7b,truthfulqa,48.97298514842987,0
mistral_7b,truthfulqa,50.10988712310791,0
mistral_7b,truthfulqa,46.28678858280182,0
mistral_7b,truthfulqa,55.29122352600098,0
mistral_7b,truthfulqa,45.40750980377197,0
mistral_7b,truthfulqa,40.38774371147156,0
mistral_7b,truthfulqa,53.79045009613037,1
mistral_7b,truthfulqa,47.23741412162781,1
mistral_7b,truthfulqa,45.18372714519501,0
mistral_7b,truthfulqa,41.72692894935608,1
mistral_7b,truthfulqa,51.027488708496094,0
mistral_7b,truthfulqa,57.3880672454834,1
mistral_7b,truthfulqa,55.363404750823975,0
mistral_7b,truthfulqa,60.921114683151245,1
mistral_7b,truthfulqa,48.69762361049652,0
mistral_7b,truthfulqa,61.329030990600586,0
mistral_7b,truthfulqa,37.150660157203674,0
mistral_7b,truthfulqa,48.5226184129715,1
mistral_7b,truthfulqa,67.029470205307,0
mistral_7b,truthfulqa,46.85267508029938,1
mistral_7b,truthfulqa,53.50633263587952,0
mistral_7b,truthfulqa,62.73955702781677,1
mistral_7b,truthfulqa,56.23655319213867,1
mistral_7b,truthfulqa,52.431732416152954,0
mistral_7b,truthfulqa,51.215070486068726,0
mistral_7b,truthfulqa,64.35180902481079,1
mistral_7b,truthfulqa,57.242149114608765,0
mistral_7b,truthfulqa,61.033058166503906,1
mistral_7b,truthfulqa,55.00867962837219,1
mistral_7b,truthfulqa,51.62627696990967,0
mistral_7b,truthfulqa,58.04576873779297,0
mistral_7b,truthfulqa,53.65020036697388,0
mistral_7b,truthfulqa,48.25921952724457,0
mistral_7b,truthfulqa,56.45851492881775,1
mistral_7b,truthfulqa,52.07701325416565,0
mistral_7b,truthfulqa,58.77849459648132,0
mistral_7b,truthfulqa,54.803186655044556,0
mistral_7b,truthfulqa,43.51021647453308,0
mistral_7b,truthfulqa,49.78357553482056,1
mistral_7b,truthfulqa,40.04371762275696,0
mistral_7b,truthfulqa,52.671706676483154,1
mistral_7b,truthfulqa,52.3459792137146,0
mistral_7b,truthfulqa,42.75381863117218,0
mistral_7b,truthfulqa,44.64751183986664,0
mistral_7b,truthfulqa,39.861851930618286,0
mistral_7b,truthfulqa,68.1230902671814,0
mistral_7b,truthfulqa,60.29234528541565,0
mistral_7b,truthfulqa,51.58088207244873,0
mistral_7b,truthfulqa,44.61120963096619,0
mistral_7b,truthfulqa,53.439319133758545,1
mistral_7b,truthfulqa,65.71481823921204,0
mistral_7b,truthfulqa,44.25838589668274,1
mistral_7b,truthfulqa,41.7563796043396,0
mistral_7b,truthfulqa,52.00178623199463,1
mistral_7b,truthfulqa,48.531678318977356,0
mistral_7b,truthfulqa,64.14193511009216,1
mistral_7b,truthfulqa,55.71957230567932,1
mistral_7b,truthfulqa,65.8009946346283,1
mistral_7b,truthfulqa,41.68362319469452,1
mistral_7b,truthfulqa,53.999704122543335,0
mistral_7b,truthfulqa,46.190693974494934,1
mistral_7b,truthfulqa,48.13160598278046,0
mistral_7b,truthfulqa,44.28824484348297,1
mistral_7b,truthfulqa,62.37704157829285,1
mistral_7b,truthfulqa,43.23085844516754,1
mistral_7b,truthfulqa,57.21036195755005,1
mistral_7b,truthfulqa,65.79049825668335,1
mistral_7b,truthfulqa,48.19007217884064,1
mistral_7b,truthfulqa,51.00600719451904,0
mistral_7b,truthfulqa,48.18245768547058,0
mistral_7b,truthfulqa,48.892056941986084,0
mistral_7b,truthfulqa,59.88711714744568,1
mistral_7b,truthfulqa,53.386420011520386,0
mistral_7b,truthfulqa,54.558706283569336,0
mistral_7b,truthfulqa,53.260862827301025,0
mistral_7b,truthfulqa,47.11693227291107,1
mistral_7b,truthfulqa,47.26856350898743,1
mistral_7b,truthfulqa,52.74220108985901,1
mistral_7b,truthfulqa,52.56500840187073,1
mistral_7b,truthfulqa,45.5840528011322,0
mistral_7b,truthfulqa,51.84783339500427,0
mistral_7b,truthfulqa,50.416457653045654,1
mistral_7b,truthfulqa,38.28436732292175,0
mistral_7b,truthfulqa,42.00386703014374,0
mistral_7b,truthfulqa,53.37871313095093,0
mistral_7b,truthfulqa,47.76095151901245,1
mistral_7b,truthfulqa,45.653411746025085,1
mistral_7b,truthfulqa,67.10169911384583,0
mistral_7b,truthfulqa,59.18152332305908,1
mistral_7b,truthfulqa,43.982088565826416,0
mistral_7b,truthfulqa,56.9072961807251,1
mistral_7b,truthfulqa,47.4947065114975,1
mistral_7b,truthfulqa,39.9273157119751,1
mistral_7b,truthfulqa,40.68645238876343,1
mistral_7b,truthfulqa,55.82619309425354,1
mistral_7b,truthfulqa,44.232094287872314,1
mistral_7b,truthfulqa,49.4419664144516,1
mistral_7b,truthfulqa,56.70293569564819,1
mistral_7b,truthfulqa,45.12138366699219,0
mistral_7b,truthfulqa,45.57445049285889,1
mistral_7b,truthfulqa,53.31655740737915,0
mistral_7b,truthfulqa,55.76777458190918,0
mistral_7b,truthfulqa,51.06608271598816,1
mistral_7b,truthfulqa,62.750762701034546,0
mistral_7b,truthfulqa,55.51915764808655,1
mistral_7b,truthfulqa,42.72090792655945,0
mistral_7b,truthfulqa,46.913596987724304,1
mistral_7b,truthfulqa,40.71270227432251,0
mistral_7b,truthfulqa,45.612603425979614,0
mistral_7b,truthfulqa,44.31711137294769,0
mistral_7b,truthfulqa,62.4370276927948,0
mistral_7b,truthfulqa,44.26603615283966,1
mistral_7b,truthfulqa,62.895792722702026,1
mistral_7b,truthfulqa,46.878790855407715,0
mistral_7b,truthfulqa,49.25259351730347,0
mistral_7b,truthfulqa,46.47713005542755,1
mistral_7b,truthfulqa,57.73085951805115,0
mistral_7b,truthfulqa,48.810699582099915,0
mistral_7b,truthfulqa,50.35620331764221,1
mistral_7b,truthfulqa,49.90112781524658,1
mistral_7b,truthfulqa,55.97923994064331,1
mistral_7b,truthfulqa,48.04634749889374,0
mistral_7b,truthfulqa,52.793413400650024,0
mistral_7b,truthfulqa,53.6094069480896,1
mistral_7b,truthfulqa,45.592474937438965,0
mistral_7b,truthfulqa,50.97441077232361,1
mistral_7b,truthfulqa,58.400458097457886,0
mistral_7b,truthfulqa,50.69361329078674,1
mistral_7b,truthfulqa,41.72316789627075,1
mistral_7b,truthfulqa,50.439149141311646,1
mistral_7b,truthfulqa,42.740872502326965,0
mistral_7b,truthfulqa,62.5155508518219,1
mistral_7b,truthfulqa,55.48122525215149,1
mistral_7b,truthfulqa,55.23316264152527,0
mistral_7b,truthfulqa,47.595661878585815,1
mistral_7b,truthfulqa,42.895156145095825,1
mistral_7b,truthfulqa,58.307814598083496,1
mistral_7b,truthfulqa,69.53884363174438,1
mistral_7b,truthfulqa,55.400729179382324,1
mistral_7b,truthfulqa,61.79962158203125,1
mistral_7b,truthfulqa,59.70385670661926,0
mistral_7b,truthfulqa,54.793065786361694,1
mistral_7b,truthfulqa,56.22784495353699,1
mistral_7b,truthfulqa,45.62100172042847,0
mistral_7b,truthfulqa,54.880523681640625,0
mistral_7b,truthfulqa,51.58849358558655,1
mistral_7b,truthfulqa,50.02555251121521,0
mistral_7b,truthfulqa,48.706984519958496,1
mistral_7b,truthfulqa,58.45029950141907,0
mistral_7b,truthfulqa,47.16656804084778,0
mistral_7b,truthfulqa,45.949649810791016,0
mistral_7b,truthfulqa,69.35641765594482,1
mistral_7b,truthfulqa,50.1644492149353,1
mistral_7b,truthfulqa,46.061575412750244,1
mistral_7b,truthfulqa,40.871861577034,0
mistral_7b,truthfulqa,62.03177571296692,0
mistral_7b,truthfulqa,48.63525331020355,0
mistral_7b,truthfulqa,45.53995430469513,1
mistral_7b,truthfulqa,59.49239134788513,1
mistral_7b,truthfulqa,47.561150789260864,1
mistral_7b,truthfulqa,56.41375184059143,0
mistral_7b,truthfulqa,46.94738686084747,1
mistral_7b,truthfulqa,54.69030737876892,0
mistral_7b,truthfulqa,51.48557424545288,0
mistral_7b,truthfulqa,46.76620364189148,1
mistral_7b,truthfulqa,56.04286193847656,1
mistral_7b,truthfulqa,53.541648387908936,1
mistral_7b,truthfulqa,58.992236852645874,0
mistral_7b,truthfulqa,57.62634873390198,0
mistral_7b,truthfulqa,47.73409962654114,1
mistral_7b,truthfulqa,46.00959122180939,1
mistral_7b,truthfulqa,39.16214108467102,0
mistral_7b,truthfulqa,57.795023918151855,0
mistral_7b,truthfulqa,56.224095821380615,1
mistral_7b,truthfulqa,46.58306837081909,1
mistral_7b,truthfulqa,67.51636266708374,1
mistral_7b,truthfulqa,54.63394522666931,0
mistral_7b,truthfulqa,43.46238672733307,1
mistral_7b,truthfulqa,44.135960936546326,1
mistral_7b,truthfulqa,42.98974573612213,0
mistral_7b,truthfulqa,45.57315111160278,1
mistral_7b,truthfulqa,44.90631818771362,0
mistral_7b,truthfulqa,40.126216411590576,1
mistral_7b,truthfulqa,59.09419059753418,1
mistral_7b,truthfulqa,49.66920614242554,0
mistral_7b,truthfulqa,50.12630224227905,1
mistral_7b,truthfulqa,47.11102247238159,1
mistral_7b,truthfulqa,54.40737009048462,1
mistral_7b,truthfulqa,52.43588089942932,0
mistral_7b,truthfulqa,45.82698345184326,1
mistral_7b,truthfulqa,41.78069829940796,1
mistral_7b,truthfulqa,46.23538255691528,0
mistral_7b,truthfulqa,53.55637073516846,0
mistral_7b,truthfulqa,45.17115652561188,0
mistral_7b,truthfulqa,42.913663387298584,1
mistral_7b,truthfulqa,55.214738845825195,1
mistral_7b,truthfulqa,60.68917512893677,1
mistral_7b,truthfulqa,40.97205400466919,1
mistral_7b,truthfulqa,47.75506556034088,0
mistral_7b,truthfulqa,47.33413755893707,0
mistral_7b,truthfulqa,42.31458902359009,0
mistral_7b,truthfulqa,47.727859020233154,1
mistral_7b,truthfulqa,53.040701150894165,0
mistral_7b,truthfulqa,62.23476529121399,0
mistral_7b,truthfulqa,52.93898582458496,0
mistral_7b,truthfulqa,41.32792949676514,1
mistral_7b,truthfulqa,43.05892288684845,0
mistral_7b,truthfulqa,41.97874069213867,1
mistral_7b,truthfulqa,52.02258825302124,1
mistral_7b,truthfulqa,50.086236000061035,0
mistral_7b,truthfulqa,41.023120284080505,1
mistral_7b,truthfulqa,53.5866379737854,0
mistral_7b,truthfulqa,57.6968789100647,1
mistral_7b,truthfulqa,52.946168184280396,0
mistral_7b,truthfulqa,43.90925467014313,0
mistral_7b,truthfulqa,47.052016854286194,1
mistral_7b,truthfulqa,55.317699909210205,1
mistral_7b,truthfulqa,53.621095418930054,0
mistral_7b,truthfulqa,50.859689712524414,1
mistral_7b,truthfulqa,58.42798352241516,0
mistral_7b,truthfulqa,60.63116192817688,0
mistral_7b,truthfulqa,55.89019060134888,1
mistral_7b,truthfulqa,53.98598313331604,1
mistral_7b,truthfulqa,39.09631669521332,1
mistral_7b,truthfulqa,40.791311860084534,1
mistral_7b,truthfulqa,53.51586937904358,1
mistral_7b,truthfulqa,53.64896059036255,1
mistral_7b,truthfulqa,55.082160234451294,1
mistral_7b,truthfulqa,47.90225327014923,0
mistral_7b,truthfulqa,57.769060134887695,0
mistral_7b,truthfulqa,63.10282349586487,0
mistral_7b,truthfulqa,40.11545479297638,1
mistral_7b,truthfulqa,49.49103593826294,0
mistral_7b,truthfulqa,46.50186896324158,0
mistral_7b,truthfulqa,56.11281394958496,0
mistral_7b,truthfulqa,56.80353045463562,1
mistral_7b,truthfulqa,49.77937936782837,1
mistral_7b,truthfulqa,53.80512475967407,1
mistral_7b,truthfulqa,50.04527568817139,1
mistral_7b,truthfulqa,48.43071699142456,0
mistral_7b,truthfulqa,50.3903329372406,0
mistral_7b,truthfulqa,58.52706432342529,0
mistral_7b,truthfulqa,47.56210446357727,1
mistral_7b,truthfulqa,51.454758644104004,0
mistral_7b,truthfulqa,49.050045013427734,1
mistral_7b,truthfulqa,49.508070945739746,0
mistral_7b,truthfulqa,49.11284148693085,1
mistral_7b,truthfulqa,45.93492150306702,0
mistral_7b,truthfulqa,47.51245081424713,0
mistral_7b,truthfulqa,47.253432869911194,0
mistral_7b,truthfulqa,51.98250412940979,0
mistral_7b,truthfulqa,51.2717604637146,0
mistral_7b,truthfulqa,52.30463147163391,0
mistral_7b,truthfulqa,51.24849081039429,1
mistral_7b,truthfulqa,65.3911292552948,1
mistral_7b,truthfulqa,47.11422026157379,0
mistral_7b,truthfulqa,49.26150441169739,0
mistral_7b,truthfulqa,52.335840463638306,0
mistral_7b,truthfulqa,55.47856688499451,0
mistral_7b,truthfulqa,57.757651805877686,1
mistral_7b,truthfulqa,49.924567341804504,0
mistral_7b,truthfulqa,47.94187545776367,0
mistral_7b,truthfulqa,41.387683153152466,0
mistral_7b,truthfulqa,47.159796953201294,1
mistral_7b,truthfulqa,48.5323041677475,0
mistral_7b,truthfulqa,52.001821994781494,1
mistral_7b,truthfulqa,56.888604164123535,1
mistral_7b,truthfulqa,55.840545892715454,0
mistral_7b,truthfulqa,45.250916481018066,1
mistral_7b,truthfulqa,52.24537253379822,1
mistral_7b,truthfulqa,46.97223603725433,1
mistral_7b,truthfulqa,57.24518299102783,0
mistral_7b,truthfulqa,47.83815145492554,0
mistral_7b,truthfulqa,49.15611147880554,1
mistral_7b,truthfulqa,48.97260665893555,1
mistral_7b,truthfulqa,48.45328629016876,0
mistral_7b,truthfulqa,49.70793128013611,1
mistral_7b,truthfulqa,43.39662790298462,1
mistral_7b,truthfulqa,52.71470546722412,0
mistral_7b,truthfulqa,40.01513719558716,0
mistral_7b,truthfulqa,48.41738939285278,1
mistral_7b,truthfulqa,56.927329301834106,0
mistral_7b,truthfulqa,58.996886014938354,0
mistral_7b,truthfulqa,56.89542293548584,0
mistral_7b,truthfulqa,51.708292961120605,0
mistral_7b,truthfulqa,46.382153034210205,0
mistral_7b,truthfulqa,49.92906153202057,1
mistral_7b,truthfulqa,45.52300274372101,0
mistral_7b,truthfulqa,51.7168402671814,1
mistral_7b,truthfulqa,58.50096344947815,0
mistral_7b,truthfulqa,59.64103937149048,1
mistral_7b,truthfulqa,40.26001691818237,0
mistral_7b,truthfulqa,67.44604706764221,1
mistral_7b,truthfulqa,52.01435089111328,0
mistral_7b,truthfulqa,50.63446760177612,1
mistral_7b,truthfulqa,50.26803016662598,0
mistral_7b,truthfulqa,60.991936922073364,0
mistral_7b,truthfulqa,59.53357219696045,0
mistral_7b,truthfulqa,41.22277796268463,0
mistral_7b,truthfulqa,43.229514360427856,0
mistral_7b,truthfulqa,48.84916543960571,0
mistral_7b,truthfulqa,51.35629177093506,1
mistral_7b,truthfulqa,54.09925580024719,0
mistral_7b,truthfulqa,66.67335629463196,0
mistral_7b,truthfulqa,48.85251522064209,1
mistral_7b,truthfulqa,59.490591287612915,1
mistral_7b,truthfulqa,56.229591369628906,1
mistral_7b,truthfulqa,42.41344928741455,0
mistral_7b,truthfulqa,42.007142305374146,1
mistral_7b,truthfulqa,54.451537132263184,0
mistral_7b,truthfulqa,48.45690131187439,1
mistral_7b,truthfulqa,52.93695330619812,1
mistral_7b,truthfulqa,49.123650789260864,1
mistral_7b,truthfulqa,50.48302412033081,1
mistral_7b,truthfulqa,45.93977630138397,0
mistral_7b,truthfulqa,45.05511820316315,1
mistral_7b,truthfulqa,50.86514353752136,0
mistral_7b,truthfulqa,48.60951602458954,1
mistral_7b,truthfulqa,46.07669115066528,0
mistral_7b,truthfulqa,49.040764570236206,1
mistral_7b,truthfulqa,64.63742256164551,1
mistral_7b,truthfulqa,48.65494966506958,0
mistral_7b,truthfulqa,52.14313268661499,1
mistral_7b,truthfulqa,48.286041617393494,0
mistral_7b,truthfulqa,54.985350370407104,1
mistral_7b,truthfulqa,50.48455595970154,0
mistral_7b,truthfulqa,55.14599084854126,1
mistral_7b,truthfulqa,57.7061653137207,1
mistral_7b,truthfulqa,51.82058811187744,1
mistral_7b,truthfulqa,56.840211153030396,0
mistral_7b,truthfulqa,32.729485630989075,1
mistral_7b,truthfulqa,48.42621684074402,1
mistral_7b,truthfulqa,53.21485996246338,1
mistral_7b,truthfulqa,48.546767234802246,0
mistral_7b,truthfulqa,48.39276075363159,1
mistral_7b,truthfulqa,55.39883375167847,1
mistral_7b,truthfulqa,47.755059599876404,1
mistral_7b,truthfulqa,52.11867690086365,0
mistral_7b,truthfulqa,52.756863832473755,1
mistral_7b,truthfulqa,46.5831458568573,0
mistral_7b,truthfulqa,60.83517670631409,0
mistral_7b,truthfulqa,47.203537821769714,1
mistral_7b,truthfulqa,52.49903202056885,0
mistral_7b,truthfulqa,59.15992856025696,1
mistral_7b,truthfulqa,50.15736222267151,1
mistral_7b,truthfulqa,48.533642292022705,0
mistral_7b,truthfulqa,45.8923876285553,0
mistral_7b,truthfulqa,45.54571509361267,1
mistral_7b,truthfulqa,46.95267081260681,0
mistral_7b,truthfulqa,51.75626277923584,1
mistral_7b,truthfulqa,53.42737436294556,1
mistral_7b,truthfulqa,38.27046453952789,1
mistral_7b,truthfulqa,49.97935593128204,0
mistral_7b,truthfulqa,57.8183114528656,1
mistral_7b,truthfulqa,42.97529458999634,0
mistral_7b,truthfulqa,51.74381136894226,0
mistral_7b,truthfulqa,48.47867488861084,0
mistral_7b,truthfulqa,51.51355266571045,0
mistral_7b,truthfulqa,57.24714398384094,1
mistral_7b,truthfulqa,52.681535482406616,1
mistral_7b,truthfulqa,47.606757283210754,0
mistral_7b,truthfulqa,36.58909201622009,1
mistral_7b,truthfulqa,51.32342576980591,0
mistral_7b,truthfulqa,52.09205746650696,0
mistral_7b,truthfulqa,56.8251371383667,0
mistral_7b,truthfulqa,55.35314679145813,1
mistral_7b,truthfulqa,51.58340930938721,0
mistral_7b,truthfulqa,48.39831590652466,0
mistral_7b,truthfulqa,50.72474479675293,1
mistral_7b,truthfulqa,54.892098903656006,1
mistral_7b,truthfulqa,57.663315534591675,0
mistral_7b,truthfulqa,47.08089828491211,1
mistral_7b,truthfulqa,41.008079051971436,1
mistral_7b,truthfulqa,45.847660303115845,0
mistral_7b,truthfulqa,57.73201584815979,1
mistral_7b,truthfulqa,52.19483971595764,0
mistral_7b,truthfulqa,53.968435525894165,1
mistral_7b,truthfulqa,50.71588158607483,0
mistral_7b,truthfulqa,44.16438043117523,1
mistral_7b,truthfulqa,53.96363139152527,1
mistral_7b,truthfulqa,57.81955122947693,1
mistral_7b,truthfulqa,51.31758451461792,1
mistral_7b,truthfulqa,39.53487277030945,1
mistral_7b,truthfulqa,58.56633186340332,0
mistral_7b,truthfulqa,45.40560841560364,0
mistral_7b,truthfulqa,50.44337511062622,1
mistral_7b,truthfulqa,58.202940225601196,1
mistral_7b,truthfulqa,46.46832346916199,0
mistral_7b,truthfulqa,61.190301179885864,1
mistral_7b,truthfulqa,60.87009906768799,1
mistral_7b,truthfulqa,49.35528635978699,0
mistral_7b,truthfulqa,51.06963515281677,0
mistral_7b,truthfulqa,46.74115777015686,0
mistral_7b,truthfulqa,39.61914777755737,0
mistral_7b,truthfulqa,57.989370822906494,0
mistral_7b,truthfulqa,54.67903017997742,0
mistral_7b,truthfulqa,55.733686685562134,1
mistral_7b,truthfulqa,54.09855842590332,1
mistral_7b,truthfulqa,60.05085110664368,0
mistral_7b,truthfulqa,47.90992736816406,1
mistral_7b,truthfulqa,52.996134757995605,0
mistral_7b,truthfulqa,58.416420221328735,1
mistral_7b,truthfulqa,58.821314573287964,0
mistral_7b,truthfulqa,63.8233482837677,1
mistral_7b,truthfulqa,52.824777364730835,0
mistral_7b,truthfulqa,42.30358004570007,0
mistral_7b,truthfulqa,59.46643352508545,0
mistral_7b,truthfulqa,54.18040156364441,0
mistral_7b,truthfulqa,49.49737787246704,0
mistral_7b,truthfulqa,52.90504693984985,1
mistral_7b,truthfulqa,61.99525594711304,1
mistral_7b,truthfulqa,51.31455063819885,0
mistral_7b,truthfulqa,55.90393543243408,1
mistral_7b,truthfulqa,50.0505805015564,1
mistral_7b,truthfulqa,53.66160273551941,0
mistral_7b,truthfulqa,53.41348052024841,1
mistral_7b,truthfulqa,44.77009475231171,1
mistral_7b,truthfulqa,53.71168255805969,1
mistral_7b,truthfulqa,49.551185965538025,0
mistral_7b,truthfulqa,48.363471031188965,1
mistral_7b,truthfulqa,52.69201397895813,0
mistral_7b,truthfulqa,45.0155645608902,1
mistral_7b,truthfulqa,42.59056746959686,0
mistral_7b,truthfulqa,44.69420313835144,0
mistral_7b,truthfulqa,39.96046781539917,0
mistral_7b,truthfulqa,48.72812032699585,1
mistral_7b,truthfulqa,39.35368061065674,1
mistral_7b,truthfulqa,51.70204043388367,1
mistral_7b,truthfulqa,48.64979684352875,0
mistral_7b,truthfulqa,44.58509385585785,1
mistral_7b,truthfulqa,64.21856880187988,1
mistral_7b,truthfulqa,52.60406732559204,0
mistral_7b,truthfulqa,59.06798839569092,1
mistral_7b,truthfulqa,62.0319128036499,1
mistral_7b,truthfulqa,55.63567280769348,1
mistral_7b,truthfulqa,55.579954385757446,1
mistral_7b,truthfulqa,54.32615280151367,1
mistral_7b,truthfulqa,40.967559814453125,1
mistral_7b,truthfulqa,46.420177817344666,0
mistral_7b,truthfulqa,47.41694629192352,0
mistral_7b,truthfulqa,61.29898428916931,1
mistral_7b,truthfulqa,43.97003650665283,0
mistral_7b,truthfulqa,55.87325096130371,1
mistral_7b,truthfulqa,52.261948585510254,1
mistral_7b,truthfulqa,43.298205733299255,0
mistral_7b,truthfulqa,47.920337319374084,0
mistral_7b,truthfulqa,51.40017867088318,0
mistral_7b,truthfulqa,50.77939033508301,1
mistral_7b,truthfulqa,68.28655004501343,1
mistral_7b,truthfulqa,54.69711422920227,0
mistral_7b,truthfulqa,52.04833745956421,1
mistral_7b,truthfulqa,45.443958044052124,1
mistral_7b,truthfulqa,50.45318007469177,0
mistral_7b,truthfulqa,48.217254877090454,1
mistral_7b,truthfulqa,58.15377235412598,1
mistral_7b,truthfulqa,54.73005175590515,0
mistral_7b,truthfulqa,51.26640200614929,0
mistral_7b,truthfulqa,50.02977252006531,0
mistral_7b,truthfulqa,58.80689024925232,1
mistral_7b,truthfulqa,43.76485049724579,1
mistral_7b,truthfulqa,62.097352743148804,1
mistral_7b,truthfulqa,55.28020262718201,1
mistral_7b,truthfulqa,53.245192766189575,1
mistral_7b,truthfulqa,42.21259951591492,1
mistral_7b,truthfulqa,54.11046743392944,0
mistral_7b,truthfulqa,63.75876069068909,0
mistral_7b,truthfulqa,55.92127442359924,0
mistral_7b,truthfulqa,61.90623641014099,0
mistral_7b,truthfulqa,51.05277895927429,0
mistral_7b,truthfulqa,52.29262709617615,1
mistral_7b,truthfulqa,50.75692534446716,1
mistral_7b,truthfulqa,55.80303072929382,1
mistral_7b,truthfulqa,53.16839814186096,0
mistral_7b,truthfulqa,40.653470158576965,1
mistral_7b,truthfulqa,61.97700500488281,0
mistral_7b,truthfulqa,48.869431018829346,0
mistral_7b,truthfulqa,52.26665735244751,0
mistral_7b,truthfulqa,42.2440230846405,0
mistral_7b,truthfulqa,51.55792832374573,0
mistral_7b,truthfulqa,48.818954825401306,0
mistral_7b,truthfulqa,53.91306281089783,0
mistral_7b,truthfulqa,44.49085891246796,0
mistral_7b,truthfulqa,55.04222512245178,0
mistral_7b,truthfulqa,50.2619206905365,0
mistral_7b,truthfulqa,43.878382444381714,0
mistral_7b,truthfulqa,57.55339860916138,0
mistral_7b,truthfulqa,55.31702637672424,1
mistral_7b,truthfulqa,44.98494863510132,1
mistral_7b,truthfulqa,51.32027268409729,1
mistral_7b,truthfulqa,41.44760072231293,0
mistral_7b,truthfulqa,51.877427101135254,1
mistral_7b,truthfulqa,53.38824391365051,0
mistral_7b,truthfulqa,51.823264360427856,0
mistral_7b,truthfulqa,57.56627917289734,1
mistral_7b,truthfulqa,56.07715845108032,1
mistral_7b,truthfulqa,48.314207792282104,0
mistral_7b,pavlick_nli,37.34559714794159,1
mistral_7b,pavlick_nli,60.54701805114746,1
mistral_7b,pavlick_nli,54.71012592315674,1
mistral_7b,pavlick_nli,42.39135980606079,1
mistral_7b,pavlick_nli,38.68283927440643,0
mistral_7b,pavlick_nli,49.07151162624359,1
mistral_7b,pavlick_nli,66.62700176239014,1
mistral_7b,pavlick_nli,48.605042695999146,1
mistral_7b,pavlick_nli,56.52835965156555,1
mistral_7b,pavlick_nli,61.04456186294556,1
mistral_7b,pavlick_nli,61.96302771568298,0
mistral_7b,pavlick_nli,59.98559594154358,1
mistral_7b,pavlick_nli,58.06754231452942,1
mistral_7b,pavlick_nli,44.955089688301086,1
mistral_7b,pavlick_nli,49.14116561412811,0
mistral_7b,pavlick_nli,58.7801992893219,1
mistral_7b,pavlick_nli,39.61825668811798,1
mistral_7b,pavlick_nli,46.761107444763184,1
mistral_7b,pavlick_nli,55.66272735595703,0
mistral_7b,pavlick_nli,62.931203842163086,1
mistral_7b,pavlick_nli,59.9923312664032,1
mistral_7b,pavlick_nli,50.431859493255615,1
mistral_7b,pavlick_nli,58.96462798118591,1
mistral_7b,pavlick_nli,48.985421657562256,1
mistral_7b,pavlick_nli,45.852261781692505,1
mistral_7b,pavlick_nli,59.76124405860901,1
mistral_7b,pavlick_nli,62.23918795585632,1
mistral_7b,pavlick_nli,47.23425209522247,0
mistral_7b,pavlick_nli,65.31383991241455,1
mistral_7b,pavlick_nli,60.33530235290527,1
mistral_7b,pavlick_nli,49.89379942417145,1
mistral_7b,pavlick_nli,44.69623565673828,1
mistral_7b,pavlick_nli,51.77033543586731,0
mistral_7b,pavlick_nli,41.83010160923004,1
mistral_7b,pavlick_nli,44.00708079338074,0
mistral_7b,pavlick_nli,60.15297174453735,1
mistral_7b,pavlick_nli,58.33989381790161,1
mistral_7b,pavlick_nli,51.284658908843994,1
mistral_7b,pavlick_nli,45.08975148200989,1
mistral_7b,pavlick_nli,47.95089066028595,1
mistral_7b,pavlick_nli,59.20969247817993,1
mistral_7b,pavlick_nli,55.887556076049805,1
mistral_7b,pavlick_nli,57.9373836517334,0
mistral_7b,pavlick_nli,55.007344484329224,0
mistral_7b,pavlick_nli,45.2311247587204,1
mistral_7b,pavlick_nli,60.236161947250366,0
mistral_7b,pavlick_nli,55.35644888877869,1
mistral_7b,pavlick_nli,45.455607771873474,1
mistral_7b,pavlick_nli,54.47602868080139,0
mistral_7b,pavlick_nli,62.561410665512085,1
mistral_7b,pavlick_nli,51.615262031555176,1
mistral_7b,pavlick_nli,56.98766112327576,1
mistral_7b,pavlick_nli,47.02799618244171,1
mistral_7b,pavlick_nli,45.286720991134644,1
mistral_7b,pavlick_nli,49.331170320510864,1
mistral_7b,pavlick_nli,52.98014283180237,1
mistral_7b,pavlick_nli,51.588642597198486,1
mistral_7b,pavlick_nli,52.6833713054657,1
mistral_7b,pavlick_nli,45.61781287193298,1
mistral_7b,pavlick_nli,47.19662964344025,1
mistral_7b,pavlick_nli,48.667535185813904,1
mistral_7b,pavlick_nli,47.852593660354614,1
mistral_7b,pavlick_nli,55.9934139251709,1
mistral_7b,pavlick_nli,56.9827139377594,1
mistral_7b,pavlick_nli,51.92987322807312,1
mistral_7b,pavlick_nli,50.14459490776062,1
mistral_7b,pavlick_nli,43.67262125015259,1
mistral_7b,pavlick_nli,48.413848876953125,1
mistral_7b,pavlick_nli,40.64106047153473,0
mistral_7b,pavlick_nli,47.30816185474396,1
mistral_7b,pavlick_nli,42.742928862571716,1
mistral_7b,pavlick_nli,42.24563539028168,1
mistral_7b,pavlick_nli,51.64675712585449,0
mistral_7b,pavlick_nli,58.37199687957764,0
mistral_7b,pavlick_nli,65.85879325866699,1
mistral_7b,pavlick_nli,47.28216528892517,1
mistral_7b,pavlick_nli,54.78254556655884,1
mistral_7b,pavlick_nli,40.6102329492569,1
mistral_7b,pavlick_nli,54.73201274871826,1
mistral_7b,pavlick_nli,40.510767698287964,1
mistral_7b,pavlick_nli,46.09140455722809,1
mistral_7b,pavlick_nli,41.21055603027344,1
mistral_7b,pavlick_nli,48.65001738071442,0
mistral_7b,pavlick_nli,54.37576174736023,1
mistral_7b,pavlick_nli,58.12455415725708,0
mistral_7b,pavlick_nli,58.757054805755615,1
mistral_7b,pavlick_nli,59.679824113845825,1
mistral_7b,pavlick_nli,55.947184562683105,1
mistral_7b,pavlick_nli,62.806236743927,1
mistral_7b,pavlick_nli,60.81727743148804,0
mistral_7b,pavlick_nli,60.70966124534607,1
mistral_7b,pavlick_nli,53.507864475250244,0
mistral_7b,pavlick_nli,44.32559311389923,0
mistral_7b,pavlick_nli,64.92103338241577,1
mistral_7b,pavlick_nli,43.9141184091568,1
mistral_7b,pavlick_nli,56.71532154083252,1
mistral_7b,pavlick_nli,47.45579659938812,1
mistral_7b,pavlick_nli,58.64110589027405,1
mistral_7b,pavlick_nli,60.36595702171326,1
mistral_7b,pavlick_nli,39.02062177658081,1
mistral_7b,pavlick_nli,63.049423694610596,1
mistral_7b,pavlick_nli,50.91181397438049,1
mistral_7b,pavlick_nli,39.5137220621109,1
mistral_7b,pavlick_nli,45.03929913043976,1
mistral_7b,pavlick_nli,61.63067817687988,0
mistral_7b,pavlick_nli,53.18998098373413,1
mistral_7b,pavlick_nli,49.2573082447052,1
mistral_7b,pavlick_nli,45.075035095214844,1
mistral_7b,pavlick_nli,57.09511637687683,1
mistral_7b,pavlick_nli,47.07837700843811,1
mistral_7b,pavlick_nli,46.77307605743408,1
mistral_7b,pavlick_nli,45.39766609668732,0
mistral_7b,pavlick_nli,46.070852875709534,1
mistral_7b,pavlick_nli,51.50098204612732,1
mistral_7b,pavlick_nli,45.465853810310364,1
mistral_7b,pavlick_nli,43.88599395751953,1
mistral_7b,pavlick_nli,46.11291587352753,1
mistral_7b,pavlick_nli,41.38638377189636,1
mistral_7b,pavlick_nli,59.527504444122314,0
mistral_7b,pavlick_nli,55.51316738128662,1
mistral_7b,pavlick_nli,66.56091213226318,1
mistral_7b,pavlick_nli,60.654258728027344,1
mistral_7b,pavlick_nli,41.8173223733902,1
mistral_7b,pavlick_nli,42.32212007045746,1
mistral_7b,pavlick_nli,43.803054094314575,1
mistral_7b,pavlick_nli,69.87192034721375,1
mistral_7b,pavlick_nli,58.63400101661682,1
mistral_7b,pavlick_nli,59.26656723022461,1
mistral_7b,pavlick_nli,58.50485563278198,1
mistral_7b,pavlick_nli,56.623029708862305,1
mistral_7b,pavlick_nli,61.33660078048706,1
mistral_7b,pavlick_nli,56.165772676467896,1
mistral_7b,pavlick_nli,58.69743824005127,1
mistral_7b,pavlick_nli,59.2715322971344,1
mistral_7b,pavlick_nli,52.686697244644165,1
mistral_7b,pavlick_nli,62.80730962753296,1
mistral_7b,pavlick_nli,39.30206596851349,1
mistral_7b,pavlick_nli,47.69829511642456,1
mistral_7b,pavlick_nli,54.29691672325134,1
mistral_7b,pavlick_nli,46.18903398513794,1
mistral_7b,pavlick_nli,44.22309100627899,1
mistral_7b,pavlick_nli,45.906272530555725,1
mistral_7b,pavlick_nli,49.44239556789398,1
mistral_7b,pavlick_nli,44.833382964134216,1
mistral_7b,pavlick_nli,39.408108592033386,0
mistral_7b,pavlick_nli,45.2900230884552,1
mistral_7b,pavlick_nli,57.87143111228943,1
mistral_7b,pavlick_nli,62.662023305892944,1
mistral_7b,pavlick_nli,51.35865807533264,1
mistral_7b,pavlick_nli,46.98992967605591,1
mistral_7b,pavlick_nli,51.8741250038147,1
mistral_7b,pavlick_nli,59.28682088851929,1
mistral_7b,pavlick_nli,57.47520327568054,0
mistral_7b,pavlick_nli,64.37437534332275,1
mistral_7b,pavlick_nli,62.09415793418884,0
mistral_7b,pavlick_nli,62.975507974624634,1
mistral_7b,pavlick_nli,50.419604778289795,1
mistral_7b,pavlick_nli,68.2254433631897,1
mistral_7b,pavlick_nli,60.32072305679321,1
mistral_7b,pavlick_nli,52.613723278045654,0
mistral_7b,pavlick_nli,47.71331548690796,1
mistral_7b,pavlick_nli,58.16371440887451,1
mistral_7b,pavlick_nli,45.738524198532104,1
mistral_7b,pavlick_nli,48.395270109176636,1
mistral_7b,pavlick_nli,40.60815870761871,1
mistral_7b,pavlick_nli,52.1481454372406,1
mistral_7b,pavlick_nli,45.25095224380493,1
mistral_7b,pavlick_nli,44.5756733417511,0
mistral_7b,pavlick_nli,72.26456999778748,1
mistral_7b,pavlick_nli,49.82771277427673,1
mistral_7b,pavlick_nli,41.97383224964142,0
mistral_7b,pavlick_nli,46.68150246143341,1
mistral_7b,pavlick_nli,45.637962222099304,1
mistral_7b,pavlick_nli,53.400516510009766,0
mistral_7b,pavlick_nli,50.74155926704407,1
mistral_7b,pavlick_nli,43.98117959499359,1
mistral_7b,pavlick_nli,41.49116277694702,0
mistral_7b,pavlick_nli,51.99707746505737,1
mistral_7b,pavlick_nli,44.946929812431335,1
mistral_7b,pavlick_nli,48.61959218978882,1
mistral_7b,pavlick_nli,40.230995416641235,1
mistral_7b,pavlick_nli,55.046504735946655,1
mistral_7b,pavlick_nli,36.184921860694885,0
mistral_7b,pavlick_nli,49.54547882080078,1
mistral_7b,pavlick_nli,45.44241726398468,0
mistral_7b,pavlick_nli,51.71506404876709,1
mistral_7b,pavlick_nli,65.0403618812561,1
mistral_7b,pavlick_nli,52.027833461761475,1
mistral_7b,pavlick_nli,60.8997106552124,1
mistral_7b,pavlick_nli,59.54725742340088,0
mistral_7b,pavlick_nli,44.08715069293976,0
mistral_7b,pavlick_nli,49.56263601779938,1
mistral_7b,pavlick_nli,47.69171178340912,1
mistral_7b,pavlick_nli,44.611164927482605,0
mistral_7b,pavlick_nli,55.2655816078186,1
mistral_7b,pavlick_nli,52.64095067977905,1
mistral_7b,pavlick_nli,55.10263442993164,1
mistral_7b,pavlick_nli,45.55706083774567,1
mistral_7b,pavlick_nli,50.745344161987305,1
mistral_7b,pavlick_nli,39.66636657714844,0
mistral_7b,pavlick_nli,42.51738786697388,0
mistral_7b,pavlick_nli,54.5448362827301,1
mistral_7b,pavlick_nli,60.07213592529297,1
mistral_7b,pavlick_nli,60.1723313331604,0
mistral_7b,pavlick_nli,62.873655557632446,1
mistral_7b,pavlick_nli,54.48760390281677,1
mistral_7b,pavlick_nli,45.50313055515289,1
mistral_7b,pavlick_nli,60.005003213882446,1
mistral_7b,pavlick_nli,53.65895628929138,1
mistral_7b,pavlick_nli,57.53207206726074,1
mistral_7b,pavlick_nli,49.43994879722595,1
mistral_7b,pavlick_nli,46.14185392856598,1
mistral_7b,pavlick_nli,59.3654990196228,1
mistral_7b,pavlick_nli,59.69821810722351,1
mistral_7b,pavlick_nli,43.74338388442993,1
mistral_7b,pavlick_nli,46.29252552986145,1
mistral_7b,pavlick_nli,60.14869809150696,1
mistral_7b,pavlick_nli,46.63642942905426,1
mistral_7b,pavlick_nli,56.335753202438354,1
mistral_7b,pavlick_nli,59.43451523780823,0
mistral_7b,pavlick_nli,69.4096326828003,1
mistral_7b,pavlick_nli,49.811822175979614,1
mistral_7b,pavlick_nli,53.449976444244385,1
mistral_7b,pavlick_nli,48.64376485347748,1
mistral_7b,pavlick_nli,57.72366523742676,0
mistral_7b,pavlick_nli,41.259533166885376,1
mistral_7b,pavlick_nli,44.885483384132385,0
mistral_7b,pavlick_nli,44.52853798866272,0
mistral_7b,pavlick_nli,49.90353286266327,1
mistral_7b,pavlick_nli,61.871522665023804,1
mistral_7b,pavlick_nli,45.78780233860016,1
mistral_7b,pavlick_nli,57.69267678260803,1
mistral_7b,pavlick_nli,61.89095973968506,1
mistral_7b,pavlick_nli,62.59790062904358,1
mistral_7b,pavlick_nli,47.21294045448303,1
mistral_7b,pavlick_nli,47.89891839027405,1
mistral_7b,pavlick_nli,52.231425046920776,1
mistral_7b,pavlick_nli,64.53672051429749,1
mistral_7b,pavlick_nli,56.604987382888794,1
mistral_7b,pavlick_nli,47.53974974155426,1
mistral_7b,pavlick_nli,53.67078185081482,0
mistral_7b,pavlick_nli,44.673529267311096,1
mistral_7b,pavlick_nli,54.68279719352722,0
mistral_7b,pavlick_nli,49.8512864112854,1
mistral_7b,pavlick_nli,61.143457889556885,1
mistral_7b,pavlick_nli,55.62574863433838,1
mistral_7b,pavlick_nli,60.32005548477173,1
mistral_7b,pavlick_nli,45.23876905441284,1
mistral_7b,pavlick_nli,62.90924549102783,1
mistral_7b,pavlick_nli,43.90076398849487,1
mistral_7b,pavlick_nli,39.061179757118225,1
mistral_7b,pavlick_nli,46.48836553096771,1
mistral_7b,pavlick_nli,75.83056688308716,1
mistral_7b,pavlick_nli,53.42986583709717,0
mistral_7b,pavlick_nli,45.732665061950684,1
mistral_7b,pavlick_nli,56.60252571105957,1
mistral_7b,pavlick_nli,49.80955123901367,1
mistral_7b,pavlick_nli,44.62634325027466,0
mistral_7b,pavlick_nli,61.32630705833435,1
mistral_7b,pavlick_nli,61.018210649490356,1
mistral_7b,pavlick_nli,68.77932548522949,1
mistral_7b,pavlick_nli,64.1100525856018,1
mistral_7b,pavlick_nli,56.707555055618286,0
mistral_7b,pavlick_nli,47.26470708847046,1
mistral_7b,pavlick_nli,51.90587043762207,1
mistral_7b,pavlick_nli,59.42205190658569,1
mistral_7b,pavlick_nli,56.06797933578491,1
mistral_7b,pavlick_nli,45.30714452266693,1
mistral_7b,pavlick_nli,53.276777267456055,1
mistral_7b,pavlick_nli,54.02595400810242,0
mistral_7b,pavlick_nli,63.96176815032959,1
mistral_7b,pavlick_nli,64.57568407058716,1
mistral_7b,pavlick_nli,59.657663106918335,1
mistral_7b,pavlick_nli,49.586570262908936,1
mistral_7b,pavlick_nli,63.66174817085266,0
mistral_7b,pavlick_nli,47.57767915725708,1
mistral_7b,pavlick_nli,65.83764553070068,1
mistral_7b,pavlick_nli,34.798866510391235,1
mistral_7b,pavlick_nli,58.413463830947876,1
mistral_7b,pavlick_nli,53.82470488548279,1
mistral_7b,pavlick_nli,52.1481454372406,0
mistral_7b,pavlick_nli,60.99293231964111,1
mistral_7b,pavlick_nli,56.08009099960327,1
mistral_7b,pavlick_nli,55.40958642959595,0
mistral_7b,pavlick_nli,52.44002342224121,1
mistral_7b,pavlick_nli,41.95281267166138,0
mistral_7b,pavlick_nli,54.42591309547424,1
mistral_7b,pavlick_nli,69.08236742019653,1
mistral_7b,pavlick_nli,54.08090949058533,0
mistral_7b,pavlick_nli,69.88146901130676,1
mistral_7b,pavlick_nli,50.55422782897949,1
mistral_7b,pavlick_nli,50.20208954811096,1
mistral_7b,pavlick_nli,48.965927958488464,1
mistral_7b,pavlick_nli,59.996163845062256,1
mistral_7b,pavlick_nli,45.597800612449646,1
mistral_7b,pavlick_nli,40.63808023929596,0
mistral_7b,pavlick_nli,45.874327421188354,1
mistral_7b,pavlick_nli,59.12209153175354,1
mistral_7b,pavlick_nli,54.865992069244385,1
mistral_7b,pavlick_nli,53.37451696395874,0
mistral_7b,pavlick_nli,45.151230692863464,1
mistral_7b,pavlick_nli,53.75925898551941,1
mistral_7b,pavlick_nli,41.35802090167999,1
mistral_7b,pavlick_nli,64.6439790725708,1
mistral_7b,pavlick_nli,60.107481479644775,1
mistral_7b,pavlick_nli,43.97810399532318,1
mistral_7b,pavlick_nli,54.361796379089355,0
mistral_7b,pavlick_nli,64.76367115974426,1
mistral_7b,pavlick_nli,45.894789695739746,1
mistral_7b,pavlick_nli,42.18586087226868,1
mistral_7b,pavlick_nli,46.844157576560974,1
mistral_7b,pavlick_nli,58.72470140457153,1
mistral_7b,pavlick_nli,61.31123900413513,1
mistral_7b,pavlick_nli,59.22131538391113,1
mistral_7b,pavlick_nli,43.97859275341034,1
mistral_7b,pavlick_nli,54.719847440719604,1
mistral_7b,pavlick_nli,43.141475319862366,1
mistral_7b,pavlick_nli,56.42489790916443,1
mistral_7b,pavlick_nli,45.74666619300842,1
mistral_7b,pavlick_nli,55.51316738128662,1
mistral_7b,pavlick_nli,45.53458392620087,1
mistral_7b,pavlick_nli,57.185691595077515,1
mistral_7b,pavlick_nli,59.7093939781189,1
mistral_7b,pavlick_nli,50.4088819026947,1
mistral_7b,pavlick_nli,41.91577136516571,1
mistral_7b,pavlick_nli,57.84504413604736,1
mistral_7b,pavlick_nli,50.148117542266846,1
mistral_7b,pavlick_nli,43.81861090660095,1
mistral_7b,pavlick_nli,54.75999712944031,1
mistral_7b,pavlick_nli,58.44475030899048,1
mistral_7b,pavlick_nli,44.33102309703827,1
mistral_7b,pavlick_nli,54.04239296913147,1
mistral_7b,pavlick_nli,55.318260192871094,0
mistral_7b,pavlick_nli,45.6527054309845,1
mistral_7b,pavlick_nli,43.56619119644165,0
mistral_7b,pavlick_nli,53.171366453170776,1
mistral_7b,pavlick_nli,53.82312536239624,1
mistral_7b,pavlick_nli,55.27909994125366,0
mistral_7b,pavlick_nli,45.190608501434326,1
mistral_7b,pavlick_nli,43.173614144325256,1
mistral_7b,pavlick_nli,63.23782205581665,1
mistral_7b,pavlick_nli,49.26497936248779,0
mistral_7b,pavlick_nli,43.51944029331207,0
mistral_7b,pavlick_nli,61.17751598358154,0
mistral_7b,pavlick_nli,61.62489056587219,1
mistral_7b,pavlick_nli,49.132364988327026,1
mistral_7b,pavlick_nli,59.19707417488098,1
mistral_7b,pavlick_nli,55.54012060165405,1
mistral_7b,pavlick_nli,41.05903208255768,1
mistral_7b,pavlick_nli,66.00604057312012,1
mistral_7b,pavlick_nli,60.039520263671875,1
mistral_7b,pavlick_nli,46.09130024909973,1
mistral_7b,pavlick_nli,56.82739019393921,1
mistral_7b,pavlick_nli,58.08677673339844,1
mistral_7b,pavlick_nli,44.429370760917664,1
mistral_7b,pavlick_nli,67.56356954574585,1
mistral_7b,pavlick_nli,65.32108783721924,1
mistral_7b,pavlick_nli,55.167245864868164,0
mistral_7b,pavlick_nli,59.06774401664734,0
mistral_7b,pavlick_nli,53.62217426300049,0
mistral_7b,pavlick_nli,45.70796191692352,1
mistral_7b,pavlick_nli,49.93395507335663,1
mistral_7b,pavlick_nli,50.20836591720581,1
mistral_7b,pavlick_nli,60.544127225875854,1
mistral_7b,pavlick_nli,63.36459517478943,1
mistral_7b,pavlick_nli,49.949195981025696,1
mistral_7b,pavlick_nli,55.16896843910217,1
mistral_7b,pavlick_nli,57.51447677612305,1
mistral_7b,pavlick_nli,63.80915641784668,0
mistral_7b,pavlick_nli,60.00579595565796,1
mistral_7b,pavlick_nli,45.49421966075897,1
mistral_7b,pavlick_nli,56.908994913101196,0
mistral_7b,pavlick_nli,46.89694941043854,1
mistral_7b,pavlick_nli,61.56688928604126,1
mistral_7b,pavlick_nli,60.71542501449585,1
mistral_7b,pavlick_nli,48.99797439575195,1
mistral_7b,pavlick_nli,56.60402774810791,0
mistral_7b,pavlick_nli,65.98635911941528,1
mistral_7b,pavlick_nli,47.112542390823364,1
mistral_7b,pavlick_nli,46.28957509994507,1
mistral_7b,pavlick_nli,47.4400520324707,1
mistral_7b,pavlick_nli,53.8906455039978,1
mistral_7b,pavlick_nli,41.46100878715515,1
mistral_7b,pavlick_nli,68.85833144187927,1
mistral_7b,pavlick_nli,60.28397083282471,1
mistral_7b,pavlick_nli,55.32486438751221,1
mistral_7b,pavlick_nli,52.506422996520996,1
mistral_7b,pavlick_nli,47.64662981033325,1
mistral_7b,pavlick_nli,60.7191801071167,1
mistral_7b,pavlick_nli,53.64835262298584,0
mistral_7b,pavlick_nli,51.031333208084106,1
mistral_7b,pavlick_nli,37.3388409614563,1
mistral_7b,pavlick_nli,61.70477271080017,1
mistral_7b,pavlick_nli,65.67750573158264,1
mistral_7b,pavlick_nli,59.121108055114746,1
mistral_7b,pavlick_nli,59.14255976676941,0
mistral_7b,pavlick_nli,55.85111379623413,1
mistral_7b,pavlick_nli,56.06992244720459,1
mistral_7b,pavlick_nli,51.01150870323181,1
mistral_7b,pavlick_nli,55.73601722717285,1
mistral_7b,pavlick_nli,53.31791639328003,1
mistral_7b,pavlick_nli,61.36694550514221,0
mistral_7b,pavlick_nli,57.47213959693909,1
mistral_7b,pavlick_nli,48.261311650276184,1
mistral_7b,pavlick_nli,62.583571672439575,1
mistral_7b,pavlick_nli,48.091307282447815,1
mistral_7b,pavlick_nli,61.26359701156616,1
mistral_7b,pavlick_nli,60.58051586151123,0
mistral_7b,pavlick_nli,43.87849569320679,0
mistral_7b,pavlick_nli,50.528258085250854,1
mistral_7b,pavlick_nli,48.06419312953949,1
mistral_7b,pavlick_nli,48.59939515590668,1
mistral_7b,pavlick_nli,43.86754930019379,1
mistral_7b,pavlick_nli,43.19813549518585,1
mistral_7b,pavlick_nli,43.00813972949982,0
mistral_7b,pavlick_nli,42.469269037246704,1
mistral_7b,pavlick_nli,49.77455139160156,1
mistral_7b,pavlick_nli,57.33866095542908,1
mistral_7b,pavlick_nli,58.362603187561035,1
mistral_7b,pavlick_nli,57.29022026062012,1
mistral_7b,pavlick_nli,48.12847971916199,1
mistral_7b,pavlick_nli,46.13714516162872,1
mistral_7b,pavlick_nli,48.06213080883026,1
mistral_7b,pavlick_nli,51.320236921310425,0
mistral_7b,pavlick_nli,52.48590707778931,1
mistral_7b,pavlick_nli,53.54188680648804,1
mistral_7b,pavlick_nli,43.868812918663025,1
mistral_7b,pavlick_nli,59.61465239524841,0
mistral_7b,pavlick_nli,62.59416341781616,1
mistral_7b,pavlick_nli,55.52821159362793,1
mistral_7b,pavlick_nli,56.47503137588501,1
mistral_7b,pavlick_nli,42.65959858894348,0
mistral_7b,pavlick_nli,46.75772786140442,1
mistral_7b,pavlick_nli,58.39166045188904,0
mistral_7b,pavlick_nli,50.63064098358154,1
mistral_7b,pavlick_nli,45.3761488199234,1
mistral_7b,pavlick_nli,42.325010895729065,1
mistral_7b,pavlick_nli,61.820077896118164,1
mistral_7b,pavlick_nli,44.38849687576294,0
mistral_7b,pavlick_nli,59.3142569065094,1
mistral_7b,pavlick_nli,58.98200273513794,1
mistral_7b,pavlick_nli,40.852752327919006,1
mistral_7b,pavlick_nli,60.05959510803223,1
mistral_7b,pavlick_nli,46.31373584270477,1
mistral_7b,pavlick_nli,43.78923177719116,1
mistral_7b,pavlick_nli,46.85812294483185,1
mistral_7b,pavlick_nli,59.652578830718994,0
mistral_7b,pavlick_nli,42.451855540275574,1
mistral_7b,pavlick_nli,47.72172570228577,1
mistral_7b,pavlick_nli,54.680877923965454,1
mistral_7b,pavlick_nli,40.626031160354614,1
mistral_7b,pavlick_nli,63.40692639350891,1
mistral_7b,pavlick_nli,53.83343696594238,1
mistral_7b,pavlick_nli,45.71556746959686,1
mistral_7b,pavlick_nli,44.20307278633118,1
mistral_7b,pavlick_nli,41.28994047641754,0
mistral_7b,pavlick_nli,59.9945604801178,1
mistral_7b,pavlick_nli,47.70075082778931,1
mistral_7b,pavlick_nli,65.79974293708801,1
mistral_7b,pavlick_nli,42.66143441200256,1
mistral_7b,pavlick_nli,55.119138956069946,1
mistral_7b,pavlick_nli,46.93276882171631,0
mistral_7b,pavlick_nli,60.13490557670593,1
mistral_7b,pavlick_nli,42.90158450603485,1
mistral_7b,pavlick_nli,63.42036724090576,1
mistral_7b,pavlick_nli,43.01537275314331,1
mistral_7b,pavlick_nli,45.317068696022034,1
mistral_7b,pavlick_nli,55.84719181060791,1
mistral_7b,pavlick_nli,56.39711022377014,1
mistral_7b,pavlick_nli,45.24662792682648,1
mistral_7b,pavlick_nli,51.827239990234375,0
mistral_7b,pavlick_nli,41.179412603378296,1
mistral_7b,pavlick_nli,52.968281507492065,1
mistral_7b,pavlick_nli,48.20257127285004,1
mistral_7b,pavlick_nli,57.22055435180664,1
mistral_7b,pavlick_nli,48.24559688568115,1
mistral_7b,pavlick_nli,59.271180629730225,1
mistral_7b,pavlick_nli,59.45514440536499,1
mistral_7b,pavlick_nli,43.64081621170044,1
mistral_7b,pavlick_nli,43.14481317996979,1
mistral_7b,pavlick_nli,48.58013093471527,1
mistral_7b,pavlick_nli,48.99032115936279,1
mistral_7b,pavlick_nli,46.59171998500824,1
mistral_7b,pavlick_nli,46.85319662094116,1
mistral_7b,pavlick_nli,55.41025996208191,0
mistral_7b,pavlick_nli,44.888535141944885,1
mistral_7b,pavlick_nli,54.279786348342896,1
mistral_7b,pavlick_nli,44.30600106716156,1
mistral_7b,pavlick_nli,56.59300684928894,1
mistral_7b,pavlick_nli,62.86405324935913,1
mistral_7b,pavlick_nli,64.7813618183136,1
mistral_7b,pavlick_nli,51.502180099487305,0
mistral_7b,pavlick_nli,45.89517116546631,1
mistral_7b,pavlick_nli,49.508652091026306,1
mistral_7b,pavlick_nli,65.62626361846924,1
mistral_7b,pavlick_nli,56.901079416275024,1
qwen2_5_7b,truthfulqa,98.51112365722656,0
qwen2_5_7b,truthfulqa,98.19793105125427,1
qwen2_5_7b,truthfulqa,72.61155843734741,1
qwen2_5_7b,truthfulqa,98.51426482200623,1
qwen2_5_7b,truthfulqa,99.95667934417725,1
qwen2_5_7b,truthfulqa,98.34473133087158,0
qwen2_5_7b,truthfulqa,97.48700857162476,0
qwen2_5_7b,truthfulqa,98.29668998718262,1
qwen2_5_7b,truthfulqa,99.98719692230225,1
qwen2_5_7b,truthfulqa,81.57131671905518,1
qwen2_5_7b,truthfulqa,58.66091251373291,0
qwen2_5_7b,truthfulqa,98.78810048103333,0
qwen2_5_7b,truthfulqa,99.2470920085907,1
qwen2_5_7b,truthfulqa,99.89051222801208,0
qwen2_5_7b,truthfulqa,71.48677110671997,0
qwen2_5_7b,truthfulqa,47.64662683010101,0
qwen2_5_7b,truthfulqa,92.11570024490356,0
qwen2_5_7b,truthfulqa,57.58826732635498,0
qwen2_5_7b,truthfulqa,99.27982091903687,1
qwen2_5_7b,truthfulqa,98.66374731063843,0
qwen2_5_7b,truthfulqa,99.65153336524963,1
qwen2_5_7b,truthfulqa,99.97612833976746,1
qwen2_5_7b,truthfulqa,98.33236932754517,1
qwen2_5_7b,truthfulqa,61.33805513381958,0
qwen2_5_7b,truthfulqa,71.4033842086792,1
qwen2_5_7b,truthfulqa,82.64099359512329,1
qwen2_5_7b,truthfulqa,99.90388751029968,1
qwen2_5_7b,truthfulqa,97.845858335495,0
qwen2_5_7b,truthfulqa,99.89408254623413,1
qwen2_5_7b,truthfulqa,99.67592358589172,1
qwen2_5_7b,truthfulqa,99.91669654846191,1
qwen2_5_7b,truthfulqa,13.150416314601898,0
qwen2_5_7b,truthfulqa,86.70984506607056,0
qwen2_5_7b,truthfulqa,99.9174952507019,1
qwen2_5_7b,truthfulqa,94.96634006500244,1
qwen2_5_7b,truthfulqa,98.67125749588013,1
qwen2_5_7b,truthfulqa,92.83277988433838,0
qwen2_5_7b,truthfulqa,96.84581160545349,0
qwen2_5_7b,truthfulqa,22.756427526474,0
qwen2_5_7b,truthfulqa,93.57640743255615,1
qwen2_5_7b,truthfulqa,88.32066059112549,0
qwen2_5_7b,truthfulqa,97.2012460231781,0
qwen2_5_7b,truthfulqa,98.41240644454956,0
qwen2_5_7b,truthfulqa,96.92254066467285,0
qwen2_5_7b,truthfulqa,80.584317445755,1
qwen2_5_7b,truthfulqa,93.86853575706482,1
qwen2_5_7b,truthfulqa,91.75076484680176,1
qwen2_5_7b,truthfulqa,99.5525062084198,0
qwen2_5_7b,truthfulqa,95.69848775863647,0
qwen2_5_7b,truthfulqa,97.33695983886719,0
qwen2_5_7b,truthfulqa,97.82674312591553,1
qwen2_5_7b,truthfulqa,99.95774030685425,0
qwen2_5_7b,truthfulqa,98.40994477272034,0
qwen2_5_7b,truthfulqa,99.9137818813324,0
qwen2_5_7b,truthfulqa,15.172819793224335,0
qwen2_5_7b,truthfulqa,98.05226922035217,1
qwen2_5_7b,truthfulqa,99.96899962425232,1
qwen2_5_7b,truthfulqa,98.54518175125122,1
qwen2_5_7b,truthfulqa,96.94267511367798,1
qwen2_5_7b,truthfulqa,98.48049283027649,0
qwen2_5_7b,truthfulqa,99.27648305892944,1
qwen2_5_7b,truthfulqa,99.75033402442932,0
qwen2_5_7b,truthfulqa,99.91430044174194,1
qwen2_5_7b,truthfulqa,99.67706203460693,1
qwen2_5_7b,truthfulqa,98.83434176445007,1
qwen2_5_7b,truthfulqa,99.98406171798706,1
qwen2_5_7b,truthfulqa,82.19789862632751,0
qwen2_5_7b,truthfulqa,87.47972249984741,0
qwen2_5_7b,truthfulqa,99.42821264266968,0
qwen2_5_7b,truthfulqa,99.87950325012207,0
qwen2_5_7b,truthfulqa,98.38891625404358,0
qwen2_5_7b,truthfulqa,99.75144863128662,0
qwen2_5_7b,truthfulqa,99.76823925971985,0
qwen2_5_7b,truthfulqa,84.2212975025177,1
qwen2_5_7b,truthfulqa,46.94034457206726,0
qwen2_5_7b,truthfulqa,99.51277375221252,1
qwen2_5_7b,truthfulqa,99.95181560516357,0
qwen2_5_7b,truthfulqa,99.50774908065796,1
qwen2_5_7b,truthfulqa,99.81715679168701,0
qwen2_5_7b,truthfulqa,98.79086017608643,1
qwen2_5_7b,truthfulqa,34.89544987678528,0
qwen2_5_7b,truthfulqa,97.11641073226929,1
qwen2_5_7b,truthfulqa,99.29439425468445,1
qwen2_5_7b,truthfulqa,22.29703962802887,0
qwen2_5_7b,truthfulqa,94.24071311950684,0
qwen2_5_7b,truthfulqa,99.70762133598328,1
qwen2_5_7b,truthfulqa,98.75542521476746,0
qwen2_5_7b,truthfulqa,47.851237654685974,1
qwen2_5_7b,truthfulqa,99.53511953353882,1
qwen2_5_7b,truthfulqa,95.48866152763367,0
qwen2_5_7b,truthfulqa,19.262512028217316,0
qwen2_5_7b,truthfulqa,98.98493885993958,1
qwen2_5_7b,truthfulqa,94.47094202041626,0
qwen2_5_7b,truthfulqa,96.05889320373535,1
qwen2_5_7b,truthfulqa,99.92627501487732,0
qwen2_5_7b,truthfulqa,99.97324347496033,0
qwen2_5_7b,truthfulqa,44.1398024559021,0
qwen2_5_7b,truthfulqa,16.147272288799286,0
qwen2_5_7b,truthfulqa,20.179474353790283,0
qwen2_5_7b,truthfulqa,95.37959098815918,0
qwen2_5_7b,truthfulqa,98.99991750717163,0
qwen2_5_7b,truthfulqa,97.57775068283081,0
qwen2_5_7b,truthfulqa,88.69888186454773,1
qwen2_5_7b,truthfulqa,95.06305456161499,0
qwen2_5_7b,truthfulqa,85.23067235946655,1
qwen2_5_7b,truthfulqa,99.9243974685669,0
qwen2_5_7b,truthfulqa,99.31104183197021,1
qwen2_5_7b,truthfulqa,99.76193308830261,1
qwen2_5_7b,truthfulqa,98.4453022480011,0
qwen2_5_7b,truthfulqa,96.59507870674133,1
qwen2_5_7b,truthfulqa,99.95563626289368,1
qwen2_5_7b,truthfulqa,98.64024519920349,1
qwen2_5_7b,truthfulqa,79.11983728408813,0
qwen2_5_7b,truthfulqa,95.38493156433105,1
qwen2_5_7b,truthfulqa,99.94523525238037,1
qwen2_5_7b,truthfulqa,97.88686633110046,0
qwen2_5_7b,truthfulqa,92.4994945526123,1
qwen2_5_7b,truthfulqa,99.95441436767578,0
qwen2_5_7b,truthfulqa,99.41274523735046,0
qwen2_5_7b,truthfulqa,99.91363286972046,1
qwen2_5_7b,truthfulqa,98.08831810951233,0
qwen2_5_7b,truthfulqa,99.67133402824402,1
qwen2_5_7b,truthfulqa,99.4852364063263,1
qwen2_5_7b,truthfulqa,97.78810143470764,0
qwen2_5_7b,truthfulqa,96.32756114006042,0
qwen2_5_7b,truthfulqa,99.93764758110046,1
qwen2_5_7b,truthfulqa,98.86003732681274,1
qwen2_5_7b,truthfulqa,35.27798056602478,0
qwen2_5_7b,truthfulqa,82.34158158302307,0
qwen2_5_7b,truthfulqa,99.4900107383728,0
qwen2_5_7b,truthfulqa,98.64357113838196,0
qwen2_5_7b,truthfulqa,99.51027035713196,1
qwen2_5_7b,truthfulqa,18.18411648273468,0
qwen2_5_7b,truthfulqa,96.7380702495575,0
qwen2_5_7b,truthfulqa,99.98199939727783,0
qwen2_5_7b,truthfulqa,34.95934307575226,0
qwen2_5_7b,truthfulqa,99.71977472305298,0
qwen2_5_7b,truthfulqa,99.95914697647095,1
qwen2_5_7b,truthfulqa,18.067364394664764,0
qwen2_5_7b,truthfulqa,99.37045574188232,1
qwen2_5_7b,truthfulqa,99.86484050750732,1
qwen2_5_7b,truthfulqa,83.96316766738892,1
qwen2_5_7b,truthfulqa,98.84477257728577,0
qwen2_5_7b,truthfulqa,90.77418446540833,0
qwen2_5_7b,truthfulqa,99.61673021316528,1
qwen2_5_7b,truthfulqa,97.16616868972778,1
qwen2_5_7b,truthfulqa,99.92302656173706,1
qwen2_5_7b,truthfulqa,99.47400093078613,1
qwen2_5_7b,truthfulqa,94.70868706703186,0
qwen2_5_7b,truthfulqa,98.46218228340149,1
qwen2_5_7b,truthfulqa,43.16057562828064,0
qwen2_5_7b,truthfulqa,99.89874958992004,0
qwen2_5_7b,truthfulqa,94.80558037757874,1
qwen2_5_7b,truthfulqa,99.94822144508362,1
qwen2_5_7b,truthfulqa,99.750816822052,1
qwen2_5_7b,truthfulqa,95.76009511947632,0
qwen2_5_7b,truthfulqa,92.77250170707703,1
qwen2_5_7b,truthfulqa,99.92508888244629,0
qwen2_5_7b,truthfulqa,94.06121969223022,1
qwen2_5_7b,truthfulqa,99.62583780288696,0
qwen2_5_7b,truthfulqa,99.95337724685669,1
qwen2_5_7b,truthfulqa,99.9959409236908,1
qwen2_5_7b,truthfulqa,99.99037981033325,0
qwen2_5_7b,truthfulqa,94.4093406200409,0
qwen2_5_7b,truthfulqa,97.6458191871643,0
qwen2_5_7b,truthfulqa,94.76670622825623,0
qwen2_5_7b,truthfulqa,75.69400072097778,0
qwen2_5_7b,truthfulqa,98.5730528831482,1
qwen2_5_7b,truthfulqa,99.06815886497498,1
qwen2_5_7b,truthfulqa,18.262161314487457,0
qwen2_5_7b,truthfulqa,99.25647974014282,1
qwen2_5_7b,truthfulqa,95.20854353904724,1
qwen2_5_7b,truthfulqa,87.58794665336609,1
qwen2_5_7b,truthfulqa,99.8695433139801,1
qwen2_5_7b,truthfulqa,81.2976062297821,0
qwen2_5_7b,truthfulqa,96.2045669555664,0
qwen2_5_7b,truthfulqa,95.60714960098267,1
qwen2_5_7b,truthfulqa,13.654397428035736,0
qwen2_5_7b,truthfulqa,98.40106964111328,1
qwen2_5_7b,truthfulqa,99.8775839805603,1
qwen2_5_7b,truthfulqa,99.56810474395752,1
qwen2_5_7b,truthfulqa,99.00684952735901,0
qwen2_5_7b,truthfulqa,46.670958399772644,0
qwen2_5_7b,truthfulqa,98.91008138656616,0
qwen2_5_7b,truthfulqa,11.220670491456985,0
qwen2_5_7b,truthfulqa,98.91311526298523,0
qwen2_5_7b,truthfulqa,86.19292974472046,1
qwen2_5_7b,truthfulqa,98.21252226829529,1
qwen2_5_7b,truthfulqa,99.0142285823822,1
qwen2_5_7b,truthfulqa,63.87121081352234,0
qwen2_5_7b,truthfulqa,99.79629516601562,1
qwen2_5_7b,truthfulqa,99.61225390434265,1
qwen2_5_7b,truthfulqa,99.95959401130676,1
qwen2_5_7b,truthfulqa,94.00305151939392,1
qwen2_5_7b,truthfulqa,97.6396918296814,1
qwen2_5_7b,truthfulqa,99.96050000190735,0
qwen2_5_7b,truthfulqa,91.80968403816223,0
qwen2_5_7b,truthfulqa,47.16464579105377,0
qwen2_5_7b,truthfulqa,99.98399615287781,1
qwen2_5_7b,truthfulqa,89.86421823501587,1
qwen2_5_7b,truthfulqa,99.78920221328735,1
qwen2_5_7b,truthfulqa,98.61776828765869,0
qwen2_5_7b,truthfulqa,99.93060827255249,0
qwen2_5_7b,truthfulqa,98.60506653785706,0
qwen2_5_7b,truthfulqa,99.96417760848999,1
qwen2_5_7b,truthfulqa,97.16549515724182,0
qwen2_5_7b,truthfulqa,99.96622204780579,0
qwen2_5_7b,truthfulqa,99.95597004890442,1
qwen2_5_7b,truthfulqa,95.74238657951355,0
qwen2_5_7b,truthfulqa,23.37200492620468,1
qwen2_5_7b,truthfulqa,95.32672166824341,1
qwen2_5_7b,truthfulqa,99.51267838478088,1
qwen2_5_7b,truthfulqa,99.89386200904846,1
qwen2_5_7b,truthfulqa,95.29125094413757,0
qwen2_5_7b,truthfulqa,50.61519742012024,0
qwen2_5_7b,truthfulqa,97.24712371826172,1
qwen2_5_7b,truthfulqa,89.14391994476318,1
qwen2_5_7b,truthfulqa,99.61206912994385,0
qwen2_5_7b,truthfulqa,99.9755859375,1
qwen2_5_7b,truthfulqa,82.1861982345581,0
qwen2_5_7b,truthfulqa,98.96702766418457,1
qwen2_5_7b,truthfulqa,99.75269436836243,1
qwen2_5_7b,truthfulqa,99.34751391410828,1
qwen2_5_7b,truthfulqa,84.76846218109131,0
qwen2_5_7b,truthfulqa,99.97049570083618,1
qwen2_5_7b,truthfulqa,97.64159917831421,0
qwen2_5_7b,truthfulqa,90.43739438056946,1
qwen2_5_7b,truthfulqa,99.15030002593994,1
qwen2_5_7b,truthfulqa,95.38165330886841,0
qwen2_5_7b,truthfulqa,99.2349624633789,0
qwen2_5_7b,truthfulqa,99.9535620212555,0
qwen2_5_7b,truthfulqa,97.43553400039673,0
qwen2_5_7b,truthfulqa,98.57141375541687,1
qwen2_5_7b,truthfulqa,90.40140509605408,0
qwen2_5_7b,truthfulqa,99.10768866539001,1
qwen2_5_7b,truthfulqa,94.93692517280579,0
qwen2_5_7b,truthfulqa,94.80857849121094,0
qwen2_5_7b,truthfulqa,99.37915205955505,1
qwen2_5_7b,truthfulqa,96.561598777771,0
qwen2_5_7b,truthfulqa,99.97515678405762,1
qwen2_5_7b,truthfulqa,97.80412316322327,0
qwen2_5_7b,truthfulqa,95.9574282169342,0
qwen2_5_7b,truthfulqa,99.89275336265564,1
qwen2_5_7b,truthfulqa,99.85159039497375,1
qwen2_5_7b,truthfulqa,99.94971752166748,0
qwen2_5_7b,truthfulqa,98.37227463722229,0
qwen2_5_7b,truthfulqa,99.7834324836731,1
qwen2_5_7b,truthfulqa,98.14925193786621,0
qwen2_5_7b,truthfulqa,83.68953466415405,1
qwen2_5_7b,truthfulqa,63.78891468048096,0
qwen2_5_7b,truthfulqa,98.48988056182861,1
qwen2_5_7b,truthfulqa,98.23694825172424,0
qwen2_5_7b,truthfulqa,89.48315382003784,0
qwen2_5_7b,truthfulqa,97.89090752601624,1
qwen2_5_7b,truthfulqa,95.33912539482117,0
qwen2_5_7b,truthfulqa,96.91342115402222,0
qwen2_5_7b,truthfulqa,97.95843362808228,0
qwen2_5_7b,truthfulqa,94.54315304756165,0
qwen2_5_7b,truthfulqa,98.94930124282837,1
qwen2_5_7b,truthfulqa,99.98297691345215,1
qwen2_5_7b,truthfulqa,96.85181975364685,1
qwen2_5_7b,truthfulqa,99.75727200508118,0
qwen2_5_7b,truthfulqa,66.68311953544617,0
qwen2_5_7b,truthfulqa,75.7432222366333,0
qwen2_5_7b,truthfulqa,96.01255059242249,0
qwen2_5_7b,truthfulqa,18.553122878074646,0
qwen2_5_7b,truthfulqa,99.87585544586182,1
qwen2_5_7b,truthfulqa,99.25041794776917,0
qwen2_5_7b,truthfulqa,98.65065813064575,0
qwen2_5_7b,truthfulqa,87.20039129257202,0
qwen2_5_7b,truthfulqa,99.09431338310242,1
qwen2_5_7b,truthfulqa,98.42281341552734,0
qwen2_5_7b,truthfulqa,99.51469302177429,1
qwen2_5_7b,truthfulqa,39.306724071502686,0
qwen2_5_7b,truthfulqa,96.02484703063965,1
qwen2_5_7b,truthfulqa,99.7182846069336,0
qwen2_5_7b,truthfulqa,98.88205528259277,0
qwen2_5_7b,truthfulqa,99.98719096183777,1
qwen2_5_7b,truthfulqa,99.98607635498047,0
qwen2_5_7b,truthfulqa,99.98210668563843,0
qwen2_5_7b,truthfulqa,99.23514723777771,0
qwen2_5_7b,truthfulqa,97.72635698318481,0
qwen2_5_7b,truthfulqa,87.57264614105225,0
qwen2_5_7b,truthfulqa,61.80688738822937,0
qwen2_5_7b,truthfulqa,97.82335758209229,0
qwen2_5_7b,truthfulqa,98.81860613822937,1
qwen2_5_7b,truthfulqa,99.98883008956909,1
qwen2_5_7b,truthfulqa,99.56220388412476,1
qwen2_5_7b,truthfulqa,99.74154829978943,1
qwen2_5_7b,truthfulqa,94.81154680252075,0
qwen2_5_7b,truthfulqa,99.69258308410645,0
qwen2_5_7b,truthfulqa,99.68281388282776,1
qwen2_5_7b,truthfulqa,98.89341592788696,1
qwen2_5_7b,truthfulqa,99.95868802070618,1
qwen2_5_7b,truthfulqa,83.98309350013733,1
qwen2_5_7b,truthfulqa,99.87680912017822,0
qwen2_5_7b,truthfulqa,99.67551231384277,1
qwen2_5_7b,truthfulqa,99.99134540557861,1
qwen2_5_7b,truthfulqa,99.5120644569397,1
qwen2_5_7b,truthfulqa,99.86304640769958,1
qwen2_5_7b,truthfulqa,99.70774054527283,1
qwen2_5_7b,truthfulqa,98.63382577896118,1
qwen2_5_7b,truthfulqa,97.63101935386658,0
qwen2_5_7b,truthfulqa,97.87006974220276,0
qwen2_5_7b,truthfulqa,98.98545742034912,1
qwen2_5_7b,truthfulqa,99.3245005607605,1
qwen2_5_7b,truthfulqa,96.65477275848389,1
qwen2_5_7b,truthfulqa,72.19262719154358,1
qwen2_5_7b,truthfulqa,94.02329921722412,0
qwen2_5_7b,truthfulqa,98.06106686592102,1
qwen2_5_7b,truthfulqa,99.9610185623169,1
qwen2_5_7b,truthfulqa,76.7045259475708,0
qwen2_5_7b,truthfulqa,97.99497127532959,0
qwen2_5_7b,truthfulqa,99.99743700027466,1
qwen2_5_7b,truthfulqa,12.880919873714447,0
qwen2_5_7b,truthfulqa,90.48053622245789,1
qwen2_5_7b,truthfulqa,93.34067702293396,1
qwen2_5_7b,truthfulqa,99.9254822731018,0
qwen2_5_7b,truthfulqa,98.91024231910706,1
qwen2_5_7b,truthfulqa,89.53738212585449,1
qwen2_5_7b,truthfulqa,99.95328783988953,1
qwen2_5_7b,truthfulqa,99.95110034942627,1
qwen2_5_7b,truthfulqa,94.63388919830322,0
qwen2_5_7b,truthfulqa,65.29197692871094,0
qwen2_5_7b,truthfulqa,94.73334550857544,0
qwen2_5_7b,truthfulqa,99.99595880508423,0
qwen2_5_7b,truthfulqa,29.805836081504822,0
qwen2_5_7b,truthfulqa,99.94432330131531,1
qwen2_5_7b,truthfulqa,99.34436082839966,1
qwen2_5_7b,truthfulqa,99.95909929275513,0
qwen2_5_7b,truthfulqa,98.45534563064575,1
qwen2_5_7b,truthfulqa,10.898862779140472,0
qwen2_5_7b,truthfulqa,85.70934534072876,0
qwen2_5_7b,truthfulqa,99.14900064468384,1
qwen2_5_7b,truthfulqa,98.31480979919434,1
qwen2_5_7b,truthfulqa,97.2369372844696,0
qwen2_5_7b,truthfulqa,99.43920969963074,0
qwen2_5_7b,truthfulqa,58.717137575149536,0
qwen2_5_7b,truthfulqa,99.3838906288147,0
qwen2_5_7b,truthfulqa,99.85657334327698,0
qwen2_5_7b,truthfulqa,97.99163341522217,1
qwen2_5_7b,truthfulqa,99.8555064201355,0
qwen2_5_7b,truthfulqa,99.98040795326233,1
qwen2_5_7b,truthfulqa,99.38727021217346,1
qwen2_5_7b,truthfulqa,80.53351640701294,0
qwen2_5_7b,truthfulqa,64.52810764312744,0
qwen2_5_7b,truthfulqa,99.93536472320557,1
qwen2_5_7b,truthfulqa,99.32964444160461,0
qwen2_5_7b,truthfulqa,97.29357957839966,1
qwen2_5_7b,truthfulqa,99.16580319404602,1
qwen2_5_7b,truthfulqa,74.87501502037048,0
qwen2_5_7b,truthfulqa,95.50082683563232,0
qwen2_5_7b,truthfulqa,12.81280517578125,0
qwen2_5_7b,truthfulqa,99.40813183784485,0
qwen2_5_7b,truthfulqa,99.9482810497284,1
qwen2_5_7b,truthfulqa,96.36958837509155,0
qwen2_5_7b,truthfulqa,98.33475351333618,0
qwen2_5_7b,truthfulqa,96.161288022995,0
qwen2_5_7b,truthfulqa,97.39830493927002,0
qwen2_5_7b,truthfulqa,99.29125308990479,0
qwen2_5_7b,truthfulqa,98.5765814781189,0
qwen2_5_7b,truthfulqa,99.83199834823608,1
qwen2_5_7b,truthfulqa,24.209095537662506,0
qwen2_5_7b,truthfulqa,14.385424554347992,0
qwen2_5_7b,truthfulqa,97.80122637748718,0
qwen2_5_7b,truthfulqa,96.75328731536865,0
qwen2_5_7b,truthfulqa,99.95498657226562,1
qwen2_5_7b,truthfulqa,99.26961660385132,1
qwen2_5_7b,truthfulqa,10.675229877233505,0
qwen2_5_7b,truthfulqa,12.593038380146027,0
qwen2_5_7b,truthfulqa,99.851393699646,1
qwen2_5_7b,truthfulqa,99.50698614120483,0
qwen2_5_7b,truthfulqa,99.64353442192078,1
qwen2_5_7b,truthfulqa,18.44213157892227,0
qwen2_5_7b,truthfulqa,99.85214471817017,1
qwen2_5_7b,truthfulqa,98.92861843109131,0
qwen2_5_7b,truthfulqa,99.55258369445801,1
qwen2_5_7b,truthfulqa,98.33691120147705,1
qwen2_5_7b,truthfulqa,91.1586582660675,1
qwen2_5_7b,truthfulqa,90.35672545433044,0
qwen2_5_7b,truthfulqa,99.85997080802917,1
qwen2_5_7b,truthfulqa,99.88232254981995,1
qwen2_5_7b,truthfulqa,75.21655559539795,1
qwen2_5_7b,truthfulqa,99.94304180145264,1
qwen2_5_7b,truthfulqa,99.99341368675232,1
qwen2_5_7b,truthfulqa,98.06774854660034,1
qwen2_5_7b,truthfulqa,96.91099524497986,1
qwen2_5_7b,truthfulqa,99.99420642852783,1
qwen2_5_7b,truthfulqa,99.7387707233429,1
qwen2_5_7b,truthfulqa,85.18003821372986,0
qwen2_5_7b,truthfulqa,70.29935717582703,0
qwen2_5_7b,truthfulqa,99.77755546569824,0
qwen2_5_7b,truthfulqa,99.90866780281067,1
qwen2_5_7b,truthfulqa,21.354469656944275,0
qwen2_5_7b,truthfulqa,84.71533060073853,0
qwen2_5_7b,truthfulqa,99.86026287078857,0
qwen2_5_7b,truthfulqa,95.88751196861267,1
qwen2_5_7b,truthfulqa,91.85134172439575,0
qwen2_5_7b,truthfulqa,96.29358649253845,1
qwen2_5_7b,truthfulqa,99.74144101142883,1
qwen2_5_7b,truthfulqa,78.50216627120972,0
qwen2_5_7b,truthfulqa,40.19451439380646,0
qwen2_5_7b,truthfulqa,99.32343363761902,1
qwen2_5_7b,truthfulqa,87.96669244766235,0
qwen2_5_7b,truthfulqa,98.190176486969,1
qwen2_5_7b,truthfulqa,64.79296088218689,0
qwen2_5_7b,truthfulqa,98.88303875923157,0
qwen2_5_7b,truthfulqa,98.82357716560364,1
qwen2_5_7b,truthfulqa,99.41934943199158,1
qwen2_5_7b,truthfulqa,99.59902763366699,0
qwen2_5_7b,truthfulqa,99.84555840492249,0
qwen2_5_7b,truthfulqa,97.71732091903687,1
qwen2_5_7b,truthfulqa,99.9559760093689,0
qwen2_5_7b,truthfulqa,97.25899696350098,0
qwen2_5_7b,truthfulqa,98.89547228813171,1
qwen2_5_7b,truthfulqa,99.93171691894531,1
qwen2_5_7b,truthfulqa,99.65065717697144,1
qwen2_5_7b,truthfulqa,96.57063484191895,1
qwen2_5_7b,truthfulqa,97.86731600761414,1
qwen2_5_7b,truthfulqa,98.08461666107178,0
qwen2_5_7b,truthfulqa,99.91952776908875,1
qwen2_5_7b,truthfulqa,96.20053172111511,0
qwen2_5_7b,truthfulqa,86.16142272949219,0
qwen2_5_7b,truthfulqa,99.01435971260071,0
qwen2_5_7b,truthfulqa,99.5151698589325,1
qwen2_5_7b,truthfulqa,98.894602060318,0
qwen2_5_7b,truthfulqa,22.147981822490692,0
qwen2_5_7b,truthfulqa,99.81316328048706,1
qwen2_5_7b,truthfulqa,99.6631383895874,1
qwen2_5_7b,truthfulqa,95.93248963356018,0
qwen2_5_7b,truthfulqa,99.46438670158386,1
qwen2_5_7b,truthfulqa,97.71522283554077,0
qwen2_5_7b,truthfulqa,98.84166717529297,0
qwen2_5_7b,truthfulqa,87.90659308433533,1
qwen2_5_7b,truthfulqa,83.5827112197876,0
qwen2_5_7b,truthfulqa,97.22371697425842,0
qwen2_5_7b,truthfulqa,95.82298398017883,1
qwen2_5_7b,truthfulqa,99.9840795993805,1
qwen2_5_7b,truthfulqa,99.9869704246521,0
qwen2_5_7b,truthfulqa,78.02488207817078,1
qwen2_5_7b,truthfulqa,96.42049670219421,1
qwen2_5_7b,truthfulqa,99.99696612358093,1
qwen2_5_7b,truthfulqa,81.0842514038086,0
qwen2_5_7b,truthfulqa,82.0108413696289,0
qwen2_5_7b,truthfulqa,98.24338555335999,1
qwen2_5_7b,truthfulqa,17.48291254043579,0
qwen2_5_7b,truthfulqa,99.18057322502136,1
qwen2_5_7b,truthfulqa,73.18437099456787,0
qwen2_5_7b,truthfulqa,98.46184253692627,1
qwen2_5_7b,truthfulqa,99.64414238929749,1
qwen2_5_7b,truthfulqa,97.54962921142578,1
qwen2_5_7b,truthfulqa,15.266504883766174,0
qwen2_5_7b,truthfulqa,95.92443108558655,0
qwen2_5_7b,truthfulqa,98.67687821388245,0
qwen2_5_7b,truthfulqa,88.48430514335632,0
qwen2_5_7b,truthfulqa,97.32726812362671,1
qwen2_5_7b,truthfulqa,99.71312880516052,1
qwen2_5_7b,truthfulqa,95.83581686019897,0
qwen2_5_7b,truthfulqa,97.19851613044739,1
qwen2_5_7b,truthfulqa,94.35473084449768,1
qwen2_5_7b,truthfulqa,99.8639464378357,1
qwen2_5_7b,truthfulqa,98.27341437339783,0
qwen2_5_7b,truthfulqa,99.90876913070679,1
qwen2_5_7b,truthfulqa,99.95205402374268,1
qwen2_5_7b,truthfulqa,67.01170206069946,0
qwen2_5_7b,truthfulqa,99.96300339698792,0
qwen2_5_7b,truthfulqa,99.03182983398438,1
qwen2_5_7b,truthfulqa,99.81786608695984,0
qwen2_5_7b,truthfulqa,99.97566938400269,1
qwen2_5_7b,truthfulqa,86.26158833503723,0
qwen2_5_7b,truthfulqa,20.024921000003815,0
qwen2_5_7b,truthfulqa,24.14480447769165,0
qwen2_5_7b,truthfulqa,99.64739084243774,1
qwen2_5_7b,truthfulqa,84.99845266342163,0
qwen2_5_7b,truthfulqa,99.58353638648987,1
qwen2_5_7b,truthfulqa,99.85501766204834,0
qwen2_5_7b,truthfulqa,90.0860607624054,1
qwen2_5_7b,truthfulqa,99.95489716529846,1
qwen2_5_7b,truthfulqa,98.62223267555237,1
qwen2_5_7b,truthfulqa,99.99019503593445,1
qwen2_5_7b,truthfulqa,95.78527808189392,0
qwen2_5_7b,truthfulqa,99.36563968658447,0
qwen2_5_7b,truthfulqa,99.95778799057007,1
qwen2_5_7b,truthfulqa,99.63504076004028,1
qwen2_5_7b,truthfulqa,53.18059325218201,0
qwen2_5_7b,truthfulqa,99.95476603507996,1
qwen2_5_7b,truthfulqa,88.93859386444092,1
qwen2_5_7b,truthfulqa,97.26898670196533,1
qwen2_5_7b,truthfulqa,85.77896356582642,0
qwen2_5_7b,truthfulqa,96.89193964004517,0
qwen2_5_7b,truthfulqa,98.66728186607361,0
qwen2_5_7b,truthfulqa,99.82765316963196,1
qwen2_5_7b,truthfulqa,49.83581602573395,0
qwen2_5_7b,truthfulqa,79.48967218399048,0
qwen2_5_7b,truthfulqa,75.43144822120667,0
qwen2_5_7b,truthfulqa,99.12576079368591,0
qwen2_5_7b,truthfulqa,99.82988238334656,1
qwen2_5_7b,truthfulqa,98.66488575935364,1
qwen2_5_7b,truthfulqa,98.60000014305115,1
qwen2_5_7b,truthfulqa,99.73295331001282,0
qwen2_5_7b,truthfulqa,75.78181624412537,0
qwen2_5_7b,truthfulqa,99.89657402038574,1
qwen2_5_7b,truthfulqa,91.22865200042725,0
qwen2_5_7b,truthfulqa,99.81613159179688,1
qwen2_5_7b,truthfulqa,99.90863800048828,1
qwen2_5_7b,truthfulqa,98.74358177185059,1
qwen2_5_7b,truthfulqa,97.64052033424377,1
qwen2_5_7b,truthfulqa,99.7353732585907,1
qwen2_5_7b,truthfulqa,97.80479669570923,1
qwen2_5_7b,truthfulqa,98.91998767852783,0
qwen2_5_7b,truthfulqa,58.18173289299011,1
qwen2_5_7b,truthfulqa,99.89534020423889,1
qwen2_5_7b,truthfulqa,16.488002240657806,0
qwen2_5_7b,truthfulqa,97.74415493011475,1
qwen2_5_7b,truthfulqa,99.49994683265686,0
qwen2_5_7b,truthfulqa,98.53917956352234,1
qwen2_5_7b,truthfulqa,99.97005462646484,1
qwen2_5_7b,truthfulqa,99.87637400627136,1
qwen2_5_7b,truthfulqa,97.25127220153809,1
qwen2_5_7b,truthfulqa,99.98026490211487,0
qwen2_5_7b,truthfulqa,11.598460376262665,0
qwen2_5_7b,truthfulqa,98.95291328430176,0
qwen2_5_7b,truthfulqa,99.97270703315735,1
qwen2_5_7b,truthfulqa,99.54797625541687,0
qwen2_5_7b,truthfulqa,98.90250563621521,1
qwen2_5_7b,truthfulqa,99.76256489753723,0
qwen2_5_7b,truthfulqa,95.84121704101562,1
qwen2_5_7b,truthfulqa,99.90707635879517,1
qwen2_5_7b,truthfulqa,99.69102740287781,1
qwen2_5_7b,truthfulqa,99.72885847091675,1
qwen2_5_7b,truthfulqa,43.25752556324005,0
qwen2_5_7b,truthfulqa,98.08818101882935,0
qwen2_5_7b,truthfulqa,99.80428814888,0
qwen2_5_7b,truthfulqa,99.71742033958435,1
qwen2_5_7b,truthfulqa,92.87189245223999,0
qwen2_5_7b,truthfulqa,99.3086576461792,0
qwen2_5_7b,truthfulqa,99.62189197540283,1
qwen2_5_7b,truthfulqa,99.36606884002686,1
qwen2_5_7b,truthfulqa,99.89383220672607,0
qwen2_5_7b,truthfulqa,99.40496683120728,1
qwen2_5_7b,truthfulqa,98.8078236579895,0
qwen2_5_7b,truthfulqa,99.19195771217346,0
qwen2_5_7b,truthfulqa,99.84716773033142,0
qwen2_5_7b,truthfulqa,98.37154150009155,1
qwen2_5_7b,truthfulqa,99.0689754486084,1
qwen2_5_7b,truthfulqa,99.94804859161377,0
qwen2_5_7b,truthfulqa,98.8848865032196,1
qwen2_5_7b,truthfulqa,99.79450702667236,1
qwen2_5_7b,truthfulqa,67.49514937400818,0
qwen2_5_7b,truthfulqa,12.760251760482788,0
qwen2_5_7b,truthfulqa,99.37503337860107,0
qwen2_5_7b,truthfulqa,99.9849259853363,0
qwen2_5_7b,truthfulqa,98.23179841041565,1
qwen2_5_7b,truthfulqa,99.65761303901672,0
qwen2_5_7b,truthfulqa,21.488475799560547,0
qwen2_5_7b,truthfulqa,87.88084387779236,1
qwen2_5_7b,truthfulqa,99.31838512420654,0
qwen2_5_7b,truthfulqa,99.81126189231873,1
qwen2_5_7b,truthfulqa,99.91998076438904,1
qwen2_5_7b,truthfulqa,99.62748885154724,1
qwen2_5_7b,truthfulqa,11.927563697099686,0
qwen2_5_7b,truthfulqa,98.804771900177,0
qwen2_5_7b,truthfulqa,94.97606754302979,0
qwen2_5_7b,truthfulqa,99.81043934822083,0
qwen2_5_7b,truthfulqa,88.56337070465088,0
qwen2_5_7b,truthfulqa,99.93171095848083,1
qwen2_5_7b,truthfulqa,11.21627390384674,0
qwen2_5_7b,truthfulqa,99.55702424049377,1
qwen2_5_7b,truthfulqa,98.27264547348022,0
qwen2_5_7b,truthfulqa,90.85132479667664,0
qwen2_5_7b,truthfulqa,99.95607137680054,0
qwen2_5_7b,truthfulqa,99.67334866523743,0
qwen2_5_7b,truthfulqa,23.293238878250122,1
qwen2_5_7b,truthfulqa,11.35002076625824,0
qwen2_5_7b,truthfulqa,99.89348649978638,1
qwen2_5_7b,truthfulqa,85.50812602043152,0
qwen2_5_7b,truthfulqa,99.63510632514954,0
qwen2_5_7b,truthfulqa,99.8252272605896,0
qwen2_5_7b,truthfulqa,55.47574162483215,0
qwen2_5_7b,truthfulqa,95.24610042572021,1
qwen2_5_7b,truthfulqa,93.69253516197205,1
qwen2_5_7b,truthfulqa,83.6986243724823,0
qwen2_5_7b,truthfulqa,42.30022430419922,0
qwen2_5_7b,truthfulqa,99.92532134056091,1
qwen2_5_7b,truthfulqa,99.34267401695251,0
qwen2_5_7b,truthfulqa,97.91227579116821,0
qwen2_5_7b,truthfulqa,99.98677968978882,0
qwen2_5_7b,truthfulqa,99.75411891937256,1
qwen2_5_7b,truthfulqa,91.2051260471344,0
qwen2_5_7b,truthfulqa,98.55743646621704,1
qwen2_5_7b,truthfulqa,99.59343075752258,1
qwen2_5_7b,truthfulqa,99.91365075111389,1
qwen2_5_7b,truthfulqa,98.6610472202301,0
qwen2_5_7b,truthfulqa,99.18752312660217,0
qwen2_5_7b,truthfulqa,99.93452429771423,1
qwen2_5_7b,truthfulqa,99.98970627784729,1
qwen2_5_7b,truthfulqa,16.332675516605377,0
qwen2_5_7b,truthfulqa,98.76270294189453,0
qwen2_5_7b,truthfulqa,99.41798448562622,1
qwen2_5_7b,truthfulqa,95.69367170333862,0
qwen2_5_7b,truthfulqa,70.66099643707275,0
qwen2_5_7b,truthfulqa,99.9741792678833,1
qwen2_5_7b,truthfulqa,95.23748755455017,0
qwen2_5_7b,truthfulqa,98.30897450447083,0
qwen2_5_7b,truthfulqa,81.7680299282074,0
qwen2_5_7b,truthfulqa,98.44036102294922,0
qwen2_5_7b,truthfulqa,99.91704821586609,0
qwen2_5_7b,truthfulqa,97.2554862499237,1
qwen2_5_7b,truthfulqa,31.36940896511078,0
qwen2_5_7b,truthfulqa,99.90906715393066,1
qwen2_5_7b,truthfulqa,99.43228960037231,1
qwen2_5_7b,truthfulqa,99.7650682926178,0
qwen2_5_7b,truthfulqa,97.46858477592468,1
qwen2_5_7b,truthfulqa,99.9900221824646,1
qwen2_5_7b,truthfulqa,85.98640561103821,0
qwen2_5_7b,truthfulqa,99.98133778572083,1
qwen2_5_7b,truthfulqa,99.60319995880127,0
qwen2_5_7b,truthfulqa,86.73946857452393,0
qwen2_5_7b,truthfulqa,98.142409324646,0
qwen2_5_7b,truthfulqa,98.6382007598877,1
qwen2_5_7b,truthfulqa,12.507444620132446,0
qwen2_5_7b,truthfulqa,99.85158443450928,0
qwen2_5_7b,truthfulqa,99.73577857017517,1
qwen2_5_7b,truthfulqa,21.21349275112152,0
qwen2_5_7b,truthfulqa,99.64803457260132,1
qwen2_5_7b,truthfulqa,98.19453954696655,1
qwen2_5_7b,truthfulqa,98.91161322593689,1
qwen2_5_7b,truthfulqa,99.94692802429199,1
qwen2_5_7b,truthfulqa,13.519544899463654,0
qwen2_5_7b,truthfulqa,99.69764947891235,1
qwen2_5_7b,truthfulqa,97.66594171524048,0
qwen2_5_7b,truthfulqa,99.99229907989502,1
qwen2_5_7b,truthfulqa,98.10194373130798,1
qwen2_5_7b,truthfulqa,98.00041317939758,1
qwen2_5_7b,truthfulqa,98.79209995269775,1
qwen2_5_7b,truthfulqa,99.81141090393066,1
qwen2_5_7b,truthfulqa,98.90638589859009,0
qwen2_5_7b,truthfulqa,98.30929636955261,0
qwen2_5_7b,truthfulqa,99.7999906539917,1
qwen2_5_7b,truthfulqa,99.74528551101685,0
qwen2_5_7b,truthfulqa,99.93913173675537,1
qwen2_5_7b,truthfulqa,99.99825358390808,1
qwen2_5_7b,truthfulqa,99.34532046318054,0
qwen2_5_7b,truthfulqa,99.91077184677124,1
qwen2_5_7b,truthfulqa,97.23897576332092,0
qwen2_5_7b,truthfulqa,97.84772396087646,1
qwen2_5_7b,truthfulqa,98.91710877418518,0
qwen2_5_7b,truthfulqa,99.58676099777222,1
qwen2_5_7b,truthfulqa,98.88254404067993,1
qwen2_5_7b,truthfulqa,99.99784231185913,1
qwen2_5_7b,truthfulqa,95.09298801422119,1
qwen2_5_7b,truthfulqa,99.88963603973389,1
qwen2_5_7b,truthfulqa,98.42512607574463,1
qwen2_5_7b,truthfulqa,99.61389303207397,1
qwen2_5_7b,truthfulqa,99.00829792022705,0
qwen2_5_7b,truthfulqa,98.0794370174408,1
qwen2_5_7b,truthfulqa,71.282958984375,1
qwen2_5_7b,truthfulqa,99.97768998146057,1
qwen2_5_7b,truthfulqa,99.72724914550781,0
qwen2_5_7b,truthfulqa,99.36414957046509,1
qwen2_5_7b,truthfulqa,99.83878135681152,1
qwen2_5_7b,truthfulqa,98.79616498947144,1
qwen2_5_7b,truthfulqa,87.66223192214966,1
qwen2_5_7b,truthfulqa,99.99489784240723,0
qwen2_5_7b,truthfulqa,99.72414970397949,1
qwen2_5_7b,truthfulqa,99.95155930519104,1
qwen2_5_7b,truthfulqa,98.19183349609375,0
qwen2_5_7b,truthfulqa,79.45641875267029,0
qwen2_5_7b,truthfulqa,99.92823600769043,0
qwen2_5_7b,truthfulqa,31.80197775363922,0
qwen2_5_7b,truthfulqa,99.93506669998169,1
qwen2_5_7b,truthfulqa,99.99889135360718,1
qwen2_5_7b,truthfulqa,98.89271259307861,1
qwen2_5_7b,truthfulqa,99.37570691108704,0
qwen2_5_7b,truthfulqa,99.22981262207031,0
qwen2_5_7b,truthfulqa,98.8503098487854,0
qwen2_5_7b,truthfulqa,93.2445228099823,0
qwen2_5_7b,truthfulqa,29.685699939727783,1
qwen2_5_7b,truthfulqa,97.43157029151917,0
qwen2_5_7b,truthfulqa,99.82349276542664,1
qwen2_5_7b,truthfulqa,97.03213572502136,1
qwen2_5_7b,truthfulqa,99.39380884170532,0
qwen2_5_7b,truthfulqa,30.416062474250793,1
qwen2_5_7b,truthfulqa,93.94590854644775,1
qwen2_5_7b,truthfulqa,10.217685997486115,0
qwen2_5_7b,truthfulqa,99.38013553619385,0
qwen2_5_7b,truthfulqa,98.79575967788696,1
qwen2_5_7b,truthfulqa,94.14530992507935,0
qwen2_5_7b,truthfulqa,97.51874804496765,1
qwen2_5_7b,truthfulqa,99.93818402290344,1
qwen2_5_7b,truthfulqa,88.78070116043091,1
qwen2_5_7b,truthfulqa,96.39103412628174,0
qwen2_5_7b,truthfulqa,99.90476369857788,1
qwen2_5_7b,truthfulqa,94.3462610244751,1
qwen2_5_7b,truthfulqa,70.69634795188904,0
qwen2_5_7b,truthfulqa,99.96041655540466,1
qwen2_5_7b,truthfulqa,82.72497057914734,0
qwen2_5_7b,truthfulqa,97.90826439857483,1
qwen2_5_7b,truthfulqa,99.67795610427856,0
qwen2_5_7b,truthfulqa,99.7230052947998,1
qwen2_5_7b,truthfulqa,99.92112517356873,0
qwen2_5_7b,truthfulqa,98.9073097705841,0
qwen2_5_7b,truthfulqa,97.20969200134277,0
qwen2_5_7b,truthfulqa,99.70148205757141,1
qwen2_5_7b,truthfulqa,99.34009313583374,1
qwen2_5_7b,truthfulqa,16.318504512310028,0
qwen2_5_7b,truthfulqa,98.76731634140015,1
qwen2_5_7b,truthfulqa,90.81786274909973,1
qwen2_5_7b,truthfulqa,99.15422797203064,0
qwen2_5_7b,truthfulqa,99.75321292877197,0
qwen2_5_7b,truthfulqa,99.98254179954529,1
qwen2_5_7b,truthfulqa,98.10376167297363,0
qwen2_5_7b,truthfulqa,35.86414456367493,0
qwen2_5_7b,truthfulqa,40.37105441093445,0
qwen2_5_7b,truthfulqa,97.9829728603363,0
qwen2_5_7b,truthfulqa,97.5775957107544,0
qwen2_5_7b,truthfulqa,99.72292184829712,0
qwen2_5_7b,truthfulqa,99.94556903839111,1
qwen2_5_7b,truthfulqa,44.24510300159454,1
qwen2_5_7b,truthfulqa,83.24316143989563,0
qwen2_5_7b,truthfulqa,97.01625108718872,1
qwen2_5_7b,truthfulqa,95.64951062202454,0
qwen2_5_7b,truthfulqa,99.97725486755371,1
qwen2_5_7b,truthfulqa,97.61826992034912,0
qwen2_5_7b,truthfulqa,99.9208927154541,1
qwen2_5_7b,truthfulqa,25.849395990371704,0
qwen2_5_7b,truthfulqa,99.00474548339844,0
qwen2_5_7b,truthfulqa,93.64280104637146,1
qwen2_5_7b,truthfulqa,95.39868831634521,0
qwen2_5_7b,truthfulqa,97.62815237045288,0
qwen2_5_7b,truthfulqa,98.54675531387329,1
qwen2_5_7b,truthfulqa,87.52216100692749,1
qwen2_5_7b,truthfulqa,13.212047517299652,0
qwen2_5_7b,truthfulqa,99.90165829658508,0
qwen2_5_7b,truthfulqa,99.94727373123169,1
qwen2_5_7b,truthfulqa,99.61906671524048,0
qwen2_5_7b,truthfulqa,98.51863980293274,1
qwen2_5_7b,truthfulqa,99.94354248046875,1
qwen2_5_7b,truthfulqa,99.83305335044861,0
qwen2_5_7b,truthfulqa,84.52810645103455,0
qwen2_5_7b,truthfulqa,99.76480007171631,1
qwen2_5_7b,truthfulqa,98.22226762771606,0
qwen2_5_7b,truthfulqa,99.91897344589233,0
qwen2_5_7b,truthfulqa,62.31629252433777,0
qwen2_5_7b,truthfulqa,95.62416672706604,0
qwen2_5_7b,truthfulqa,79.32953834533691,1
qwen2_5_7b,truthfulqa,98.15353155136108,1
qwen2_5_7b,truthfulqa,99.62222576141357,1
qwen2_5_7b,truthfulqa,84.2021107673645,0
qwen2_5_7b,truthfulqa,99.35970306396484,1
qwen2_5_7b,truthfulqa,99.8066782951355,1
qwen2_5_7b,truthfulqa,99.8966932296753,1
qwen2_5_7b,truthfulqa,98.74609112739563,0
qwen2_5_7b,truthfulqa,99.93503093719482,0
qwen2_5_7b,truthfulqa,89.54127430915833,1
qwen2_5_7b,truthfulqa,97.20897078514099,1
qwen2_5_7b,truthfulqa,98.17355275154114,0
qwen2_5_7b,truthfulqa,90.72755575180054,0
qwen2_5_7b,truthfulqa,91.16162061691284,1
qwen2_5_7b,truthfulqa,86.77864074707031,0
qwen2_5_7b,truthfulqa,63.61403465270996,0
qwen2_5_7b,truthfulqa,94.16438341140747,1
qwen2_5_7b,truthfulqa,55.50837516784668,0
qwen2_5_7b,truthfulqa,99.26159381866455,1
qwen2_5_7b,truthfulqa,99.99644756317139,1
qwen2_5_7b,truthfulqa,99.73070621490479,1
qwen2_5_7b,truthfulqa,96.67266607284546,0
qwen2_5_7b,truthfulqa,98.94250631332397,0
qwen2_5_7b,truthfulqa,94.76782083511353,1
qwen2_5_7b,truthfulqa,94.48292255401611,1
qwen2_5_7b,truthfulqa,99.9410092830658,1
qwen2_5_7b,truthfulqa,98.1477677822113,1
qwen2_5_7b,truthfulqa,98.22556972503662,1
qwen2_5_7b,truthfulqa,99.98432993888855,0
qwen2_5_7b,truthfulqa,99.98958110809326,1
qwen2_5_7b,truthfulqa,99.89976286888123,1
qwen2_5_7b,truthfulqa,99.51872825622559,0
qwen2_5_7b,truthfulqa,37.54247426986694,0
qwen2_5_7b,truthfulqa,97.24467396736145,0
qwen2_5_7b,truthfulqa,82.64581561088562,1
qwen2_5_7b,truthfulqa,99.53904151916504,1
qwen2_5_7b,truthfulqa,97.69606590270996,0
qwen2_5_7b,truthfulqa,95.19282579421997,1
qwen2_5_7b,truthfulqa,97.20863103866577,1
qwen2_5_7b,truthfulqa,99.90299940109253,1
qwen2_5_7b,truthfulqa,96.4670479297638,1
qwen2_5_7b,truthfulqa,94.44250464439392,0
qwen2_5_7b,truthfulqa,78.2095730304718,0
qwen2_5_7b,truthfulqa,88.42558860778809,0
qwen2_5_7b,truthfulqa,99.85677599906921,0
qwen2_5_7b,truthfulqa,98.49351644515991,0
qwen2_5_7b,truthfulqa,97.38433957099915,1
qwen2_5_7b,truthfulqa,99.77205395698547,1
qwen2_5_7b,truthfulqa,46.163544058799744,0
qwen2_5_7b,truthfulqa,93.53195428848267,1
qwen2_5_7b,truthfulqa,99.02440905570984,0
qwen2_5_7b,truthfulqa,99.00631904602051,1
qwen2_5_7b,truthfulqa,99.75060820579529,0
qwen2_5_7b,truthfulqa,55.16536831855774,0
qwen2_5_7b,truthfulqa,99.98481273651123,1
qwen2_5_7b,truthfulqa,87.00018525123596,0
qwen2_5_7b,truthfulqa,99.95885491371155,1
qwen2_5_7b,truthfulqa,95.2114462852478,0
qwen2_5_7b,truthfulqa,99.73114728927612,0
qwen2_5_7b,truthfulqa,74.4773805141449,0
qwen2_5_7b,truthfulqa,15.528374910354614,0
qwen2_5_7b,truthfulqa,99.44038987159729,0
qwen2_5_7b,truthfulqa,95.36080360412598,1
qwen2_5_7b,truthfulqa,99.93754029273987,1
qwen2_5_7b,truthfulqa,99.58239197731018,1
qwen2_5_7b,truthfulqa,99.78340864181519,1
qwen2_5_7b,truthfulqa,99.9680757522583,1
qwen2_5_7b,truthfulqa,97.35715389251709,1
qwen2_5_7b,truthfulqa,99.24213886260986,0
qwen2_5_7b,truthfulqa,95.44258117675781,1
qwen2_5_7b,truthfulqa,99.8644232749939,1
qwen2_5_7b,truthfulqa,99.98647570610046,0
qwen2_5_7b,pavlick_nli,94.45233345031738,0
qwen2_5_7b,pavlick_nli,98.97503852844238,1
qwen2_5_7b,pavlick_nli,93.27638149261475,1
qwen2_5_7b,pavlick_nli,97.73306250572205,1
qwen2_5_7b,pavlick_nli,96.5995192527771,1
qwen2_5_7b,pavlick_nli,95.01486420631409,1
qwen2_5_7b,pavlick_nli,96.71440124511719,1
qwen2_5_7b,pavlick_nli,97.37990498542786,1
qwen2_5_7b,pavlick_nli,55.91704845428467,0
qwen2_5_7b,pavlick_nli,90.37080407142639,1
qwen2_5_7b,pavlick_nli,92.56749153137207,0
qwen2_5_7b,pavlick_nli,93.54807138442993,1
qwen2_5_7b,pavlick_nli,81.48576617240906,1
qwen2_5_7b,pavlick_nli,94.63855624198914,1
qwen2_5_7b,pavlick_nli,93.51498484611511,1
qwen2_5_7b,pavlick_nli,91.98819994926453,1
qwen2_5_7b,pavlick_nli,89.99366164207458,1
qwen2_5_7b,pavlick_nli,95.20707726478577,1
qwen2_5_7b,pavlick_nli,94.55399513244629,0
qwen2_5_7b,pavlick_nli,98.43159317970276,1
qwen2_5_7b,pavlick_nli,99.87820982933044,1
qwen2_5_7b,pavlick_nli,95.66502571105957,1
qwen2_5_7b,pavlick_nli,91.44628047943115,1
qwen2_5_7b,pavlick_nli,98.70341420173645,1
qwen2_5_7b,pavlick_nli,93.07583570480347,1
qwen2_5_7b,pavlick_nli,77.3733139038086,0
qwen2_5_7b,pavlick_nli,65.46521186828613,1
qwen2_5_7b,pavlick_nli,78.76898050308228,0
qwen2_5_7b,pavlick_nli,86.49490475654602,1
qwen2_5_7b,pavlick_nli,82.96971321105957,0
qwen2_5_7b,pavlick_nli,95.28660774230957,1
qwen2_5_7b,pavlick_nli,97.41557836532593,1
qwen2_5_7b,pavlick_nli,91.88734292984009,0
qwen2_5_7b,pavlick_nli,97.63458371162415,1
qwen2_5_7b,pavlick_nli,93.9663827419281,1
qwen2_5_7b,pavlick_nli,75.28932094573975,0
qwen2_5_7b,pavlick_nli,97.57094383239746,1
qwen2_5_7b,pavlick_nli,83.50356817245483,1
qwen2_5_7b,pavlick_nli,97.46870398521423,1
qwen2_5_7b,pavlick_nli,91.08752608299255,1
qwen2_5_7b,pavlick_nli,79.03373837471008,1
qwen2_5_7b,pavlick_nli,92.68280267715454,1
qwen2_5_7b,pavlick_nli,74.03717041015625,0
qwen2_5_7b,pavlick_nli,71.42689228057861,0
qwen2_5_7b,pavlick_nli,95.56239247322083,1
qwen2_5_7b,pavlick_nli,61.01979613304138,0
qwen2_5_7b,pavlick_nli,99.14090037345886,1
qwen2_5_7b,pavlick_nli,94.49974298477173,1
qwen2_5_7b,pavlick_nli,91.93872213363647,1
qwen2_5_7b,pavlick_nli,89.27513360977173,0
qwen2_5_7b,pavlick_nli,96.27200365066528,1
qwen2_5_7b,pavlick_nli,83.90812873840332,1
qwen2_5_7b,pavlick_nli,95.83541750907898,1
qwen2_5_7b,pavlick_nli,92.59979128837585,1
qwen2_5_7b,pavlick_nli,80.27514815330505,1
qwen2_5_7b,pavlick_nli,85.41948795318604,1
qwen2_5_7b,pavlick_nli,93.0138647556305,1
qwen2_5_7b,pavlick_nli,99.75496530532837,1
qwen2_5_7b,pavlick_nli,95.7279920578003,1
qwen2_5_7b,pavlick_nli,92.3403263092041,1
qwen2_5_7b,pavlick_nli,96.54276371002197,1
qwen2_5_7b,pavlick_nli,95.86364030838013,1
qwen2_5_7b,pavlick_nli,81.37776851654053,1
qwen2_5_7b,pavlick_nli,99.14043545722961,1
qwen2_5_7b,pavlick_nli,92.95834302902222,1
qwen2_5_7b,pavlick_nli,99.03894662857056,1
qwen2_5_7b,pavlick_nli,97.68844842910767,1
qwen2_5_7b,pavlick_nli,91.82189106941223,1
qwen2_5_7b,pavlick_nli,94.00150775909424,1
qwen2_5_7b,pavlick_nli,97.85434603691101,1
qwen2_5_7b,pavlick_nli,97.11807370185852,1
qwen2_5_7b,pavlick_nli,95.3525185585022,1
qwen2_5_7b,pavlick_nli,79.21440005302429,0
qwen2_5_7b,pavlick_nli,80.29994368553162,0
qwen2_5_7b,pavlick_nli,93.40764880180359,1
qwen2_5_7b,pavlick_nli,97.59882092475891,1
qwen2_5_7b,pavlick_nli,95.01310586929321,1
qwen2_5_7b,pavlick_nli,95.43424844741821,1
qwen2_5_7b,pavlick_nli,93.72773766517639,1
qwen2_5_7b,pavlick_nli,94.53408718109131,0
qwen2_5_7b,pavlick_nli,94.54203844070435,1
qwen2_5_7b,pavlick_nli,95.38520574569702,1
qwen2_5_7b,pavlick_nli,99.08983707427979,0
qwen2_5_7b,pavlick_nli,96.13085985183716,1
qwen2_5_7b,pavlick_nli,84.53586101531982,0
qwen2_5_7b,pavlick_nli,97.81330823898315,1
qwen2_5_7b,pavlick_nli,90.01345634460449,1
qwen2_5_7b,pavlick_nli,94.49169039726257,1
qwen2_5_7b,pavlick_nli,93.42411756515503,1
qwen2_5_7b,pavlick_nli,78.78912091255188,1
qwen2_5_7b,pavlick_nli,97.58610725402832,1
qwen2_5_7b,pavlick_nli,64.6709144115448,0
qwen2_5_7b,pavlick_nli,93.65522861480713,1
qwen2_5_7b,pavlick_nli,97.67402410507202,1
qwen2_5_7b,pavlick_nli,97.88417220115662,1
qwen2_5_7b,pavlick_nli,89.95407223701477,1
qwen2_5_7b,pavlick_nli,88.2737398147583,1
qwen2_5_7b,pavlick_nli,98.39106798171997,1
qwen2_5_7b,pavlick_nli,98.94866347312927,1
qwen2_5_7b,pavlick_nli,93.0458664894104,1
qwen2_5_7b,pavlick_nli,93.32683086395264,1
qwen2_5_7b,pavlick_nli,97.03488945960999,1
qwen2_5_7b,pavlick_nli,92.07810759544373,1
qwen2_5_7b,pavlick_nli,95.73203325271606,1
qwen2_5_7b,pavlick_nli,95.38525938987732,1
qwen2_5_7b,pavlick_nli,81.9261908531189,1
qwen2_5_7b,pavlick_nli,99.0599274635315,1
qwen2_5_7b,pavlick_nli,98.65280389785767,1
qwen2_5_7b,pavlick_nli,94.54576373100281,1
qwen2_5_7b,pavlick_nli,96.814626455307,1
qwen2_5_7b,pavlick_nli,97.11557626724243,1
qwen2_5_7b,pavlick_nli,97.64363169670105,0
qwen2_5_7b,pavlick_nli,91.96991920471191,1
qwen2_5_7b,pavlick_nli,93.2576596736908,1
qwen2_5_7b,pavlick_nli,96.85821533203125,1
qwen2_5_7b,pavlick_nli,96.83874249458313,1
qwen2_5_7b,pavlick_nli,97.31486439704895,1
qwen2_5_7b,pavlick_nli,96.74235582351685,1
qwen2_5_7b,pavlick_nli,69.32572722434998,0
qwen2_5_7b,pavlick_nli,61.566609144210815,0
qwen2_5_7b,pavlick_nli,98.53150248527527,1
qwen2_5_7b,pavlick_nli,96.13603353500366,1
qwen2_5_7b,pavlick_nli,95.28425335884094,1
qwen2_5_7b,pavlick_nli,96.26755714416504,0
qwen2_5_7b,pavlick_nli,95.427405834198,1
qwen2_5_7b,pavlick_nli,94.06684637069702,1
qwen2_5_7b,pavlick_nli,93.17122101783752,1
qwen2_5_7b,pavlick_nli,95.15988230705261,1
qwen2_5_7b,pavlick_nli,89.19448852539062,1
qwen2_5_7b,pavlick_nli,97.97455668449402,1
qwen2_5_7b,pavlick_nli,94.35190558433533,1
qwen2_5_7b,pavlick_nli,98.26972484588623,1
qwen2_5_7b,pavlick_nli,98.87385368347168,1
qwen2_5_7b,pavlick_nli,99.50416088104248,1
qwen2_5_7b,pavlick_nli,96.33224606513977,1
qwen2_5_7b,pavlick_nli,97.45030999183655,1
qwen2_5_7b,pavlick_nli,97.60625958442688,1
qwen2_5_7b,pavlick_nli,97.4754273891449,1
qwen2_5_7b,pavlick_nli,91.35371446609497,1
qwen2_5_7b,pavlick_nli,97.01769948005676,1
qwen2_5_7b,pavlick_nli,91.0870611667633,1
qwen2_5_7b,pavlick_nli,96.5907871723175,1
qwen2_5_7b,pavlick_nli,93.72386336326599,1
qwen2_5_7b,pavlick_nli,92.9446816444397,1
qwen2_5_7b,pavlick_nli,85.79744100570679,0
qwen2_5_7b,pavlick_nli,97.07410931587219,1
qwen2_5_7b,pavlick_nli,98.70136380195618,1
qwen2_5_7b,pavlick_nli,77.93455719947815,1
qwen2_5_7b,pavlick_nli,91.85147285461426,0
qwen2_5_7b,pavlick_nli,88.60520124435425,1
qwen2_5_7b,pavlick_nli,96.00677490234375,1
qwen2_5_7b,pavlick_nli,77.08643078804016,1
qwen2_5_7b,pavlick_nli,98.01433086395264,1
qwen2_5_7b,pavlick_nli,69.11492943763733,0
qwen2_5_7b,pavlick_nli,78.88467311859131,1
qwen2_5_7b,pavlick_nli,99.29624199867249,1
qwen2_5_7b,pavlick_nli,77.68004536628723,0
qwen2_5_7b,pavlick_nli,94.59026455879211,1
qwen2_5_7b,pavlick_nli,98.56743812561035,1
qwen2_5_7b,pavlick_nli,88.41326832771301,0
qwen2_5_7b,pavlick_nli,95.43265700340271,1
qwen2_5_7b,pavlick_nli,86.10622882843018,1
qwen2_5_7b,pavlick_nli,95.41876316070557,1
qwen2_5_7b,pavlick_nli,94.49195861816406,1
qwen2_5_7b,pavlick_nli,93.43311786651611,1
qwen2_5_7b,pavlick_nli,93.48980188369751,1
qwen2_5_7b,pavlick_nli,98.66885542869568,1
qwen2_5_7b,pavlick_nli,93.32513213157654,0
qwen2_5_7b,pavlick_nli,99.18339252471924,1
qwen2_5_7b,pavlick_nli,96.07174396514893,1
qwen2_5_7b,pavlick_nli,95.13513445854187,0
qwen2_5_7b,pavlick_nli,94.62590217590332,1
qwen2_5_7b,pavlick_nli,95.25633454322815,1
qwen2_5_7b,pavlick_nli,88.08411359786987,0
qwen2_5_7b,pavlick_nli,99.21281933784485,1
qwen2_5_7b,pavlick_nli,97.61910438537598,1
qwen2_5_7b,pavlick_nli,98.11598062515259,0
qwen2_5_7b,pavlick_nli,92.58973598480225,1
qwen2_5_7b,pavlick_nli,94.84350681304932,1
qwen2_5_7b,pavlick_nli,91.94867610931396,1
qwen2_5_7b,pavlick_nli,96.25669121742249,1
qwen2_5_7b,pavlick_nli,98.57473969459534,1
qwen2_5_7b,pavlick_nli,97.64156341552734,1
qwen2_5_7b,pavlick_nli,94.11012530326843,1
qwen2_5_7b,pavlick_nli,97.48290777206421,1
qwen2_5_7b,pavlick_nli,98.47553968429565,1
qwen2_5_7b,pavlick_nli,78.30759286880493,1
qwen2_5_7b,pavlick_nli,99.79686737060547,1
qwen2_5_7b,pavlick_nli,99.0620493888855,1
qwen2_5_7b,pavlick_nli,79.40212488174438,0
qwen2_5_7b,pavlick_nli,94.03939843177795,1
qwen2_5_7b,pavlick_nli,93.71374249458313,1
qwen2_5_7b,pavlick_nli,94.31104063987732,1
qwen2_5_7b,pavlick_nli,93.47160458564758,0
qwen2_5_7b,pavlick_nli,81.33147954940796,0
qwen2_5_7b,pavlick_nli,95.66241502761841,1
qwen2_5_7b,pavlick_nli,85.33689379692078,1
qwen2_5_7b,pavlick_nli,96.56601548194885,1
qwen2_5_7b,pavlick_nli,91.71708822250366,1
qwen2_5_7b,pavlick_nli,93.53204369544983,1
qwen2_5_7b,pavlick_nli,97.56202697753906,1
qwen2_5_7b,pavlick_nli,94.50416564941406,1
qwen2_5_7b,pavlick_nli,97.77905941009521,1
qwen2_5_7b,pavlick_nli,77.7467131614685,0
qwen2_5_7b,pavlick_nli,96.42089009284973,1
qwen2_5_7b,pavlick_nli,81.18082284927368,0
qwen2_5_7b,pavlick_nli,96.00656032562256,1
qwen2_5_7b,pavlick_nli,71.63944244384766,0
qwen2_5_7b,pavlick_nli,98.31812977790833,1
qwen2_5_7b,pavlick_nli,90.20788669586182,1
qwen2_5_7b,pavlick_nli,97.99230694770813,1
qwen2_5_7b,pavlick_nli,91.34140610694885,1
qwen2_5_7b,pavlick_nli,97.2828209400177,1
qwen2_5_7b,pavlick_nli,96.15597724914551,1
qwen2_5_7b,pavlick_nli,92.18278527259827,1
qwen2_5_7b,pavlick_nli,96.723073720932,1
qwen2_5_7b,pavlick_nli,96.436607837677,1
qwen2_5_7b,pavlick_nli,94.31806802749634,1
qwen2_5_7b,pavlick_nli,99.80601668357849,1
qwen2_5_7b,pavlick_nli,75.31213164329529,0
qwen2_5_7b,pavlick_nli,98.02346229553223,1
qwen2_5_7b,pavlick_nli,98.14144372940063,1
qwen2_5_7b,pavlick_nli,99.57630038261414,1
qwen2_5_7b,pavlick_nli,97.29323387145996,1
qwen2_5_7b,pavlick_nli,50.78071355819702,0
qwen2_5_7b,pavlick_nli,93.94034743309021,1
qwen2_5_7b,pavlick_nli,96.00727558135986,1
qwen2_5_7b,pavlick_nli,93.83842349052429,1
qwen2_5_7b,pavlick_nli,94.16034817695618,1
qwen2_5_7b,pavlick_nli,86.733078956604,0
qwen2_5_7b,pavlick_nli,96.6768741607666,1
qwen2_5_7b,pavlick_nli,99.6364951133728,1
qwen2_5_7b,pavlick_nli,95.21020650863647,1
qwen2_5_7b,pavlick_nli,92.51344799995422,0
qwen2_5_7b,pavlick_nli,96.78541421890259,1
qwen2_5_7b,pavlick_nli,96.92429900169373,1
qwen2_5_7b,pavlick_nli,76.53596997261047,1
qwen2_5_7b,pavlick_nli,78.78936529159546,1
qwen2_5_7b,pavlick_nli,99.58294034004211,1
qwen2_5_7b,pavlick_nli,96.05613946914673,1
qwen2_5_7b,pavlick_nli,96.86086177825928,1
qwen2_5_7b,pavlick_nli,64.26529884338379,1
qwen2_5_7b,pavlick_nli,91.97625517845154,1
qwen2_5_7b,pavlick_nli,95.9576427936554,1
qwen2_5_7b,pavlick_nli,97.75033593177795,1
qwen2_5_7b,pavlick_nli,85.06190776824951,1
qwen2_5_7b,pavlick_nli,85.70780754089355,1
qwen2_5_7b,pavlick_nli,94.42062973976135,1
qwen2_5_7b,pavlick_nli,88.03383708000183,1
qwen2_5_7b,pavlick_nli,96.5057373046875,1
qwen2_5_7b,pavlick_nli,93.83936524391174,1
qwen2_5_7b,pavlick_nli,94.6789562702179,1
qwen2_5_7b,pavlick_nli,99.86045956611633,1
qwen2_5_7b,pavlick_nli,94.964200258255,0
qwen2_5_7b,pavlick_nli,93.3922290802002,1
qwen2_5_7b,pavlick_nli,90.89249968528748,1
qwen2_5_7b,pavlick_nli,91.86044335365295,1
qwen2_5_7b,pavlick_nli,95.73123455047607,1
qwen2_5_7b,pavlick_nli,86.14342212677002,1
qwen2_5_7b,pavlick_nli,82.85725116729736,1
qwen2_5_7b,pavlick_nli,97.8528082370758,1
qwen2_5_7b,pavlick_nli,92.13941097259521,1
qwen2_5_7b,pavlick_nli,99.24512505531311,1
qwen2_5_7b,pavlick_nli,97.87030816078186,1
qwen2_5_7b,pavlick_nli,97.22111225128174,1
qwen2_5_7b,pavlick_nli,79.06472086906433,0
qwen2_5_7b,pavlick_nli,87.50465512275696,1
qwen2_5_7b,pavlick_nli,97.79014587402344,1
qwen2_5_7b,pavlick_nli,94.01335120201111,0
qwen2_5_7b,pavlick_nli,92.89621710777283,1
qwen2_5_7b,pavlick_nli,87.25005388259888,1
qwen2_5_7b,pavlick_nli,92.68943667411804,1
qwen2_5_7b,pavlick_nli,99.60147142410278,1
qwen2_5_7b,pavlick_nli,95.2868640422821,1
qwen2_5_7b,pavlick_nli,79.61520552635193,1
qwen2_5_7b,pavlick_nli,95.52159309387207,1
qwen2_5_7b,pavlick_nli,76.77611708641052,1
qwen2_5_7b,pavlick_nli,94.4766104221344,1
qwen2_5_7b,pavlick_nli,91.99872016906738,1
qwen2_5_7b,pavlick_nli,98.49613308906555,1
qwen2_5_7b,pavlick_nli,82.73994326591492,0
qwen2_5_7b,pavlick_nli,98.33995699882507,1
qwen2_5_7b,pavlick_nli,90.98354578018188,1
qwen2_5_7b,pavlick_nli,86.40550971031189,0
qwen2_5_7b,pavlick_nli,98.21204543113708,1
qwen2_5_7b,pavlick_nli,96.96822166442871,1
qwen2_5_7b,pavlick_nli,99.62936639785767,1
qwen2_5_7b,pavlick_nli,99.39804077148438,1
qwen2_5_7b,pavlick_nli,85.41882038116455,0
qwen2_5_7b,pavlick_nli,95.49167156219482,1
qwen2_5_7b,pavlick_nli,93.81767511367798,1
qwen2_5_7b,pavlick_nli,75.06850957870483,0
qwen2_5_7b,pavlick_nli,92.16282367706299,1
qwen2_5_7b,pavlick_nli,86.83081269264221,0
qwen2_5_7b,pavlick_nli,95.84168791770935,1
qwen2_5_7b,pavlick_nli,82.05767869949341,1
qwen2_5_7b,pavlick_nli,95.85630893707275,1
qwen2_5_7b,pavlick_nli,95.62886953353882,1
qwen2_5_7b,pavlick_nli,95.86808681488037,1
qwen2_5_7b,pavlick_nli,84.61729288101196,0
qwen2_5_7b,pavlick_nli,90.97578525543213,1
qwen2_5_7b,pavlick_nli,97.16380834579468,1
qwen2_5_7b,pavlick_nli,90.53412079811096,1
qwen2_5_7b,pavlick_nli,97.20134139060974,1
qwen2_5_7b,pavlick_nli,96.09150886535645,1
qwen2_5_7b,pavlick_nli,96.95060849189758,1
qwen2_5_7b,pavlick_nli,90.60938358306885,1
qwen2_5_7b,pavlick_nli,85.26270389556885,1
qwen2_5_7b,pavlick_nli,97.93694019317627,1
qwen2_5_7b,pavlick_nli,96.10816836357117,1
qwen2_5_7b,pavlick_nli,96.62563800811768,1
qwen2_5_7b,pavlick_nli,80.73872327804565,1
qwen2_5_7b,pavlick_nli,99.3877649307251,1
qwen2_5_7b,pavlick_nli,92.60241985321045,1
qwen2_5_7b,pavlick_nli,94.91521716117859,1
qwen2_5_7b,pavlick_nli,92.8269624710083,1
qwen2_5_7b,pavlick_nli,97.67405986785889,1
qwen2_5_7b,pavlick_nli,97.8115439414978,1
qwen2_5_7b,pavlick_nli,96.01666927337646,1
qwen2_5_7b,pavlick_nli,61.566609144210815,0
qwen2_5_7b,pavlick_nli,97.16273546218872,1
qwen2_5_7b,pavlick_nli,99.92367625236511,1
qwen2_5_7b,pavlick_nli,97.79308438301086,1
qwen2_5_7b,pavlick_nli,95.04271149635315,1
qwen2_5_7b,pavlick_nli,93.67191791534424,1
qwen2_5_7b,pavlick_nli,96.8997597694397,1
qwen2_5_7b,pavlick_nli,93.93528699874878,1
qwen2_5_7b,pavlick_nli,98.00412058830261,1
qwen2_5_7b,pavlick_nli,90.07885456085205,1
qwen2_5_7b,pavlick_nli,99.83105659484863,1
qwen2_5_7b,pavlick_nli,96.96135520935059,1
qwen2_5_7b,pavlick_nli,94.49591636657715,1
qwen2_5_7b,pavlick_nli,85.84141731262207,0
qwen2_5_7b,pavlick_nli,94.10054087638855,1
qwen2_5_7b,pavlick_nli,92.67547726631165,1
qwen2_5_7b,pavlick_nli,90.42080044746399,1
qwen2_5_7b,pavlick_nli,88.13650608062744,1
qwen2_5_7b,pavlick_nli,77.82308459281921,0
qwen2_5_7b,pavlick_nli,94.69665288925171,1
qwen2_5_7b,pavlick_nli,94.70686316490173,1
qwen2_5_7b,pavlick_nli,68.47598552703857,0
qwen2_5_7b,pavlick_nli,86.56862378120422,0
qwen2_5_7b,pavlick_nli,93.4880018234253,0
qwen2_5_7b,pavlick_nli,67.02291965484619,0
qwen2_5_7b,pavlick_nli,98.22167754173279,1
qwen2_5_7b,pavlick_nli,94.15276050567627,1
qwen2_5_7b,pavlick_nli,70.79451084136963,1
qwen2_5_7b,pavlick_nli,99.77747201919556,1
qwen2_5_7b,pavlick_nli,97.48836755752563,1
qwen2_5_7b,pavlick_nli,98.76204133033752,1
qwen2_5_7b,pavlick_nli,91.59809947013855,1
qwen2_5_7b,pavlick_nli,96.01740837097168,1
qwen2_5_7b,pavlick_nli,98.28648567199707,1
qwen2_5_7b,pavlick_nli,93.79525780677795,1
qwen2_5_7b,pavlick_nli,96.29443883895874,1
qwen2_5_7b,pavlick_nli,94.1118597984314,1
qwen2_5_7b,pavlick_nli,92.31787919998169,1
qwen2_5_7b,pavlick_nli,85.03103852272034,0
qwen2_5_7b,pavlick_nli,75.09365677833557,0
qwen2_5_7b,pavlick_nli,86.43826842308044,1
qwen2_5_7b,pavlick_nli,98.11245203018188,1
qwen2_5_7b,pavlick_nli,97.53363132476807,1
qwen2_5_7b,pavlick_nli,94.841468334198,0
qwen2_5_7b,pavlick_nli,88.88141512870789,1
qwen2_5_7b,pavlick_nli,96.4381992816925,1
qwen2_5_7b,pavlick_nli,95.0805127620697,1
qwen2_5_7b,pavlick_nli,97.8555679321289,1
qwen2_5_7b,pavlick_nli,90.51584005355835,1
qwen2_5_7b,pavlick_nli,65.37387371063232,0
qwen2_5_7b,pavlick_nli,90.48210978507996,1
qwen2_5_7b,pavlick_nli,93.58022212982178,0
qwen2_5_7b,pavlick_nli,78.47383618354797,0
qwen2_5_7b,pavlick_nli,93.58223676681519,1
qwen2_5_7b,pavlick_nli,96.60483598709106,1
qwen2_5_7b,pavlick_nli,98.64605665206909,1
qwen2_5_7b,pavlick_nli,98.17016124725342,1
qwen2_5_7b,pavlick_nli,93.78237128257751,1
qwen2_5_7b,pavlick_nli,88.64535689353943,1
qwen2_5_7b,pavlick_nli,97.8904128074646,1
qwen2_5_7b,pavlick_nli,96.84969186782837,1
qwen2_5_7b,pavlick_nli,96.17729783058167,1
qwen2_5_7b,pavlick_nli,81.69466257095337,0
qwen2_5_7b,pavlick_nli,95.54829597473145,1
qwen2_5_7b,pavlick_nli,98.78402948379517,1
qwen2_5_7b,pavlick_nli,92.34235882759094,0
qwen2_5_7b,pavlick_nli,90.05423784255981,1
qwen2_5_7b,pavlick_nli,99.5404064655304,1
qwen2_5_7b,pavlick_nli,95.99087238311768,1
qwen2_5_7b,pavlick_nli,62.64415383338928,0
qwen2_5_7b,pavlick_nli,59.93001461029053,1
qwen2_5_7b,pavlick_nli,77.39787101745605,1
qwen2_5_7b,pavlick_nli,95.92487812042236,1
qwen2_5_7b,pavlick_nli,91.04729294776917,1
qwen2_5_7b,pavlick_nli,96.97723984718323,1
qwen2_5_7b,pavlick_nli,89.03797268867493,0
qwen2_5_7b,pavlick_nli,97.84204363822937,1
qwen2_5_7b,pavlick_nli,88.62515091896057,0
qwen2_5_7b,pavlick_nli,90.68670868873596,1
qwen2_5_7b,pavlick_nli,87.55123019218445,1
qwen2_5_7b,pavlick_nli,86.00554466247559,0
qwen2_5_7b,pavlick_nli,96.18584513664246,1
qwen2_5_7b,pavlick_nli,82.05852508544922,0
qwen2_5_7b,pavlick_nli,98.47186803817749,1
qwen2_5_7b,pavlick_nli,95.4069972038269,1
qwen2_5_7b,pavlick_nli,99.43768382072449,1
qwen2_5_7b,pavlick_nli,92.98579692840576,1
qwen2_5_7b,pavlick_nli,72.90008068084717,1
qwen2_5_7b,pavlick_nli,95.01243829727173,1
qwen2_5_7b,pavlick_nli,95.61516046524048,1
qwen2_5_7b,pavlick_nli,99.86976385116577,1
qwen2_5_7b,pavlick_nli,94.56632733345032,1
qwen2_5_7b,pavlick_nli,91.40657186508179,1
qwen2_5_7b,pavlick_nli,96.01086378097534,1
qwen2_5_7b,pavlick_nli,97.57725596427917,1
qwen2_5_7b,pavlick_nli,93.53904724121094,0
qwen2_5_7b,pavlick_nli,94.75599527359009,1
qwen2_5_7b,pavlick_nli,95.25040984153748,1
qwen2_5_7b,pavlick_nli,99.69582557678223,1
qwen2_5_7b,pavlick_nli,65.72467684745789,0
qwen2_5_7b,pavlick_nli,99.11901950836182,1
qwen2_5_7b,pavlick_nli,94.79416012763977,1
qwen2_5_7b,pavlick_nli,97.83791899681091,1
qwen2_5_7b,pavlick_nli,97.31151461601257,0
qwen2_5_7b,pavlick_nli,95.38636803627014,1
qwen2_5_7b,pavlick_nli,93.70179772377014,1
qwen2_5_7b,pavlick_nli,92.74930357933044,1
qwen2_5_7b,pavlick_nli,97.23836779594421,1
qwen2_5_7b,pavlick_nli,88.87088894844055,0
qwen2_5_7b,pavlick_nli,92.83960461616516,1
qwen2_5_7b,pavlick_nli,93.78459453582764,1
qwen2_5_7b,pavlick_nli,97.7840781211853,1
qwen2_5_7b,pavlick_nli,94.71948742866516,1
qwen2_5_7b,pavlick_nli,94.02274489402771,1
qwen2_5_7b,pavlick_nli,94.35546398162842,1
qwen2_5_7b,pavlick_nli,99.4584858417511,1
qwen2_5_7b,pavlick_nli,99.57467913627625,1
qwen2_5_7b,pavlick_nli,94.08132433891296,1
qwen2_5_7b,pavlick_nli,97.5231409072876,1
qwen2_5_7b,pavlick_nli,98.58357906341553,0
qwen2_5_7b,pavlick_nli,97.32586741447449,1
qwen2_5_7b,pavlick_nli,96.13234996795654,1
qwen2_5_7b,pavlick_nli,93.07373762130737,1
qwen2_5_7b,pavlick_nli,98.22717308998108,1
qwen2_5_7b,pavlick_nli,96.74087762832642,1
qwen2_5_7b,pavlick_nli,85.45897006988525,0
qwen2_5_7b,pavlick_nli,95.74941992759705,1
qwen2_5_7b,pavlick_nli,95.82175612449646,0
qwen2_5_7b,pavlick_nli,88.9352560043335,1
qwen2_5_7b,pavlick_nli,99.57069158554077,1
qwen2_5_7b,pavlick_nli,94.59744095802307,1
qwen2_5_7b,pavlick_nli,95.65386772155762,1
qwen2_5_7b,pavlick_nli,97.8797435760498,1
qwen2_5_7b,pavlick_nli,96.77687883377075,1
qwen2_5_7b,pavlick_nli,94.66530084609985,1
qwen2_5_7b,pavlick_nli,95.83560228347778,1
qwen2_5_7b,pavlick_nli,93.30106973648071,1
qwen2_5_7b,pavlick_nli,98.63336086273193,1
qwen2_5_7b,pavlick_nli,95.00119090080261,1
qwen2_5_7b,pavlick_nli,81.6781997680664,0
qwen2_5_7b,pavlick_nli,94.74266171455383,1
qwen2_5_7b,pavlick_nli,95.99364995956421,1
qwen2_5_7b,pavlick_nli,98.91304969787598,1
qwen2_5_7b,pavlick_nli,98.35562705993652,1
qwen2_5_7b,pavlick_nli,94.04417276382446,1
qwen2_5_7b,pavlick_nli,98.59076142311096,1
qwen2_5_7b,pavlick_nli,97.68009185791016,1
qwen2_5_7b,pavlick_nli,92.01814532279968,1
qwen2_5_7b,pavlick_nli,89.17203545570374,1
qwen2_5_7b,pavlick_nli,90.66233038902283,1
qwen2_5_7b,pavlick_nli,96.38663530349731,1
qwen2_5_7b,pavlick_nli,81.91124200820923,1
qwen2_5_7b,pavlick_nli,92.95102953910828,1
qwen2_5_7b,pavlick_nli,93.98279786109924,1
qwen2_5_7b,pavlick_nli,98.0552077293396,1
qwen2_5_7b,pavlick_nli,92.19471216201782,1
qwen2_5_7b,pavlick_nli,87.69609332084656,1
qwen2_5_7b,pavlick_nli,99.75648522377014,1
qwen2_5_7b,pavlick_nli,97.00115323066711,1
qwen2_5_7b,pavlick_nli,98.17472696304321,1
qwen2_5_7b,pavlick_nli,95.57108283042908,1
qwen2_5_7b,pavlick_nli,87.82462477684021,1
qwen2_5_7b,pavlick_nli,99.672532081604,1
qwen2_5_7b,pavlick_nli,87.80320882797241,1
qwen2_5_7b,pavlick_nli,91.74019694328308,1
qwen2_5_7b,pavlick_nli,81.4577043056488,0
qwen2_5_7b,pavlick_nli,96.70379757881165,1
qwen2_5_7b,pavlick_nli,92.95942187309265,1
qwen2_5_7b,pavlick_nli,94.5705235004425,1
qwen2_5_7b,pavlick_nli,99.40240979194641,1
qwen2_5_7b,pavlick_nli,81.03092312812805,1
qwen2_5_7b,pavlick_nli,81.50372505187988,1
qwen2_5_7b,pavlick_nli,84.5396876335144,0
qwen2_5_7b,pavlick_nli,94.2035973072052,1
qwen2_5_7b,pavlick_nli,94.38908100128174,1
qwen2_5_7b,pavlick_nli,99.21126365661621,1
qwen2_5_7b,pavlick_nli,99.65101480484009,1
