model,dataset,seed,example_id,y,V_pos_letter,V_pos_numeric,V_neg_letter,V_neg_numeric,gap_letter,gap_numeric,flip_influence,rank
llama3_8b,truthfulqa,0,7309e086efa70c46,0,0.602851927280426,0.3053799867630005,0.5717321634292603,0.10929134488105774,0.03111976385116577,0.19608864188194275,0.00046201729551414994,183
llama3_8b,truthfulqa,0,99d3790c2b6a39e5,0,0.6290477514266968,0.8267107605934143,0.5570231080055237,0.678255021572113,0.0720246434211731,0.14845573902130127,0.0018150364167441313,42
llama3_8b,truthfulqa,0,330636641b2e79fb,1,0.6877564787864685,0.9628028869628906,0.5795087218284607,0.05075543001294136,0.10824775695800781,0.9120474569499493,-0.0010466610921573971,97
llama3_8b,truthfulqa,0,cd59cf33b84dbbe0,1,0.7857515811920166,0.9726766347885132,0.7118361592292786,0.5979756116867065,0.07391542196273804,0.37470102310180664,-0.0022697904713366857,23
llama3_8b,truthfulqa,0,e1e88153983d6416,0,0.6315797567367554,0.48742058873176575,0.6615439653396606,0.8916343450546265,-0.029964208602905273,-0.4042137563228607,-0.00020440200052568303,263
llama3_8b,truthfulqa,0,ec54afb282b16e88,0,0.6905376315116882,0.7447728514671326,0.6963563561439514,0.276993066072464,-0.005818724632263184,0.4677797853946686,-0.0016895969686832046,52
llama3_8b,truthfulqa,0,8d6076d9a86359aa,1,0.7058863639831543,0.848338782787323,0.6421445608139038,0.3247503638267517,0.06374180316925049,0.5235884189605713,-0.0010090709504121387,99
llama3_8b,truthfulqa,0,67ef2142402c627c,0,0.6153167486190796,0.8340548872947693,0.6596842408180237,0.8616564273834229,-0.04436749219894409,-0.027601540088653564,-0.0004952945669062236,173
llama3_8b,truthfulqa,0,9957797aa845cb99,0,0.5132434368133545,0.8538351655006409,0.5394787788391113,0.14011110365390778,-0.026235342025756836,0.7137240618467331,-0.0035337893266304543,6
llama3_8b,truthfulqa,0,749069e3c4d13127,0,0.5333951711654663,0.8815549612045288,0.6741281151771545,0.9784483909606934,-0.14073294401168823,-0.09689342975616455,-0.00043893802023436956,190
llama3_8b,truthfulqa,0,599c3844d1a42987,0,0.6481513977050781,0.8249759674072266,0.5951322913169861,0.8753586411476135,0.05301910638809204,-0.05038267374038696,0.001909705269588724,38
llama3_8b,truthfulqa,0,7ae825e82c60c433,1,0.6073063015937805,0.8014503717422485,0.6120675802230835,0.4631466567516327,-0.0047612786293029785,0.33830371499061584,0.0008484802990006979,122
llama3_8b,truthfulqa,0,915f115a4d09bd62,0,0.5471974611282349,0.15746775269508362,0.5682175159454346,0.5842393636703491,-0.021020054817199707,-0.4267716109752655,-0.00011175805877022826,292
llama3_8b,truthfulqa,0,09b3ae7d34a6a05b,1,0.629040002822876,0.8610728979110718,0.622412919998169,0.8585482835769653,0.006627082824707031,0.0025246143341064453,-0.0006220663545647431,149
llama3_8b,truthfulqa,0,7c8dc72c3e005d95,1,0.6796340346336365,0.5824607014656067,0.695696234703064,0.12410297244787216,-0.01606220006942749,0.4583577290177345,0.0015768501635564647,57
llama3_8b,truthfulqa,0,b35e6c0fc5732ca0,0,0.6095610857009888,0.40394213795661926,0.6444464325904846,0.7039631605148315,-0.03488534688949585,-0.3000210225582123,-0.00025789964838357493,249
llama3_8b,truthfulqa,0,c2c888ec9d7fb683,0,0.6788839101791382,0.29673299193382263,0.6540867686271667,0.851213812828064,0.024797141551971436,-0.5544808208942413,0.0009558218717253264,104
llama3_8b,truthfulqa,0,235260fe8de0a7cb,0,0.6198435425758362,0.6205158829689026,0.6401718854904175,0.80059415102005,-0.0203283429145813,-0.18007826805114746,-0.00013098861480714818,282
llama3_8b,truthfulqa,0,12d50ea972dd7999,1,0.6282200217247009,0.4714195728302002,0.5778949856758118,0.10337242484092712,0.05032503604888916,0.36804714798927307,-0.0010751284311569798,92
llama3_8b,truthfulqa,0,42ca33d2c9dab425,0,0.6379485130310059,0.7782069444656372,0.6101497411727905,0.6962977647781372,0.027798771858215332,0.0819091796875,0.00045970629645192274,184
llama3_8b,truthfulqa,0,30c72e16626686df,0,0.6930001974105835,0.25107860565185547,0.6508581638336182,0.06885801255702972,0.04214203357696533,0.18222059309482574,0.0008737237514096496,116
llama3_8b,truthfulqa,0,75a7f5439a119103,0,0.5894221663475037,0.22421914339065552,0.5977479815483093,0.6870890259742737,-0.008325815200805664,-0.46286988258361816,0.00014117905314786627,280
llama3_8b,truthfulqa,0,cc8e5a29e02b6f53,0,0.6624794006347656,0.8849658370018005,0.6352932453155518,0.6158543229103088,0.027186155319213867,0.2691115140914917,-8.69793192785906e-05,301
llama3_8b,truthfulqa,0,b36c4ba33bd81a48,1,0.5897822976112366,0.686465859413147,0.6191621422767639,0.6127084493637085,-0.029379844665527344,0.07375741004943848,0.0005820481690542167,157
llama3_8b,truthfulqa,0,9adfc7bf77b82033,0,0.5955182909965515,0.6200488209724426,0.6084001660346985,0.6608895659446716,-0.012881875038146973,-0.040840744972229004,-0.0001182897398896432,289
llama3_8b,truthfulqa,0,58490691548a6139,1,0.6667985320091248,0.8072965145111084,0.6284339427947998,0.1545855700969696,0.03836458921432495,0.6527109444141388,0.000613040750526761,152
llama3_8b,truthfulqa,0,b958bf10a9d160f6,1,0.6644220948219299,0.8550049662590027,0.6347533464431763,0.6693969964981079,0.029668748378753662,0.18560796976089478,-0.0007479232772809596,131
llama3_8b,truthfulqa,0,dde72772d77c9d22,0,0.5873589515686035,0.3065018951892853,0.6851563453674316,0.8339129686355591,-0.09779739379882812,-0.5274110734462738,-0.00035046494591156607,216
llama3_8b,truthfulqa,0,c0c62e4aacc574e7,0,0.7093368768692017,0.7921915650367737,0.6415136456489563,0.41547271609306335,0.06782323122024536,0.3767188489437103,0.0010596687853563491,93
llama3_8b,truthfulqa,0,77407d51bd5e96a2,0,0.5949146747589111,0.6145239472389221,0.5977606177330017,0.6335586905479431,-0.002845942974090576,-0.019034743309020996,-1.1781953330514128e-05,318
llama3_8b,truthfulqa,0,0674b477ab743871,0,0.5803971290588379,0.8244509100914001,0.6203704476356506,0.6265196204185486,-0.039973318576812744,0.19793128967285156,-0.0011705995795240898,86
llama3_8b,truthfulqa,0,6d778a2f051ec936,0,0.6452377438545227,0.7064834833145142,0.6324681043624878,0.5497192144393921,0.012769639492034912,0.15676426887512207,-0.00020148755229959514,264
llama3_8b,truthfulqa,0,13973c64b67afa69,1,0.5726877450942993,0.8361934423446655,0.5680209994316101,0.16734646260738373,0.004666745662689209,0.6688469797372818,0.002113609770157676,30
llama3_8b,truthfulqa,0,34054ba8a6d4ffd5,0,0.724485456943512,0.5519350171089172,0.6631377935409546,0.20745937526226044,0.06134766340255737,0.3444756418466568,0.0008180701843892857,123
llama3_8b,truthfulqa,0,c2f5df3fcbbb6bab,1,0.643748939037323,0.8450472354888916,0.5815168023109436,0.18388862907886505,0.062232136726379395,0.6611586064100266,-0.00030403823168345667,233
llama3_8b,truthfulqa,0,bfcc87ba2060c703,0,0.6281466484069824,0.8608083128929138,0.6129441261291504,0.35297131538391113,0.015202522277832031,0.5078369975090027,-0.0012150201354206303,79
llama3_8b,truthfulqa,0,4d250f1249dd6e73,1,0.7313575744628906,0.9250668883323669,0.7274290323257446,0.8501888513565063,0.003928542137145996,0.0748780369758606,-0.00021987513056448416,259
llama3_8b,truthfulqa,0,110bd5b14a4e51ff,0,0.6762893795967102,0.6206963062286377,0.7152618169784546,0.6221732497215271,-0.038972437381744385,-0.0014769434928894043,-0.0005016205361908499,170
llama3_8b,truthfulqa,0,1cb261c1e117ea71,1,0.7549294829368591,0.9355490207672119,0.7729732394218445,0.913194477558136,-0.01804375648498535,0.022354543209075928,0.00012053562689651187,287
llama3_8b,truthfulqa,0,4d8944e98f5d5872,0,0.6047245264053345,0.7589794397354126,0.6480639576911926,0.8353249430656433,-0.043339431285858154,-0.07634550333023071,-0.0004046235333172721,197
llama3_8b,truthfulqa,0,1db6879ab09ee566,1,0.4249056279659271,0.7736347913742065,0.4013932943344116,0.6929141879081726,0.023512333631515503,0.08072060346603394,-0.0008797181927103215,115
llama3_8b,truthfulqa,0,78d4140e72235d17,0,0.6728979349136353,0.7195069789886475,0.6664433479309082,0.08021102845668793,0.006454586982727051,0.6392959505319595,-0.0022652133591169465,24
llama3_8b,truthfulqa,0,4f98ff4f6f4956d1,0,0.6343418955802917,0.14464281499385834,0.5581957101821899,0.2280736118555069,0.0761461853981018,-0.08343079686164856,0.002958847164249323,11
llama3_8b,truthfulqa,0,6265e02438a46c64,0,0.7103646993637085,0.26643675565719604,0.8232234716415405,0.4517775774002075,-0.11285877227783203,-0.18534082174301147,-0.00037087711603328577,207
llama3_8b,truthfulqa,0,8434e1766436b616,0,0.6394508481025696,0.5178000926971436,0.6383234262466431,0.8789218664169312,0.0011274218559265137,-0.3611217737197876,0.0003365149480487606,222
llama3_8b,truthfulqa,0,6b7466a7cdc11c49,0,0.6615574359893799,0.6339865326881409,0.6510624885559082,0.6178866624832153,0.01049494743347168,0.016099870204925537,0.0002276504579171723,256
llama3_8b,truthfulqa,0,830f7ddf4c676ba4,0,0.7094326615333557,0.13616201281547546,0.5892813205718994,0.0977114662528038,0.1201513409614563,0.03845054656267166,0.004787541321798483,3
llama3_8b,truthfulqa,0,e38b7bda14d30315,0,0.7189105749130249,0.8202999830245972,0.7187129855155945,0.9018296599388123,0.00019758939743041992,-0.08152967691421509,0.00022937477889906077,254
llama3_8b,truthfulqa,0,d130bcafb6d4857b,1,0.6247370839118958,0.8379788398742676,0.6334874629974365,0.7804919481277466,-0.008750379085540771,0.057486891746520996,0.00012287467306570932,286
llama3_8b,truthfulqa,0,deb4cbcdc86d2217,1,0.6456453204154968,0.6720175743103027,0.6903907060623169,0.31344473361968994,-0.04474538564682007,0.3585728406906128,0.001655517789733496,54
llama3_8b,truthfulqa,0,13f1c167f80b3c86,0,0.6412910223007202,0.7244767546653748,0.629944384098053,0.5812411308288574,0.011346638202667236,0.14323562383651733,-0.0001817670240402136,270
llama3_8b,truthfulqa,0,02e4265adf619cd2,0,0.6589721441268921,0.6036735773086548,0.5773227214813232,0.04350537434220314,0.08164942264556885,0.5601682029664516,0.0011120710501184017,89
llama3_8b,truthfulqa,0,6f61f606625d6962,0,0.6527906060218811,0.7640931606292725,0.6603999137878418,0.7461016178131104,-0.007609307765960693,0.01799154281616211,-0.00021598341946160726,260
llama3_8b,truthfulqa,0,7e24b6a947f90acd,0,0.5783388018608093,0.18177373707294464,0.6207820177078247,0.3880730867385864,-0.04244321584701538,-0.20629934966564178,-0.00030049727459241504,234
llama3_8b,truthfulqa,0,1c00f4ad8c05671e,0,0.6391197443008423,0.894488513469696,0.6068496704101562,0.5466515421867371,0.032270073890686035,0.347836971282959,9.417819500256996e-05,298
llama3_8b,truthfulqa,0,de167f69e2e32110,0,0.584945559501648,0.22431698441505432,0.6242614984512329,0.7824426889419556,-0.03931593894958496,-0.5581257045269012,-0.00025911793577065856,248
llama3_8b,truthfulqa,0,b9df042807fb42e1,1,0.6050547957420349,0.7714898586273193,0.6033756136894226,0.2911001443862915,0.0016791820526123047,0.48038971424102783,0.001301231765136357,72
llama3_8b,truthfulqa,0,ff8a5ccb10bb650b,1,0.7440362572669983,0.6157247424125671,0.6073184609413147,0.09203514456748962,0.1367177963256836,0.5236895978450775,-0.0035150283115119585,8
llama3_8b,truthfulqa,0,50eba5b31a772055,0,0.7007465958595276,0.7529206275939941,0.705977201461792,0.12243528664112091,-0.005230605602264404,0.6304853409528732,-0.0023961753771896688,18
llama3_8b,truthfulqa,0,adc0396f90573771,1,0.6661725640296936,0.6992173790931702,0.6676823496818542,0.055186208337545395,-0.0015097856521606445,0.6440311707556248,0.002123496325479979,29
llama3_8b,truthfulqa,0,42be6134ac65e16f,0,0.6585084795951843,0.4075585901737213,0.8426671028137207,0.8913441300392151,-0.18415862321853638,-0.4837855398654938,-0.00035999102354905554,212
llama3_8b,truthfulqa,0,54073f35a9e89a83,0,0.6497530937194824,0.40036705136299133,0.7353258728981018,0.4201831817626953,-0.08557277917861938,-0.01981613039970398,-0.0005791696850002692,159
llama3_8b,truthfulqa,0,91ae812c64b6eec7,0,0.583415150642395,0.09989050030708313,0.5530322790145874,0.7987393736839294,0.030382871627807617,-0.6988488733768463,0.0013507256599155082,69
llama3_8b,truthfulqa,0,a2bbac9fac8cea9e,1,0.7047166228294373,0.8914005756378174,0.7060626149177551,0.31233641505241394,-0.001345992088317871,0.5790641605854034,0.001695881382085207,51
llama3_8b,truthfulqa,0,b4432f7f65da7425,0,0.6048027276992798,0.7596086263656616,0.5553157329559326,0.17036426067352295,0.04948699474334717,0.5892443656921387,-0.0004865440334989035,177
llama3_8b,truthfulqa,0,5e7ce61525bf40a7,0,0.6521744728088379,0.7416179180145264,0.645774245262146,0.9261935353279114,0.0064002275466918945,-0.184575617313385,0.0004317348199400217,191
llama3_8b,truthfulqa,0,bceb04cdec4011e6,1,0.6287747621536255,0.8983290791511536,0.6017920970916748,0.09534335881471634,0.026982665061950684,0.8029857203364372,0.00230930568109583,21
llama3_8b,truthfulqa,0,1a6f1b65325a5bf9,0,0.6161014437675476,0.44857242703437805,0.6363959312438965,0.8370980620384216,-0.020294487476348877,-0.3885256350040436,-0.00010966950405011389,293
llama3_8b,truthfulqa,0,1258e46cc95bcec6,1,0.6092903017997742,0.867414653301239,0.5277290344238281,0.021034350618720055,0.08156126737594604,0.846380302682519,-0.0005385639261655251,163
llama3_8b,truthfulqa,0,566bb7dcf6b4bdc5,0,0.6603625416755676,0.17885194718837738,0.6678848266601562,0.2655010223388672,-0.007522284984588623,-0.08664907515048981,4.091700151886979e-05,312
llama3_8b,truthfulqa,0,afe01ef3d4ca26a9,1,0.6786095499992371,0.8576821684837341,0.6792640686035156,0.8372044563293457,-0.0006545186042785645,0.020477712154388428,-0.00031240801288456854,229
llama3_8b,truthfulqa,0,b64462e30aab0327,1,0.6071622371673584,0.5692244172096252,0.6231513619422913,0.6935296654701233,-0.01598912477493286,-0.12430524826049805,-0.0004923611031358299,174
llama3_8b,truthfulqa,0,9a62a89ccea2109f,0,0.6828715801239014,0.973641037940979,0.6262929439544678,0.6045341491699219,0.056578636169433594,0.36910688877105713,0.0006647847961850917,147
llama3_8b,truthfulqa,0,a88ba9ecadf8cec4,0,0.6939160227775574,0.7646529674530029,0.6744440197944641,0.9289926886558533,0.01947200298309326,-0.16433972120285034,0.0007252048566175895,135
llama3_8b,truthfulqa,0,d3196b6bc0b067f9,0,0.8152361512184143,0.683885395526886,0.7373619079589844,0.22714173793792725,0.07787424325942993,0.45674365758895874,0.0012791493047297209,73
llama3_8b,truthfulqa,0,b08b5c94a380dd66,0,0.6205543279647827,0.461319237947464,0.6341318488121033,0.7273669242858887,-0.013577520847320557,-0.2660476863384247,3.600701267331141e-05,313
llama3_8b,truthfulqa,0,6a80ec49354d8cfe,0,0.6473721265792847,0.8903699517250061,0.6850995421409607,0.8536043763160706,-0.037727415561676025,0.03676557540893555,-0.0007086074557359212,142
llama3_8b,truthfulqa,0,e65f6dccfc83cee4,0,0.6408227682113647,0.3122650384902954,0.6185352802276611,0.07913050055503845,0.022287487983703613,0.23313453793525696,-0.00012721324690612157,283
llama3_8b,truthfulqa,0,a5df3dc3da0b1590,1,0.6450033783912659,0.5844401121139526,0.6308688521385193,0.5625319480895996,0.014134526252746582,0.021908164024353027,-0.0007863848881198843,125
llama3_8b,truthfulqa,0,4be392727c40b85c,1,0.6352664828300476,0.8571335673332214,0.6264598965644836,0.10623180121183395,0.008806586265563965,0.7509017661213875,0.0026071120782697466,14
llama3_8b,truthfulqa,0,c065711346126d46,1,0.7223652601242065,0.873607337474823,0.736704409122467,0.8746209740638733,-0.014339148998260498,-0.001013636589050293,-0.00011745933781126539,290
llama3_8b,truthfulqa,0,1a6346c1e755a1ab,0,0.6550194025039673,0.5768175721168518,0.6280298829078674,0.6719152331352234,0.026989519596099854,-0.09509766101837158,0.0009497967059373669,106
llama3_8b,truthfulqa,0,e713318cbbd4e025,0,0.7103694677352905,0.8745025396347046,0.6974756121635437,0.9524283409118652,0.012893855571746826,-0.07792580127716064,0.0005332362596512374,165
llama3_8b,truthfulqa,0,1963335d917b3592,1,0.6969081163406372,0.8646540641784668,0.7099778652191162,0.2518536150455475,-0.013069748878479004,0.6128004491329193,0.0021615443282079205,28
llama3_8b,truthfulqa,0,dad055fc0b31ba82,0,0.7079964280128479,0.869486391544342,0.7443334460258484,0.9465699791908264,-0.03633701801300049,-0.07708358764648438,-0.00036202590710843197,209
llama3_8b,truthfulqa,0,32129819edf4b4a6,1,0.5521782040596008,0.9334651231765747,0.5693889260292053,0.38791289925575256,-0.017210721969604492,0.5455522239208221,0.0019004679388949786,39
llama3_8b,truthfulqa,0,9852e55efb50501d,1,0.706688404083252,0.9798175692558289,0.6309908032417297,0.06124896556138992,0.07569760084152222,0.9185686036944389,7.880069855698002e-05,302
llama3_8b,truthfulqa,0,69d2eea7979437ff,1,0.5654999613761902,0.6444646716117859,0.5416526198387146,0.24532459676265717,0.023847341537475586,0.3991400748491287,0.00022911277829917864,255
llama3_8b,truthfulqa,0,27ba3026638b0d62,0,0.7224303483963013,0.8456079363822937,0.7276467084884644,0.8425984382629395,-0.005216360092163086,0.003009498119354248,-9.873530385073881e-05,296
llama3_8b,truthfulqa,0,8a96a293ea441a37,0,0.7730296850204468,0.7041983604431152,0.6013767719268799,0.12215039879083633,0.1716529130935669,0.5820479616522789,0.006259218247770315,1
llama3_8b,truthfulqa,0,7260c8ec3c68f74c,0,0.6448653936386108,0.5190433263778687,0.6511523723602295,0.5702970623970032,-0.006286978721618652,-0.05125373601913452,8.50991230932907e-06,323
llama3_8b,truthfulqa,0,2ce9cedd6b2f649a,0,0.5444265007972717,0.785277783870697,0.561231791973114,0.612413763999939,-0.016805291175842285,0.17286401987075806,-0.0008571986748303062,119
llama3_8b,truthfulqa,0,53da71341cb3bc56,0,0.7311451435089111,0.9546161890029907,0.7449621558189392,0.8354333639144897,-0.013817012310028076,0.11918282508850098,-0.0007104136522383953,141
llama3_8b,truthfulqa,0,1171aa032eaf9964,0,0.5856436491012573,0.22823910415172577,0.5865564942359924,0.20938163995742798,-0.0009128451347351074,0.01885746419429779,-7.560532962980204e-05,304
llama3_8b,truthfulqa,0,dbc745e0f3ce1b95,1,0.6900498270988464,0.3261317312717438,0.7010211944580078,0.1667843610048294,-0.010971367359161377,0.15934737026691437,0.00040521136909671407,196
llama3_8b,truthfulqa,0,cca9be95688a0fad,0,0.6805598735809326,0.5477910041809082,0.6772958636283875,0.5783177018165588,0.003264009952545166,-0.030526697635650635,0.0001969572179061907,266
llama3_8b,truthfulqa,0,bc7c12296ccddfea,0,0.6870620846748352,0.8698623180389404,0.6733302474021912,0.8472161889076233,0.013731837272644043,0.02264612913131714,0.00022739426456469536,257
llama3_8b,truthfulqa,0,6d05864a798803c1,0,0.7026355266571045,0.5241698622703552,0.751910388469696,0.809551477432251,-0.04927486181259155,-0.28538161516189575,-0.00034132161501371217,219
llama3_8b,truthfulqa,0,909e61453bb9a81f,0,0.6050436496734619,0.5625488758087158,0.6525620818138123,0.789054811000824,-0.04751843214035034,-0.22650593519210815,-0.00031082251981701114,231
llama3_8b,truthfulqa,0,d981b78ed7713b6a,0,0.7695401906967163,0.6402416229248047,0.839083194732666,0.8989312052726746,-0.06954300403594971,-0.2586895823478699,-0.00036110910626524495,211
llama3_8b,truthfulqa,0,a226e406bd374852,0,0.7068487405776978,0.2477600872516632,0.7211959958076477,0.503146767616272,-0.014347255229949951,-0.25538668036460876,8.897032139854044e-06,322
llama3_8b,truthfulqa,0,1855fd7637ca921d,0,0.6387880444526672,0.8245543837547302,0.6010656952857971,0.8882849812507629,0.03772234916687012,-0.06373059749603271,0.0014165765726064095,62
llama3_8b,truthfulqa,0,befe6586bf7e2f38,1,0.7284843325614929,0.8266907334327698,0.7130598425865173,0.8444031476974487,0.015424489974975586,-0.017712414264678955,-0.0009902485099011482,100
llama3_8b,truthfulqa,0,e9f192f25ffa0f88,0,0.7415409684181213,0.335917592048645,0.7962744235992432,0.8862608075141907,-0.054733455181121826,-0.5503432154655457,-0.00032090944489199247,225
llama3_8b,truthfulqa,0,520b6455f8ca1ff9,1,0.6741380095481873,0.9056031703948975,0.6652429699897766,0.8588815927505493,0.008895039558410645,0.046721577644348145,-0.0004501120282113802,188
llama3_8b,truthfulqa,0,08c6791aa311a1c0,1,0.5600617527961731,0.6503002643585205,0.5720846652984619,0.7576048374176025,-0.012022912502288818,-0.10730457305908203,-0.0005803504030991724,158
llama3_8b,truthfulqa,0,b06a5e307a5a9c60,0,0.6961921453475952,0.7824064493179321,0.6033766269683838,0.4643436074256897,0.09281551837921143,0.31806284189224243,0.0024412916667116424,17
llama3_8b,truthfulqa,0,84881cb8fe21825c,1,0.8578805327415466,0.9124708771705627,0.7825886607170105,0.05528881400823593,0.07529187202453613,0.8571820631623268,7.880069855698002e-05,303
llama3_8b,truthfulqa,0,5c70f1bac0846287,0,0.6741619110107422,0.7379145622253418,0.6645951867103577,0.8723588585853577,0.009566724300384521,-0.13444429636001587,0.0005112736993532208,167
llama3_8b,truthfulqa,0,55b92e7da2b218c6,0,0.64459228515625,0.7212983965873718,0.610643208026886,0.2633740305900574,0.033949077129364014,0.45792436599731445,-0.00033728169845759215,221
llama3_8b,truthfulqa,0,92baf8d1f01023ad,0,0.6664372086524963,0.5316872596740723,0.6907575726509094,0.8314582705497742,-0.024320363998413086,-0.2997710108757019,-0.0001679509253061373,276
llama3_8b,truthfulqa,0,5e6845c2e445de4e,0,0.6102811694145203,0.5942477583885193,0.6254020929336548,0.8316200971603394,-0.015120923519134521,-0.23737233877182007,-4.480894281566616e-06,325
llama3_8b,truthfulqa,0,437772fcc6f6dc7e,0,0.6771442890167236,0.23835420608520508,0.6722350120544434,0.35314905643463135,0.0049092769622802734,-0.11479485034942627,0.0003753289273939475,206
llama3_8b,truthfulqa,0,6dd01540b1decb86,0,0.6579157114028931,0.7736698985099792,0.649117112159729,0.6118080019950867,0.008798599243164062,0.16186189651489258,-0.00032014282063813626,226
llama3_8b,truthfulqa,0,513e817ea802bebb,1,0.7096925973892212,0.8653774857521057,0.6823638081550598,0.07776689529418945,0.027328789234161377,0.7876105904579163,0.0020474587953955847,32
llama3_8b,truthfulqa,0,a0230aca0b7080f5,1,0.6192108988761902,0.9086328744888306,0.6450127959251404,0.8507815003395081,-0.025801897048950195,0.05785137414932251,0.0004904792887916454,175
llama3_8b,truthfulqa,0,8e0dead07ba8c8b7,0,0.7422469854354858,0.6863948106765747,0.7881686687469482,0.7505455613136292,-0.0459216833114624,-0.06415075063705444,-0.00042730589933270835,194
llama3_8b,truthfulqa,0,57f4715813166fc9,0,0.6070036888122559,0.5974842309951782,0.5945694446563721,0.5505449771881104,0.012434244155883789,0.04693925380706787,0.00014281078726879892,279
llama3_8b,truthfulqa,0,aa0028e70c5ebf74,1,0.6873350739479065,0.5867652893066406,0.7059675455093384,0.3233003318309784,-0.018632471561431885,0.26346495747566223,0.0008890612324528036,114
llama3_8b,truthfulqa,0,7e89934ffba46a28,0,0.5899355411529541,0.5740196704864502,0.5911315679550171,0.7727956175804138,-0.0011960268020629883,-0.19877594709396362,0.0002762279291173564,241
llama3_8b,truthfulqa,0,4318e9715ae014cf,0,0.6629654765129089,0.6663381457328796,0.6885277032852173,0.6516721844673157,-0.02556222677230835,0.014665961265563965,-0.0005047012277938911,169
llama3_8b,truthfulqa,0,78986642eecf6302,0,0.7475088238716125,0.8169386386871338,0.739926278591156,0.8970693349838257,0.007582545280456543,-0.0801306962966919,0.00040749332735046107,195
llama3_8b,truthfulqa,0,6e14268225cd694f,0,0.7102702260017395,0.9761016964912415,0.684489369392395,0.8517019152641296,0.025780856609344482,0.12439978122711182,0.00021574488953474136,261
llama3_8b,truthfulqa,0,ff128283a9f919bd,1,0.6863877773284912,0.9091188907623291,0.5992016792297363,0.16374844312667847,0.08718609809875488,0.7453704476356506,-0.0012214249248160836,78
llama3_8b,truthfulqa,0,125ef41578ebb500,1,0.6034274101257324,0.30744534730911255,0.6130625605583191,0.26450005173683167,-0.00963515043258667,0.042945295572280884,5.67889216386841e-05,307
llama3_8b,truthfulqa,0,fb0200d3253a3f62,1,0.7072868347167969,0.8453348278999329,0.7137524485588074,0.833833634853363,-0.006465613842010498,0.011501193046569824,-0.00023063543411383503,253
llama3_8b,truthfulqa,0,ae8768cd15f2c491,1,0.5929777026176453,0.9513790011405945,0.5610566735267639,0.19618408381938934,0.03192102909088135,0.7551949173212051,0.0017248969295506345,48
llama3_8b,truthfulqa,0,910470b40411b9af,0,0.627208948135376,0.16100868582725525,0.6818484663963318,0.8320168852806091,-0.05463951826095581,-0.6710081994533539,-0.000311294060276579,230
llama3_8b,truthfulqa,0,f8515e36b57e5daa,0,0.6922433376312256,0.9033811092376709,0.7122131586074829,0.6606884598731995,-0.019969820976257324,0.24269264936447144,-0.0011753678657019928,84
llama3_8b,truthfulqa,0,4aa6f1cd5c851c60,1,0.6833604574203491,0.15038856863975525,0.7047933340072632,0.795490562915802,-0.021432876586914062,-0.6451019942760468,-0.0008116232978599425,124
llama3_8b,truthfulqa,0,4d418bc548ba77c3,0,0.6990529894828796,0.8549721240997314,0.7229963541030884,0.29603487253189087,-0.02394336462020874,0.5589372515678406,-0.0023809572073245078,20
llama3_8b,truthfulqa,0,34e958c099b169fd,0,0.541592001914978,0.17184291779994965,0.566261887550354,0.34237968921661377,-0.024669885635375977,-0.17053677141666412,-0.0001789793234313053,273
llama3_8b,truthfulqa,0,1b7b453a8c92500d,1,0.6250244379043579,0.572561502456665,0.650611400604248,0.9673390984535217,-0.025586962699890137,-0.3947775959968567,-0.0005692498467250728,161
llama3_8b,truthfulqa,0,4eaf688fb3831f6f,0,0.6086428165435791,0.7091279625892639,0.6470285058021545,0.6683633327484131,-0.03838568925857544,0.04076462984085083,-0.0007086074557359212,143
llama3_8b,truthfulqa,0,b55a34b1bcf2bae1,1,0.6611158847808838,0.8761460185050964,0.6320264935493469,0.1301654428243637,0.029089391231536865,0.7459805756807327,0.0018562114462535306,41
llama3_8b,truthfulqa,0,3f8bef67a42ee2f2,1,0.6795909404754639,0.3811763823032379,0.6263914704322815,0.27966728806495667,0.05319947004318237,0.10150909423828125,-0.0021703343341527015,27
llama3_8b,truthfulqa,0,c1d3f49e32eb63ba,1,0.3930415213108063,0.8120981454849243,0.45360374450683594,0.8418576121330261,-0.06056222319602966,-0.029759466648101807,0.0003939430637561747,200
llama3_8b,truthfulqa,0,04ca621cd2d4398a,0,0.7376111745834351,0.7533774375915527,0.7429109811782837,0.7773709297180176,-0.005299806594848633,-0.023993492126464844,-4.278546758273993e-05,311
llama3_8b,truthfulqa,0,93234edb544c05a1,0,0.6667788624763489,0.42191192507743835,0.6957713961601257,0.8828012347221375,-0.028992533683776855,-0.4608893096446991,-0.00019321318933679388,268
llama3_8b,truthfulqa,0,eda218288846c4a5,0,0.7418371438980103,0.9307339191436768,0.7250850200653076,0.9304416179656982,0.016752123832702637,0.0002923011779785156,0.0004544609012234191,186
llama3_8b,truthfulqa,0,8908ce0cd82c7c5d,1,0.7375944256782532,0.9586367011070251,0.6739396452903748,0.3181506395339966,0.06365478038787842,0.6404860615730286,-0.0003809613086065977,204
llama3_8b,truthfulqa,0,70acc4a57834a5b8,0,0.6170967221260071,0.6035606265068054,0.5691747069358826,0.26812073588371277,0.04792201519012451,0.33543989062309265,0.0005763391086229253,160
llama3_8b,truthfulqa,0,c98d03a1d0475291,0,0.6328994035720825,0.5255076885223389,0.6807956695556641,0.20132876932621002,-0.04789626598358154,0.32417891919612885,-0.0015669546541089985,58
llama3_8b,truthfulqa,0,fcc80eef3db55bc2,0,0.6075523495674133,0.16501161456108093,0.6573571562767029,0.22471435368061066,-0.04980480670928955,-0.059702739119529724,-0.00047041533500857824,180
llama3_8b,truthfulqa,0,4de37d5ccc6040da,0,0.6250708103179932,0.3949321508407593,0.7275042533874512,0.6576676964759827,-0.10243344306945801,-0.2627355456352234,-0.00037087711603328577,208
llama3_8b,truthfulqa,0,c1ac49018a0e2a86,0,0.6239749193191528,0.688219428062439,0.6249122023582458,0.9001128673553467,-0.0009372830390930176,-0.21189343929290771,0.0002762279291173564,242
llama3_8b,truthfulqa,0,2cdf2fb89fb25c01,1,0.7245169281959534,0.7887810468673706,0.7793651819229126,0.8326219320297241,-0.05484825372695923,-0.043840885162353516,0.0003575237286602695,214
llama3_8b,truthfulqa,0,465ffba8937b1b8c,0,0.7444561719894409,0.8739619255065918,0.6712666153907776,0.4277935028076172,0.07318955659866333,0.4461684226989746,0.0008993254180464372,113
llama3_8b,truthfulqa,0,e58568b123dcfbf8,0,0.6377488970756531,0.8231433033943176,0.656426191329956,0.8931326866149902,-0.01867729425430298,-0.06998938322067261,-0.0002114275480468164,262
llama3_8b,truthfulqa,0,b2a75b68aa6179f8,1,0.7247880697250366,0.7208737730979919,0.6597754955291748,0.08982378244400024,0.06501257419586182,0.6310499906539917,-0.0004508913785365998,187
llama3_8b,truthfulqa,0,d2f347df24262a3f,0,0.6899901628494263,0.6445654034614563,0.6779864430427551,0.8498538136482239,0.012003719806671143,-0.20528841018676758,0.0006043624853761531,154
llama3_8b,truthfulqa,0,ab0746f21d5ea727,0,0.6701583862304688,0.49991852045059204,0.704811692237854,0.5479851365089417,-0.034653306007385254,-0.04806661605834961,-0.00039981388119897376,199
llama3_8b,truthfulqa,0,9583b9257309d01f,1,0.610637366771698,0.7377839684486389,0.580890417098999,0.21797235310077667,0.029746949672698975,0.5198116153478622,0.0004472234441730283,189
llama3_8b,truthfulqa,0,d713be3cd6470c51,0,0.36644473671913147,0.3950364589691162,0.5595461130142212,0.8547673225402832,-0.19310137629508972,-0.459730863571167,-0.00035999102354905554,213
llama3_8b,truthfulqa,0,85ff178c9d1c52df,0,0.6421868801116943,0.8878405690193176,0.6418832540512085,0.8714872002601624,0.00030362606048583984,0.016353368759155273,-1.0526067070859568e-05,321
llama3_8b,truthfulqa,0,fdf6d5b46ff1f104,1,0.6559327840805054,0.9817423820495605,0.6098533868789673,0.6641947031021118,0.046079397201538086,0.31754767894744873,-0.0011826298864756613,81
llama3_8b,truthfulqa,0,ac8ab23b3e3fd25f,0,0.7024163007736206,0.3613240718841553,0.7200184464454651,0.6395302414894104,-0.017602145671844482,-0.2782061696052551,-5.674686265694229e-05,308
llama3_8b,truthfulqa,0,fd161476ea4963f4,0,0.6780251860618591,0.7575522661209106,0.6123104691505432,0.28718072175979614,0.06571471691131592,0.4703715443611145,0.000620782180528745,151
llama3_8b,truthfulqa,0,9431b0c29c16ebf8,0,0.6528308987617493,0.5109982490539551,0.6686388254165649,0.21389377117156982,-0.015807926654815674,0.29710447788238525,-0.0012132116524537495,80
llama3_8b,truthfulqa,0,82c9ad094a589eb6,0,0.7351799011230469,0.8916108012199402,0.6774221658706665,0.1481625735759735,0.05775773525238037,0.7434482276439667,-0.001448480081355008,60
llama3_8b,truthfulqa,0,62cefc571f29f942,1,0.8151635527610779,0.9457563757896423,0.6811332702636719,0.07318311929702759,0.134030282497406,0.8725732564926147,-0.001738968784465167,47
llama3_8b,truthfulqa,0,e1b622c1a07b01c9,0,0.742586076259613,0.8452780842781067,0.6870150566101074,0.10633113235235214,0.055571019649505615,0.7389469519257545,-0.001334519967394865,71
llama3_8b,truthfulqa,0,4519ecda20f144df,0,0.5765829682350159,0.1692522168159485,0.5577928423881531,0.13994204998016357,0.018790125846862793,0.029310166835784912,0.0002998002376245479,236
llama3_8b,truthfulqa,0,bc94689def180a35,0,0.6601052284240723,0.1979784369468689,0.7176307439804077,0.671760618686676,-0.05752551555633545,-0.47378218173980713,-0.00033083500320468806,224
llama3_8b,truthfulqa,0,9f7998342af9a05e,0,0.6201369762420654,0.6808890700340271,0.6371734738349915,0.3000657856464386,-0.017036497592926025,0.3808232843875885,-0.0015088934025451195,59
llama3_8b,truthfulqa,0,09df2f516f2c6d8f,1,0.6021274328231812,0.5814727544784546,0.6389521956443787,0.6605183482170105,-0.03682476282119751,-0.07904559373855591,-1.7781549361661764e-05,316
llama3_8b,truthfulqa,0,09903c5c86533ccc,1,0.6544475555419922,0.9000138640403748,0.605430006980896,0.03792428970336914,0.04901754856109619,0.8620895743370056,0.001356465646481897,68
llama3_8b,truthfulqa,0,775072023f13b896,1,0.6525953412055969,0.7875121235847473,0.7008697986602783,0.4948478639125824,-0.048274457454681396,0.2926642596721649,0.0014427986168248919,61
llama3_8b,truthfulqa,0,87928ff01389118d,1,0.800564706325531,0.6536930799484253,0.8021760582923889,0.7144865393638611,-0.0016113519668579102,-0.06079345941543579,-0.000608140567931903,153
llama3_8b,truthfulqa,0,01461d489206b211,1,0.6474400162696838,0.876831591129303,0.6409695148468018,0.8255157470703125,0.00647050142288208,0.05131584405899048,-0.00034388228294657264,218
llama3_8b,truthfulqa,0,29efa3e04565c90f,0,0.6403008103370667,0.7183017730712891,0.597181499004364,0.31751877069473267,0.04311931133270264,0.4007830023765564,9.660357365576244e-05,297
llama3_8b,truthfulqa,0,0c2c12586aa084ce,0,0.6895740032196045,0.656054675579071,0.7028758525848389,0.1824648529291153,-0.013301849365234375,0.47358982264995575,-0.0018040141011346211,43
llama3_8b,truthfulqa,0,27d04f47837c25eb,0,0.6754553318023682,0.4741447865962982,0.6501258611679077,0.4238324761390686,0.02532947063446045,0.050312310457229614,0.0005006138563390938,171
llama3_8b,truthfulqa,0,27e5590e3c355612,1,0.6423784494400024,0.927629292011261,0.6161067485809326,0.8951489925384521,0.026271700859069824,0.03248029947280884,-0.0011789281711303556,83
llama3_8b,truthfulqa,0,0b0a9b38e0fe59f1,1,0.6452131867408752,0.2907206416130066,0.5644944906234741,0.17524124681949615,0.08071869611740112,0.11547939479351044,-0.0037337173875319207,4
llama3_8b,truthfulqa,0,9989ff7fc921a389,1,0.6633140444755554,0.7015789747238159,0.6323503851890564,0.3147940933704376,0.030963659286499023,0.3867848813533783,-9.223759253490504e-05,299
llama3_8b,truthfulqa,0,7444b68fe9bc32da,0,0.7023724317550659,0.8319603204727173,0.6942116022109985,0.6273744702339172,0.008160829544067383,0.20458585023880005,-0.0003848494360812471,203
llama3_8b,truthfulqa,0,e497b22ebd655863,1,0.49272552132606506,0.6661753058433533,0.6339921355247498,0.7982142567634583,-0.1412666141986847,-0.13203895092010498,0.00013661211790072514,281
llama3_8b,truthfulqa,0,79f6235f7f3aa018,1,0.7070391774177551,0.9105267524719238,0.6125661730766296,0.2960495054721832,0.09447300434112549,0.6144772469997406,-0.002394110059876442,19
llama3_8b,truthfulqa,0,b069c352e530d5b8,0,0.6082682013511658,0.8375178575515747,0.5677332282066345,0.12741370499134064,0.04053497314453125,0.7101041525602341,-0.0017697269727859344,44
llama3_8b,truthfulqa,0,37ce2968ca16b42d,0,0.5352522134780884,0.2381402999162674,0.49256888031959534,0.22595733404159546,0.04268333315849304,0.012182965874671936,0.001378058427095763,67
llama3_8b,truthfulqa,0,efbb94b417885803,1,0.7220461368560791,0.39304906129837036,0.681504487991333,0.33627453446388245,0.040541648864746094,0.056774526834487915,-0.0016787307152374975,53
llama3_8b,truthfulqa,0,54b7b6a532ab18c4,1,0.569904625415802,0.26959627866744995,0.5986188650131226,0.25675252079963684,-0.028714239597320557,0.01284375786781311,0.0002845848893894831,238
llama3_8b,truthfulqa,0,ae97729bf054d1bb,0,0.6782569885253906,0.7148723602294922,0.6962233185768127,0.6069219708442688,-0.01796633005142212,0.10795038938522339,-0.0007776459476993014,126
llama3_8b,truthfulqa,0,afa9ffaacac51aac,1,0.6799304485321045,0.5549537539482117,0.6997169256210327,0.5447595715522766,-0.019786477088928223,0.010194182395935059,5.624135082027415e-05,309
llama3_8b,truthfulqa,0,065bb8cae33e2560,0,0.7522844076156616,0.867586612701416,0.6753259897232056,0.2508927583694458,0.07695841789245605,0.6166938543319702,0.00047701456718268753,179
llama3_8b,truthfulqa,0,ead02ae955988e3c,1,0.666259765625,0.8819694519042969,0.6583820581436157,0.9595356583595276,0.007877707481384277,-0.07756620645523071,-0.0009417956630434765,107
llama3_8b,truthfulqa,0,abd8666a2660d863,1,0.767778754234314,0.239405557513237,0.7908377051353455,0.3889486789703369,-0.023058950901031494,-0.14954312145709991,-0.00034005113488561056,220
llama3_8b,truthfulqa,0,301c90a857082716,1,0.7380134463310242,0.7071069478988647,0.6234157085418701,0.27308470010757446,0.11459773778915405,0.4340222477912903,-0.0035332843026484873,7
llama3_8b,truthfulqa,0,a3739722612c56b7,0,0.6979137659072876,0.5616212487220764,0.6850078105926514,0.16349419951438904,0.01290595531463623,0.3981270492076874,-0.0009532474316710227,105
llama3_8b,truthfulqa,0,dff970349743006f,0,0.7089908719062805,0.7741045951843262,0.7362785339355469,0.31056758761405945,-0.027287662029266357,0.4635370075702667,-0.001990037834544711,35
llama3_8b,truthfulqa,0,8011da4384642045,1,0.6176803112030029,0.866097629070282,0.6515436768531799,0.227208212018013,-0.033863365650177,0.638889417052269,0.002709964560570488,12
llama3_8b,truthfulqa,0,e1a7e6c91013d697,0,0.6989601254463196,0.5961169004440308,0.6784844994544983,0.1564086377620697,0.02047562599182129,0.43970826268196106,-0.0009618398192114408,103
llama3_8b,truthfulqa,0,9ee1553bf9307125,0,0.6306026577949524,0.25741443037986755,0.607584536075592,0.9144365191459656,0.02301812171936035,-0.657022088766098,0.0008624349986207647,117
llama3_8b,truthfulqa,0,102ac47cf38b8e80,0,0.6932377815246582,0.9062570333480835,0.7164755463600159,0.8002206683158875,-0.023237764835357666,0.10603636503219604,-0.0008571526688351261,120
llama3_8b,truthfulqa,0,9df2a34ee46fa7f0,0,0.6092817783355713,0.3414270877838135,0.5925682783126831,0.5029404759407043,0.016713500022888184,-0.16151338815689087,0.0006794456622515876,146
llama3_8b,truthfulqa,0,daa897f850b3def0,1,0.5812457799911499,0.9245660305023193,0.6541385054588318,0.9177401661872864,-0.07289272546768188,0.006825864315032959,0.0005377952289503107,164
llama3_8b,truthfulqa,0,a2975fa1bc0d0e82,1,0.6633575558662415,0.7656435966491699,0.6774082183837891,0.5433052778244019,-0.014050662517547607,0.22233831882476807,0.0007124969668462211,140
llama3_8b,truthfulqa,0,06b571880f403ecd,0,0.7031770944595337,0.4528433084487915,0.6454430222511292,0.4017607867717743,0.05773407220840454,0.05108252167701721,0.0016492394019299028,55
llama3_8b,truthfulqa,0,4c415efec365f66c,1,0.759336531162262,0.6600250005722046,0.7416864633560181,0.3292514383792877,0.017650067806243896,0.33077356219291687,0.00010493095667535313,295
llama3_8b,truthfulqa,0,aaf3365a17e46991,1,0.6408267021179199,0.6499802470207214,0.629421591758728,0.40903931856155396,0.011405110359191895,0.24094092845916748,0.00012409783859446133,284
llama3_8b,truthfulqa,0,84a854c62d51d7c2,0,0.725949227809906,0.9059248566627502,0.6595956683158875,0.24977900087833405,0.06635355949401855,0.6561458557844162,-0.000379085135998658,205
llama3_8b,truthfulqa,0,d965265524c54a8a,0,0.6142511963844299,0.5540112257003784,0.5914537906646729,0.2190217524766922,0.02279740571975708,0.3349894732236862,-0.0004312858955669019,192
llama3_8b,truthfulqa,0,09646b9c298454f8,1,0.5968989133834839,0.7239766120910645,0.5757245421409607,0.5370432138442993,0.021174371242523193,0.18693339824676514,-0.0004277187959626505,193
llama3_8b,truthfulqa,0,e41798d429d78e06,0,0.5922000408172607,0.48501232266426086,0.6403067708015442,0.9223169088363647,-0.04810672998428345,-0.4373045861721039,-0.0003108211725087462,232
llama3_8b,truthfulqa,0,cf9e96d8330b1056,1,0.6377770900726318,0.9634130001068115,0.5410093665122986,0.03474094718694687,0.09676772356033325,0.9286720529198647,-0.0010466610921573971,98
llama3_8b,truthfulqa,0,18df09c730204788,0,0.635202169418335,0.8587223887443542,0.6357339024543762,0.7056324481964111,-0.0005317330360412598,0.15308994054794312,-0.0004966253772694107,172
llama3_8b,truthfulqa,0,819fcb00e2a7fd8d,1,0.6797334551811218,0.7506820559501648,0.6439212560653687,0.750334620475769,0.035812199115753174,0.00034743547439575195,-0.001751395681689194,45
llama3_8b,truthfulqa,0,e06d67d108547684,1,0.7153432965278625,0.8032411336898804,0.7118165493011475,0.4342311918735504,0.003526747226715088,0.36900994181632996,0.0007233528922000465,136
llama3_8b,truthfulqa,0,108223d91d2c7db7,1,0.6097275018692017,0.7511884570121765,0.5340738892555237,0.07209551334381104,0.07565361261367798,0.6790929436683655,-0.000911254449842136,112
llama3_8b,truthfulqa,0,5d35b421a5673bbe,0,0.6169775128364563,0.5577892065048218,0.6248312592506409,0.6179358959197998,-0.00785374641418457,-0.06014668941497803,-8.326836968719498e-06,324
llama3_8b,truthfulqa,0,cf87b209083db05b,1,0.6442851424217224,0.6991429328918457,0.6314561367034912,0.404191792011261,0.012829005718231201,0.2949511408805847,0.0001689030945241643,275
llama3_8b,truthfulqa,0,f1a34a9dabde6072,1,0.5366497039794922,0.681509792804718,0.5675857067108154,0.28231555223464966,-0.030936002731323242,0.39919424057006836,0.0017131354376299646,49
llama3_8b,truthfulqa,0,119e1d0913bc86f0,1,0.6381963491439819,0.6789640784263611,0.65602707862854,0.44507911801338196,-0.017830729484558105,0.23388496041297913,0.0008518738923608549,121
llama3_8b,truthfulqa,0,0a84f0cb2f7ab820,1,0.6793882846832275,0.5916928648948669,0.6499897837638855,0.6635950207710266,0.02939850091934204,-0.07190215587615967,-0.0017062346208608359,50
llama3_8b,truthfulqa,0,b61ef4b3136a25e7,1,0.6602498888969421,0.697068989276886,0.6626293659210205,0.7236559987068176,-0.002379477024078369,-0.02658700942993164,-0.0004782114113338065,178
llama3_8b,truthfulqa,0,25b631198a356a03,0,0.6687144637107849,0.8301684856414795,0.6549566388130188,0.7580141425132751,0.013757824897766113,0.07215434312820435,6.196572686789636e-05,306
llama3_8b,truthfulqa,0,6f07475503ab6d7f,0,0.699471116065979,0.8688258528709412,0.6792466044425964,0.7767531871795654,0.02022451162338257,0.09207266569137573,0.00014378603683956603,278
llama3_8b,truthfulqa,0,9509daa1f7bbd80c,0,0.7007802724838257,0.8638049960136414,0.68829745054245,0.6493382453918457,0.012482821941375732,0.21446675062179565,-0.000332123445436705,223
llama3_8b,truthfulqa,0,6de78aa1133c6ac1,0,0.7346810102462769,0.9116262793540955,0.7087169885635376,0.8088389039039612,0.025964021682739258,0.10278737545013428,0.00027296381091745925,243
llama3_8b,truthfulqa,0,8a47ffa989e8c0dc,1,0.5874670147895813,0.5380175709724426,0.5735995769500732,0.39314019680023193,0.013867437839508057,0.1448773741722107,-0.0003879753062236424,201
llama3_8b,truthfulqa,0,5d7c5af11085cc1b,0,0.6179620623588562,0.910580039024353,0.5327235460281372,0.15083321928977966,0.085238516330719,0.7597468197345734,-0.001059481604978041,95
llama3_8b,truthfulqa,0,9c59ab79438ec35b,1,0.6697471141815186,0.8883886933326721,0.6193130612373352,0.16934797167778015,0.05043405294418335,0.719040721654892,0.0006037779693211509,155
llama3_8b,truthfulqa,0,8d9ef6e87a3cb699,0,0.6725213527679443,0.5129736065864563,0.648141086101532,0.19137811660766602,0.024380266666412354,0.3215954899787903,-0.0003003116098749259,235
llama3_8b,truthfulqa,0,ac15a11207009786,0,0.596260666847229,0.5985586643218994,0.6163365840911865,0.6606433391571045,-0.02007591724395752,-0.06208467483520508,-0.0002364435961976774,252
llama3_8b,truthfulqa,0,6bd98fe58a1763c9,0,0.6764070391654968,0.8662155866622925,0.6308619976043701,0.07692991942167282,0.04554504156112671,0.7892856672406197,-0.0031368467504793163,10
llama3_8b,truthfulqa,0,fa075819c46433ec,1,0.6845296621322632,0.5339053869247437,0.7321444153785706,0.4078158438205719,-0.04761475324630737,0.12608954310417175,0.0009305139766864201,110
llama3_8b,truthfulqa,0,be08397ee15b0cd2,1,0.7614479064941406,0.8574793934822083,0.720468282699585,0.16232693195343018,0.040979623794555664,0.6951524615287781,0.0006466889736486681,148
llama3_8b,truthfulqa,0,eb26e4737d9da432,1,0.7170171141624451,0.8599894046783447,0.6508307456970215,0.5793285965919495,0.06618636846542358,0.28066080808639526,-0.0020243096696247465,33
llama3_8b,truthfulqa,0,1eac5b461888a05a,0,0.6256777048110962,0.13737373054027557,0.6256611943244934,0.12971502542495728,1.6510486602783203e-05,0.007658705115318298,1.629283982690355e-05,317
llama3_8b,truthfulqa,0,f81542563a03aa05,1,0.7107340097427368,0.9914329648017883,0.5714043378829956,0.059756264090538025,0.1393296718597412,0.9316767007112503,-0.001738968784465167,46
llama3_8b,truthfulqa,0,1bef490e9fc8b8a5,0,0.5957121253013611,0.1648375689983368,0.6185742020606995,0.8261176943778992,-0.02286207675933838,-0.6612801253795624,-0.00011420903916231628,291
llama3_8b,truthfulqa,0,2ebea5a20d550e42,0,0.6726323962211609,0.7783631086349487,0.6803796291351318,0.5775002241134644,-0.007747232913970947,0.20086288452148438,-0.0007703025906055649,127
llama3_8b,truthfulqa,0,f47c5a31c127c23a,1,0.5940259695053101,0.7698776125907898,0.6033738255500793,0.6631287932395935,-0.009347856044769287,0.10674881935119629,0.0002669377393930139,245
llama3_8b,truthfulqa,0,0292664fc85e3208,0,0.6021479964256287,0.5784622430801392,0.5292173624038696,0.21570762991905212,0.07293063402175903,0.36275461316108704,0.0012681265866713032,74
llama3_8b,truthfulqa,0,d28dd71f5793f297,0,0.6415797472000122,0.796387791633606,0.6559003591537476,0.9295377135276794,-0.014320611953735352,-0.1331499218940735,-1.11365160997412e-05,319
llama3_8b,truthfulqa,0,c1ca82582f1f8e7c,1,0.6983484029769897,0.8820365071296692,0.6022749543190002,0.09992532432079315,0.0960734486579895,0.782111182808876,-0.0012517892972856437,75
llama3_8b,truthfulqa,0,7c86234fa8b6a9d0,1,0.6778085827827454,0.8331102132797241,0.718393862247467,0.7375954389572144,-0.04058527946472168,0.09551477432250977,0.0007652375558019897,129
llama3_8b,truthfulqa,0,6afe7831ee05acaf,0,0.6164733171463013,0.7658963799476624,0.7334694862365723,0.8449075222015381,-0.116996169090271,-0.07901114225387573,-0.00046279336254811954,182
llama3_8b,truthfulqa,0,f1ec648dcb443a0d,1,0.6208803057670593,0.8694839477539062,0.624196469783783,0.8509218096733093,-0.003316164016723633,0.018562138080596924,-0.00026302572191883034,247
llama3_8b,truthfulqa,0,584229bdf67c93f4,0,0.6663157939910889,0.5941702127456665,0.6280978322029114,0.6417005658149719,0.03821796178817749,-0.04753035306930542,0.0013911457193067078,65
llama3_8b,truthfulqa,0,96223e34c2c7a601,1,0.7206530570983887,0.9310855269432068,0.6870394945144653,0.542092502117157,0.03361356258392334,0.3889930248260498,-0.00029522606574322596,237
llama3_8b,truthfulqa,0,bad5ea38d8fefa09,0,0.7169843912124634,0.4309942126274109,0.7393559217453003,0.15322241187095642,-0.022371530532836914,0.27777180075645447,-0.0012490735233164907,76
llama3_8b,truthfulqa,0,b4e8a81af0c90380,0,0.7337788343429565,0.8079713582992554,0.6625720262527466,0.09921908378601074,0.07120680809020996,0.7087522745132446,-0.0007218605104481468,137
llama3_8b,truthfulqa,0,224b8fa4321f0269,0,0.6238802671432495,0.391041100025177,0.6867379546165466,0.6898723840713501,-0.06285768747329712,-0.2988312840461731,-0.00036110910626524495,210
llama3_8b,truthfulqa,0,ee9c627b750f12e5,0,0.6642471551895142,0.767891526222229,0.691912055015564,0.23221097886562347,-0.027664899826049805,0.5356805473566055,-0.0022101666021940303,26
llama3_8b,truthfulqa,0,c1f5aea3463b2127,0,0.5128309726715088,0.7316351532936096,0.5507192015647888,0.633775532245636,-0.03788822889328003,0.09785962104797363,-0.0009317714791516885,109
llama3_8b,truthfulqa,0,1eb1d4134dc08f2b,1,0.5881073474884033,0.8425347208976746,0.6356451511383057,0.7818546295166016,-0.047537803649902344,0.060680091381073,0.0007286316438781526,133
llama3_8b,truthfulqa,0,ed7b90dde049cb22,1,0.6889119744300842,0.8986412286758423,0.663804292678833,0.5328152775764465,0.02510768175125122,0.36582595109939575,1.0686143278149096e-05,320
llama3_8b,truthfulqa,0,cfd6da575429719c,1,0.7391666173934937,0.8853886127471924,0.7182510495185852,0.6760300397872925,0.020915567874908447,0.2093585729598999,-0.0003171803277998708,228
llama3_8b,truthfulqa,0,55d344a3b608fa08,1,0.5835996270179749,0.7400001287460327,0.6023635864257812,0.9201377630233765,-0.018763959407806396,-0.18013763427734375,-0.0005065959225300509,168
llama3_8b,truthfulqa,0,2035ff608d2218fb,1,0.6758062839508057,0.6217191219329834,0.693373441696167,0.0245068222284317,-0.017567157745361328,0.5972122997045517,0.002282458451602687,22
llama3_8b,truthfulqa,0,db91565e9047a448,1,0.5959382057189941,0.9272461533546448,0.5721589922904968,0.1120680645108223,0.023779213428497314,0.8151780888438225,0.002443821856410955,16
llama3_8b,truthfulqa,0,7b758dab76f1bd1a,0,0.7710292935371399,0.8678515553474426,0.6950206160545349,0.6407959461212158,0.07600867748260498,0.2270556092262268,0.0020790763549668467,31
llama3_8b,truthfulqa,0,bd152ad98952877a,1,0.6655824184417725,0.5966618061065674,0.6935568451881409,0.3578190505504608,-0.027974426746368408,0.23884275555610657,0.0011034508898148943,90
llama3_8b,truthfulqa,0,8028c322615625bb,0,0.6285324096679688,0.6583511233329773,0.550393283367157,0.07440383732318878,0.07813912630081177,0.5839472860097885,0.0007186592592475227,138
llama3_8b,truthfulqa,0,caff125d25466b98,1,0.7296754717826843,0.9035971164703369,0.6400987505912781,0.12996920943260193,0.08957672119140625,0.773627907037735,-0.001059481604978041,94
llama3_8b,truthfulqa,0,c9fc7a1a3e928b5a,1,0.6391319632530212,0.9080328941345215,0.6810258626937866,0.813855767250061,-0.04189389944076538,0.09417712688446045,0.0007652375558019897,130
llama3_8b,truthfulqa,0,4adc8bc8334473aa,1,0.6765991449356079,0.8596829175949097,0.6823756694793701,0.4746628701686859,-0.005776524543762207,0.38502004742622375,0.0010803750807007462,91
llama3_8b,truthfulqa,0,ce1d05f6964bf1f5,1,0.6826788187026978,0.5479468107223511,0.6383469104766846,0.10023702681064606,0.044331908226013184,0.447709783911705,-0.0006020653232768347,156
llama3_8b,truthfulqa,0,3e7886bf361f3e61,0,0.7240298986434937,0.6444838643074036,0.7611891031265259,0.868365466594696,-0.03715920448303223,-0.22388160228729248,-0.00027953010589237826,240
llama3_8b,truthfulqa,0,b4acf12c9bd6f345,1,0.6300666332244873,0.8020570278167725,0.6228468418121338,0.05228852108120918,0.007219791412353516,0.7497685067355633,0.002663978480134277,13
llama3_8b,truthfulqa,0,31c6ad0bede05f6f,1,0.6821143627166748,0.6708207726478577,0.6532766819000244,0.40334609150886536,0.02883768081665039,0.2674746811389923,-0.0005432046864545237,162
llama3_8b,truthfulqa,0,e2967551ecbd1d6c,1,0.6962722539901733,0.896312952041626,0.6943978667259216,0.4321180284023285,0.001874387264251709,0.4641949236392975,0.001174767049630543,85
llama3_8b,truthfulqa,0,f6f2457e7f643e5e,1,0.6696472764015198,0.9436250329017639,0.6179112195968628,0.35923415422439575,0.05173605680465698,0.5843908786773682,-0.00026841828410484325,244
llama3_8b,truthfulqa,0,8504bd4219eee2ab,0,0.6985505819320679,0.6640087962150574,0.5849920511245728,0.37325775623321533,0.11355853080749512,0.29075103998184204,0.0037188312583654737,5
llama3_8b,truthfulqa,0,27b740704724074f,0,0.5624729990959167,0.3487917184829712,0.5628842711448669,0.7237805724143982,-0.0004112720489501953,-0.374988853931427,0.0003195153730382039,227
llama3_8b,truthfulqa,0,f2e16895cdc0dc54,1,0.589372456073761,0.8050085306167603,0.6042774319648743,0.37051910161972046,-0.014904975891113281,0.4344894289970398,0.0013982628043964218,64
llama3_8b,truthfulqa,0,8fa28eb1c973b57e,0,0.74591463804245,0.8509789109230042,0.7049427628517151,0.1877569705247879,0.04097187519073486,0.6632219403982162,-0.0013389573059164328,70
llama3_8b,truthfulqa,0,7eadd6aeaa61e4f0,1,0.7329443097114563,0.9113270044326782,0.6700562834739685,0.09515762329101562,0.06288802623748779,0.8161693811416626,0.0007669885766346529,128
llama3_8b,truthfulqa,0,e3c6559383ae0881,0,0.6976271271705627,0.10766322910785675,0.7276150584220886,0.8653050065040588,-0.02998793125152588,-0.7576417773962021,-0.00019478661591026958,267
llama3_8b,truthfulqa,0,64c5d063d596862c,1,0.7168359160423279,0.9402076005935669,0.6865689158439636,0.7457903027534485,0.030267000198364258,0.1944172978401184,-0.0007262548049082329,134
llama3_8b,truthfulqa,0,4cb89926412a2a0f,1,0.7535156011581421,0.6058652997016907,0.7234930396080017,0.4574926793575287,0.03002256155014038,0.148372620344162,-0.0009133207101145735,111
llama3_8b,truthfulqa,0,8eb5dae5cb39e8d1,0,0.6583110094070435,0.8492299914360046,0.6406556963920593,0.8142195343971252,0.01765531301498413,0.035010457038879395,0.00028402114492237507,239
llama3_8b,truthfulqa,0,404bb761a7a087c9,1,0.5782697796821594,0.8815205097198486,0.5508332848548889,0.5948920249938965,0.027436494827270508,0.28662848472595215,-0.00046366434142042223,181
llama3_8b,truthfulqa,0,dfa76b4cc935ea9d,0,0.5625462532043457,0.7290701270103455,0.583946943283081,0.8367453217506409,-0.02140069007873535,-0.10767519474029541,-0.00018857612143802216,269
llama3_8b,truthfulqa,0,75528fc13281acb8,0,0.6845152378082275,0.891161322593689,0.6381059288978577,0.15045398473739624,0.04640930891036987,0.7407073378562927,-0.0016052786193586632,56
llama3_8b,truthfulqa,0,bae0dbcfe34ab384,1,0.6423776149749756,0.7025937438011169,0.6421788930892944,0.7403084635734558,0.00019872188568115234,-0.03771471977233887,-0.0006208831130596892,150
llama3_8b,truthfulqa,0,6a62b7e765cab9ca,0,0.6174651980400085,0.7966956496238708,0.6021772623062134,0.5062853693962097,0.015287935733795166,0.29041028022766113,-0.0004875691482635891,176
llama3_8b,truthfulqa,0,976151cc6e63bfae,0,0.6334539651870728,0.5907450914382935,0.6526361107826233,0.7862249612808228,-0.019182145595550537,-0.1954798698425293,-0.00010750303823287011,294
llama3_8b,truthfulqa,0,a9c18cfd7ccf7dbd,1,0.6620680093765259,0.7940496802330017,0.5167039036750793,0.05270129069685936,0.14536410570144653,0.7413483895361423,-0.0022243835046977245,25
llama3_8b,truthfulqa,0,ec002eabc93bf837,1,0.6698864698410034,0.8851702213287354,0.5753186941146851,0.035547155886888504,0.09456777572631836,0.8496230654418468,-0.0010466610921573971,96
llama3_8b,truthfulqa,0,a815e0b0fc42de56,0,0.6276875734329224,0.46276620030403137,0.5932830572128296,0.06602543592453003,0.03440451622009277,0.39674076437950134,-0.00011993480024530268,288
llama3_8b,truthfulqa,0,d820d0b13c589a3a,0,0.6475045680999756,0.2637180984020233,0.6086971759796143,0.09356293827295303,0.03880739212036133,0.17015516012907028,0.0007466571338934913,132
llama3_8b,truthfulqa,0,596022e19f111455,0,0.6061846613883972,0.3680720627307892,0.6289383769035339,0.8734540343284607,-0.02275371551513672,-0.5053819715976715,-0.00012382442377772973,285
llama3_8b,truthfulqa,0,307450e0dcbfc217,0,0.6886168122291565,0.6674791574478149,0.6568673849105835,0.33271896839141846,0.031749427318573,0.3347601890563965,8.939342969532804e-05,300
llama3_8b,truthfulqa,0,7fcbe04b82c745c8,0,0.6529449224472046,0.7839676737785339,0.6576040387153625,0.8430998921394348,-0.004659116268157959,-0.05913221836090088,5.179799677401675e-05,310
llama3_8b,truthfulqa,0,38e2fe11a207f655,1,0.7171390056610107,0.7578691840171814,0.6471472978591919,0.07090814411640167,0.06999170780181885,0.6869610399007797,-0.00045798059950946657,185
llama3_8b,truthfulqa,0,46fff3fbfaf5a943,0,0.6942893266677856,0.27237969636917114,0.6622009873390198,0.7477318644523621,0.03208833932876587,-0.4753521680831909,0.001407311280772261,63
llama3_8b,truthfulqa,0,329fa18666725719,0,0.6995201110839844,0.9140536785125732,0.7117307782173157,0.9127589464187622,-0.012210667133331299,0.0012947320938110352,-0.00020019600968368412,265
llama3_8b,truthfulqa,0,69a45c7cbe84cab6,1,0.6300302147865295,0.44644981622695923,0.636468768119812,0.7563696503639221,-0.006438553333282471,-0.3099198341369629,-0.00098332665776929,101
llama3_8b,truthfulqa,0,3dc67e9cd89abad4,1,0.6291847825050354,0.7375739812850952,0.6522851586341858,0.8250374794006348,-0.02310037612915039,-0.08746349811553955,-0.0002478008068133586,250
llama3_8b,truthfulqa,0,cd8f1aa24b30584f,1,0.6459148526191711,0.5474291443824768,0.6666324138641357,0.6820091009140015,-0.0207175612449646,-0.13457995653152466,-0.0004002445091006446,198
llama3_8b,truthfulqa,0,8aaab2af0a9b6759,0,0.7193537354469299,0.9443389773368835,0.6873921155929565,0.7566286325454712,0.03196161985397339,0.18771034479141235,0.0005176517865005392,166
llama3_8b,truthfulqa,0,9ffdb03a36078699,1,0.6364600658416748,0.9013105630874634,0.6255412101745605,0.8944569230079651,0.010918855667114258,0.006853640079498291,-0.0007038858047513918,145
llama3_8b,truthfulqa,0,db78b33dce5354e6,0,0.589690089225769,0.7712724208831787,0.5372107028961182,0.20768561959266663,0.05247938632965088,0.5635868012905121,-0.00016138677961424763,277
llama3_8b,truthfulqa,0,dfe8b5fc506ff213,0,0.5920282006263733,0.3739181160926819,0.5404951572418213,0.1952132284641266,0.051533043384552,0.1787048876285553,0.0011693125882715205,87
llama3_8b,truthfulqa,0,e82141dbcb8a097f,1,0.6725069284439087,0.896857500076294,0.6382569670677185,0.35216662287712097,0.034249961376190186,0.544690877199173,0.0002230255602203579,258
llama3_8b,truthfulqa,0,d12ef20e45931369,1,0.5834923386573792,0.160834401845932,0.6198683381080627,0.20341479778289795,-0.036375999450683594,-0.04258039593696594,0.00017095835524649772,274
llama3_8b,truthfulqa,0,6b379ef7efa1e456,0,0.6104093790054321,0.44610264897346497,0.572614848613739,0.3798241913318634,0.037794530391693115,0.06627845764160156,0.0009698731728239318,102
llama3_8b,truthfulqa,0,6b024f2a34305bdc,0,0.5970290303230286,0.18523256480693817,0.6711965799331665,0.7281581163406372,-0.07416754961013794,-0.542925551533699,-0.00035046494591156607,217
llama3_8b,truthfulqa,0,ca03258ee2552488,1,0.6441140174865723,0.8337981700897217,0.6413403153419495,0.7696001529693604,0.0027737021446228027,0.06419801712036133,-0.00023696254388116955,251
llama3_8b,truthfulqa,0,94d54c7ee46ecbcd,1,0.6891210079193115,0.8681610226631165,0.6533867120742798,0.028875181451439857,0.03573429584503174,0.8392858412116766,0.0019158350040170968,36
llama3_8b,truthfulqa,0,910c762cb343da12,0,0.7411709427833557,0.7162307500839233,0.7352969646453857,0.8482311964035034,0.005873978137969971,-0.13200044631958008,0.0003868099836511485,202
llama3_8b,truthfulqa,0,684b757b2a1001bc,1,0.5939658880233765,0.9128197431564331,0.5729133486747742,0.8119473457336426,0.021052539348602295,0.10087239742279053,-0.0007080691058818367,144
llama3_8b,truthfulqa,0,5e884123fc1e6b2f,1,0.6960415840148926,0.9044677019119263,0.6681057810783386,0.15890909731388092,0.027935802936553955,0.7455586045980453,0.0018562114462535306,40
llama3_8b,truthfulqa,0,14216d32ec79e316,0,0.6386179327964783,0.7385830879211426,0.6467772722244263,0.8489313721656799,-0.008159339427947998,-0.11034828424453735,6.436099048007238e-05,305
llama3_8b,truthfulqa,0,f5268d157dbdc27c,1,0.6570955514907837,0.9376406073570251,0.6371586918830872,0.01799558848142624,0.019936859607696533,0.9196450188755989,0.0025910082084667496,15
llama3_8b,truthfulqa,0,4fefbd4360908a36,0,0.7189694046974182,0.7151768207550049,0.6675881743431091,0.7965248227119446,0.05138123035430908,-0.0813480019569397,0.0019158255649528444,37
llama3_8b,truthfulqa,0,d08f4b6046ac0000,1,0.5574379563331604,0.4757249057292938,0.39979034662246704,0.4513440430164337,0.15764760971069336,0.024380862712860107,-0.005258520122686072,2
llama3_8b,truthfulqa,0,895415ae91d77cd8,0,0.7458171844482422,0.941239595413208,0.7233150005340576,0.885130763053894,0.02250218391418457,0.056108832359313965,0.00035422372914423184,215
llama3_8b,truthfulqa,0,510a9756d81bd8b7,0,0.7200233340263367,0.6856074333190918,0.4324950873851776,0.09855036437511444,0.28752824664115906,0.5870570689439774,0.009279161267713276,0
llama3_8b,truthfulqa,0,72ccf4b3cd2b587e,0,0.7410226464271545,0.6745563745498657,0.7027587890625,0.21414117515087128,0.03826385736465454,0.46041519939899445,-0.00026593552066017656,246
llama3_8b,truthfulqa,0,f9e1a5708df7327d,1,0.6444483995437622,0.30807802081108093,0.6766679286956787,0.06867489963769913,-0.032219529151916504,0.2394031211733818,0.0011369368336473507,88
llama3_8b,truthfulqa,0,e2c050a5e8496b1a,1,0.6285902857780457,0.8332374691963196,0.6302030682563782,0.483099102973938,-0.0016127824783325195,0.3501383662223816,0.0008606695994444191,118
llama3_8b,truthfulqa,0,dcfb301985790adf,0,0.6668754816055298,0.20995932817459106,0.5953449010848999,0.11849353462457657,0.07153058052062988,0.0914657935500145,0.002004951274097444,34
llama3_8b,truthfulqa,0,5020bee1c6cb6ee0,1,0.5996918082237244,0.725472092628479,0.5805123448371887,0.7825863361358643,0.019179463386535645,-0.057114243507385254,-0.0012271244381509283,77
llama3_8b,truthfulqa,0,e81a4fb5b2dea5a1,1,0.692537248134613,0.729096531867981,0.6683009266853333,0.19337528944015503,0.024236321449279785,0.5357212424278259,0.0007143823759842016,139
llama3_8b,truthfulqa,0,951a20244b7d161b,0,0.6097483038902283,0.8163226246833801,0.6143785119056702,0.8364991545677185,-0.0046302080154418945,-0.02017652988433838,-2.7400852198100623e-05,315
llama3_8b,truthfulqa,0,c1a8d3e94bc8fb40,0,0.6755420565605164,0.44946616888046265,0.6437761187553406,0.4181446135044098,0.03176593780517578,0.031321555376052856,0.0009397885120044913,108
llama3_8b,truthfulqa,0,fe66ea8590dff7c8,0,0.6533505916595459,0.2494441568851471,0.6798226833343506,0.6228060722351074,-0.026472091674804688,-0.3733619153499603,-0.00018075164913056163,272
llama3_8b,truthfulqa,0,89ffd900a51d373e,1,0.6941490769386292,0.7710862755775452,0.6513772010803223,0.22793781757354736,0.042771875858306885,0.5431484580039978,-0.0001812444904063515,271
llama3_8b,truthfulqa,0,0f2bb168efa83c85,1,0.6603031754493713,0.7740562558174133,0.6503220200538635,0.20530933141708374,0.009981155395507812,0.5687469244003296,0.0013791445779105516,66
llama3_8b,truthfulqa,0,b9ed495dc8a0c290,1,0.6364033222198486,0.8302460312843323,0.6370443105697632,0.7112143039703369,-0.0006409883499145508,0.11903172731399536,2.7451788979671043e-05,314
llama3_8b,truthfulqa,0,fa46cda83df6cd5b,1,0.6060077548027039,0.26203498244285583,0.5654460787773132,0.047570548951625824,0.040561676025390625,0.21446443349123,-0.0011811886155551066,82
llama3_8b,truthfulqa,0,7e3033ae35717923,1,0.6725687980651855,0.8560944199562073,0.4810980260372162,0.032587144523859024,0.19147077202796936,0.8235072754323483,-0.0032774303229266555,9
llama3_8b,truthfulqa,1,c8e535a2ea063c50,1,0.6513679623603821,0.6754319667816162,0.673000693321228,0.6761795282363892,-0.021632730960845947,-0.0007475614547729492,8.420624119742648e-05,296
llama3_8b,truthfulqa,1,a6edf7b338fa2506,1,0.6523791551589966,0.6779137253761292,0.5806814432144165,0.09575601667165756,0.07169771194458008,0.5821577087044716,-0.0011439635962342543,86
llama3_8b,truthfulqa,1,6ab23d08bd3ef211,0,0.5674274563789368,0.5838516354560852,0.6104280948638916,0.7668340802192688,-0.043000638484954834,-0.1829824447631836,-0.0003329739363794326,228
llama3_8b,truthfulqa,1,10ad3d8fbfc3b0aa,0,0.5991111993789673,0.22034111618995667,0.6065136194229126,0.4944278299808502,-0.0074024200439453125,-0.27408671379089355,-1.3073009777819777e-05,320
llama3_8b,truthfulqa,1,e721483c0ca07263,0,0.6089645624160767,0.5532169938087463,0.6599783301353455,0.7899954915046692,-0.0510137677192688,-0.23677849769592285,-0.0003644435276701774,208
llama3_8b,truthfulqa,1,7bad371630f3622f,0,0.5768072605133057,0.6678163409233093,0.6721996068954468,0.7230907678604126,-0.09539234638214111,-0.05527442693710327,-0.0005138320909545135,165
llama3_8b,truthfulqa,1,366dd7a9592c0d76,1,0.6975640654563904,0.8125168681144714,0.6963074207305908,0.29538795351982117,0.0012566447257995605,0.5171289145946503,0.0013206158876361562,74
llama3_8b,truthfulqa,1,749069e3c4d13127,0,0.5333951711654663,0.8815549612045288,0.6741281151771545,0.9784483909606934,-0.14073294401168823,-0.09689342975616455,-0.00048610341929278267,173
llama3_8b,truthfulqa,1,3a80eb6195aa89c7,0,0.6031283736228943,0.4749084413051605,0.45560577511787415,0.18795838952064514,0.14752259850502014,0.2869500517845154,0.004340866021131096,7
llama3_8b,truthfulqa,1,599c3844d1a42987,0,0.6481513977050781,0.8249759674072266,0.5951322913169861,0.8753586411476135,0.05301910638809204,-0.05038267374038696,0.001969552614430159,35
llama3_8b,truthfulqa,1,09b3ae7d34a6a05b,1,0.629040002822876,0.8610728979110718,0.622412919998169,0.8585482835769653,0.006627082824707031,0.0025246143341064453,-0.0006934797917371172,134
llama3_8b,truthfulqa,1,d9ba654b17637148,1,0.5974931120872498,0.8942356705665588,0.5976376533508301,0.08788984268903732,-0.00014454126358032227,0.8063458278775215,0.002845613588602025,19
llama3_8b,truthfulqa,1,1811a164271f1361,0,0.6850160956382751,0.16362808644771576,0.6547238230705261,0.1563604176044464,0.030292272567749023,0.007267668843269348,0.0008006465385598238,121
llama3_8b,truthfulqa,1,7c8dc72c3e005d95,1,0.6796340346336365,0.5824607014656067,0.695696234703064,0.12410297244787216,-0.01606220006942749,0.4583577290177345,0.0016184733945514007,52
llama3_8b,truthfulqa,1,b35e6c0fc5732ca0,0,0.6095610857009888,0.40394213795661926,0.6444464325904846,0.7039631605148315,-0.03488534688949585,-0.3000210225582123,-0.00031133813273664934,232
llama3_8b,truthfulqa,1,12abe451fe448350,0,0.6202295422554016,0.6176982522010803,0.6510326862335205,0.792656421661377,-0.030803143978118896,-0.17495816946029663,-0.000277689141249593,241
llama3_8b,truthfulqa,1,5a13702e6eb4cb3a,0,0.6119185090065002,0.935128927230835,0.6247365474700928,0.8621602654457092,-0.01281803846359253,0.07296866178512573,-0.0005242426019929636,160
llama3_8b,truthfulqa,1,31a228d3a2265efd,1,0.7525966167449951,0.6758241057395935,0.5792352557182312,0.18666157126426697,0.17336136102676392,0.48916253447532654,-0.006660600848277853,3
llama3_8b,truthfulqa,1,ad88ffb946968c0f,1,0.5889789462089539,0.8853503465652466,0.574808657169342,0.8230795860290527,0.014170289039611816,0.06227076053619385,-0.0007098339577792379,132
llama3_8b,truthfulqa,1,42ca33d2c9dab425,0,0.6379485130310059,0.7782069444656372,0.6101497411727905,0.6962977647781372,0.027798771858215332,0.0819091796875,0.0004555347691880818,186
llama3_8b,truthfulqa,1,410d6e482e854d89,1,0.7950689196586609,0.8751188516616821,0.7749371528625488,0.866349995136261,0.02013176679611206,0.008768856525421143,-0.0012567836411735978,80
llama3_8b,truthfulqa,1,75a7f5439a119103,0,0.5894221663475037,0.22421914339065552,0.5977479815483093,0.6870890259742737,-0.008325815200805664,-0.46286988258361816,-2.1245957237570057e-05,318
llama3_8b,truthfulqa,1,cc8e5a29e02b6f53,0,0.6624794006347656,0.8849658370018005,0.6352932453155518,0.6158543229103088,0.027186155319213867,0.2691115140914917,8.408857555819438e-07,325
llama3_8b,truthfulqa,1,79317feddb276b6b,0,0.6595123410224915,0.5424448251724243,0.6750174760818481,0.24644552171230316,-0.01550513505935669,0.29599930346012115,-0.0010440331586367702,98
llama3_8b,truthfulqa,1,ae7e6fe3f4f3287a,1,0.7288389801979065,0.28859710693359375,0.7231981754302979,0.4087648093700409,0.005640804767608643,-0.12016770243644714,-0.0010996969601897444,89
llama3_8b,truthfulqa,1,dde72772d77c9d22,0,0.5873589515686035,0.3065018951892853,0.6851563453674316,0.8339129686355591,-0.09779739379882812,-0.5274110734462738,-0.00036403960128600366,211
llama3_8b,truthfulqa,1,c0c62e4aacc574e7,0,0.7093368768692017,0.7921915650367737,0.6415136456489563,0.41547271609306335,0.06782323122024536,0.3767188489437103,0.0014022894794349372,68
llama3_8b,truthfulqa,1,77407d51bd5e96a2,0,0.5949146747589111,0.6145239472389221,0.5977606177330017,0.6335586905479431,-0.002845942974090576,-0.019034743309020996,-0.00015024528627455291,279
llama3_8b,truthfulqa,1,b343c68c7c1d6e8a,0,0.6022554039955139,0.5224704146385193,0.6559394598007202,0.14454877376556396,-0.0536840558052063,0.3779216408729553,-0.0014957364448376365,61
llama3_8b,truthfulqa,1,4c92d49a81bf0b78,0,0.7391195893287659,0.8109232187271118,0.7577722072601318,0.9356167316436768,-0.018652617931365967,-0.12469351291656494,-0.000229145357742766,257
llama3_8b,truthfulqa,1,6d778a2f051ec936,0,0.6452377438545227,0.7064834833145142,0.6324681043624878,0.5497192144393921,0.012769639492034912,0.15676426887512207,-0.00017299452972885376,270
llama3_8b,truthfulqa,1,03555a497179045f,0,0.6498879790306091,0.41682353615760803,0.6221951842308044,0.21765033900737762,0.027692794799804688,0.1991731971502304,0.0002185074919198171,258
llama3_8b,truthfulqa,1,c2f5df3fcbbb6bab,1,0.643748939037323,0.8450472354888916,0.5815168023109436,0.18388862907886505,0.062232136726379395,0.6611586064100266,-0.00017406277014742066,268
llama3_8b,truthfulqa,1,701fd62974ba8682,1,0.7697882056236267,0.9638399481773376,0.6620579361915588,0.06681486964225769,0.10773026943206787,0.89702507853508,0.00013748979150113305,283
llama3_8b,truthfulqa,1,a96c8357210fd06f,0,0.6233166456222534,0.37767720222473145,0.6895594000816345,0.5398393869400024,-0.0662427544593811,-0.162162184715271,-0.0003969763075942767,198
llama3_8b,truthfulqa,1,bfcc87ba2060c703,0,0.6281466484069824,0.8608083128929138,0.6129441261291504,0.35297131538391113,0.015202522277832031,0.5078369975090027,-0.0010818318316056508,93
llama3_8b,truthfulqa,1,110bd5b14a4e51ff,0,0.6762893795967102,0.6206963062286377,0.7152618169784546,0.6221732497215271,-0.038972437381744385,-0.0014769434928894043,-0.0005186942054119514,164
llama3_8b,truthfulqa,1,fc6ea29b977b7eea,0,0.6769474148750305,0.3870607018470764,0.6818530559539795,0.2591775953769684,-0.004905641078948975,0.12788310647010803,-0.0004923314959792147,171
llama3_8b,truthfulqa,1,78d4140e72235d17,0,0.6728979349136353,0.7195069789886475,0.6664433479309082,0.08021102845668793,0.006454586982727051,0.6392959505319595,-0.0022013384935065106,29
llama3_8b,truthfulqa,1,4f98ff4f6f4956d1,0,0.6343418955802917,0.14464281499385834,0.5581957101821899,0.2280736118555069,0.0761461853981018,-0.08343079686164856,0.0029421604498855447,17
llama3_8b,truthfulqa,1,6265e02438a46c64,0,0.7103646993637085,0.26643675565719604,0.8232234716415405,0.4517775774002075,-0.11285877227783203,-0.18534082174301147,-0.000394171453786174,199
llama3_8b,truthfulqa,1,830f7ddf4c676ba4,0,0.7094326615333557,0.13616201281547546,0.5892813205718994,0.0977114662528038,0.1201513409614563,0.03845054656267166,0.004567061140244411,6
llama3_8b,truthfulqa,1,e38b7bda14d30315,0,0.7189105749130249,0.8202999830245972,0.7187129855155945,0.9018296599388123,0.00019758939743041992,-0.08152967691421509,4.1350535059991866e-05,312
llama3_8b,truthfulqa,1,d130bcafb6d4857b,1,0.6247370839118958,0.8379788398742676,0.6334874629974365,0.7804919481277466,-0.008750379085540771,0.057486891746520996,-2.5687429763443514e-05,317
llama3_8b,truthfulqa,1,d0cb0ecf0fb4f20e,1,0.6792262196540833,0.5563130378723145,0.627483069896698,0.48273521661758423,0.051743149757385254,0.07357782125473022,-0.0019878466935859262,33
llama3_8b,truthfulqa,1,13f1c167f80b3c86,0,0.6412910223007202,0.7244767546653748,0.629944384098053,0.5812411308288574,0.011346638202667236,0.14323562383651733,-0.000134294245293487,284
llama3_8b,truthfulqa,1,a06fbbb01e31ba97,0,0.6429182291030884,0.5197343230247498,0.649343729019165,0.7620567083358765,-0.00642549991607666,-0.2423223853111267,-1.3073009777819777e-05,321
llama3_8b,truthfulqa,1,de167f69e2e32110,0,0.584945559501648,0.22431698441505432,0.6242614984512329,0.7824426889419556,-0.03931593894958496,-0.5581257045269012,-0.0003018106758408412,233
llama3_8b,truthfulqa,1,50eba5b31a772055,0,0.7007465958595276,0.7529206275939941,0.705977201461792,0.12243528664112091,-0.005230605602264404,0.6304853409528732,-0.002301636502688831,26
llama3_8b,truthfulqa,1,adc0396f90573771,1,0.6661725640296936,0.6992173790931702,0.6676823496818542,0.055186208337545395,-0.0015097856521606445,0.6440311707556248,0.0019338236259841546,37
llama3_8b,truthfulqa,1,8c91d0c3cc42e58a,0,0.6039071083068848,0.33237412571907043,0.6718698740005493,0.6421598792076111,-0.06796276569366455,-0.30978575348854065,-0.00037459838931031,204
llama3_8b,truthfulqa,1,aa2c670cbe44fa0c,0,0.6098688244819641,0.6101208329200745,0.6212882399559021,0.5201122760772705,-0.011419415473937988,0.09000855684280396,-0.0005276874497924244,159
llama3_8b,truthfulqa,1,54073f35a9e89a83,0,0.6497530937194824,0.40036705136299133,0.7353258728981018,0.4201831817626953,-0.08557277917861938,-0.01981613039970398,-0.000567063116997113,155
llama3_8b,truthfulqa,1,d9b6b524dc561962,1,0.6664844751358032,0.9039911031723022,0.7022618651390076,0.952059805393219,-0.035777390003204346,-0.04806870222091675,7.339776265247178e-05,303
llama3_8b,truthfulqa,1,91ae812c64b6eec7,0,0.583415150642395,0.09989050030708313,0.5530322790145874,0.7987393736839294,0.030382871627807617,-0.6988488733768463,0.0010599404653799938,96
llama3_8b,truthfulqa,1,b7a37f0bc8b3959c,1,0.7269125580787659,0.9083068370819092,0.6319544315338135,0.20635303854942322,0.09495812654495239,0.701953798532486,-0.0017499831298427027,44
llama3_8b,truthfulqa,1,a2bbac9fac8cea9e,1,0.7047166228294373,0.8914005756378174,0.7060626149177551,0.31233641505241394,-0.001345992088317871,0.5790641605854034,0.001480795124619405,64
llama3_8b,truthfulqa,1,b4432f7f65da7425,0,0.6048027276992798,0.7596086263656616,0.5553157329559326,0.17036426067352295,0.04948699474334717,0.5892443656921387,-0.0001887358556981189,264
llama3_8b,truthfulqa,1,4983066ac6e4ef04,0,0.6648768782615662,0.3122704029083252,0.641588032245636,0.28864434361457825,0.023288846015930176,0.023626059293746948,0.00042102632784657423,194
llama3_8b,truthfulqa,1,fa84391729af147b,1,0.6480254530906677,0.3733985126018524,0.6530592441558838,0.5260154604911804,-0.0050337910652160645,-0.152616947889328,-0.0008478284817015069,117
llama3_8b,truthfulqa,1,304d73107e78a347,0,0.6652404069900513,0.7556195855140686,0.6397961378097534,0.6204161643981934,0.02544426918029785,0.13520342111587524,0.0003605334525683124,214
llama3_8b,truthfulqa,1,09d9d19f3f5df381,1,0.6639761924743652,0.5575816035270691,0.6639613509178162,0.727721095085144,1.4841556549072266e-05,-0.17013949155807495,-0.0010883548021648481,91
llama3_8b,truthfulqa,1,afe01ef3d4ca26a9,1,0.6786095499992371,0.8576821684837341,0.6792640686035156,0.8372044563293457,-0.0006545186042785645,0.020477712154388428,-0.00046477261399102687,182
llama3_8b,truthfulqa,1,883b4efe2ee99d95,1,0.6672592163085938,0.7878773212432861,0.6177761554718018,0.06826356798410416,0.04948306083679199,0.719613753259182,0.0006254980734323734,145
llama3_8b,truthfulqa,1,7ceb846ba2b7dc00,0,0.7073386907577515,0.22041723132133484,0.7175518870353699,0.5944488048553467,-0.010213196277618408,-0.37403157353401184,-5.934175462835034e-05,305
llama3_8b,truthfulqa,1,26119a37ec8798e4,0,0.6447181701660156,0.6422914862632751,0.6782447695732117,0.924071192741394,-0.033526599407196045,-0.2817797064781189,-0.0003002301071881597,237
llama3_8b,truthfulqa,1,7cb8f54c899ab64b,0,0.603813111782074,0.7797407507896423,0.6398571133613586,0.8531712889671326,-0.03604400157928467,-0.07343053817749023,-0.00043878265268881833,189
llama3_8b,truthfulqa,1,d3196b6bc0b067f9,0,0.8152361512184143,0.683885395526886,0.7373619079589844,0.22714173793792725,0.07787424325942993,0.45674365758895874,0.0016534890922050849,49
llama3_8b,truthfulqa,1,e65f6dccfc83cee4,0,0.6408227682113647,0.3122650384902954,0.6185352802276611,0.07913050055503845,0.022287487983703613,0.23313453793525696,-0.00011933147092985097,290
llama3_8b,truthfulqa,1,f64f1b7785646c32,1,0.5238966345787048,0.2604716122150421,0.5314860343933105,0.09512357413768768,-0.007589399814605713,0.16534803807735443,0.0004728429854858329,180
llama3_8b,truthfulqa,1,3796934130117f63,0,0.5575293898582458,0.07832501083612442,0.4711679220199585,0.027805833145976067,0.08636146783828735,0.050519177690148354,0.002948696123224459,16
llama3_8b,truthfulqa,1,4be392727c40b85c,1,0.6352664828300476,0.8571335673332214,0.6264598965644836,0.10623180121183395,0.008806586265563965,0.7509017661213875,0.002448477540133498,23
llama3_8b,truthfulqa,1,9d2cc2d9aefe2ffc,0,0.5706042051315308,0.7860839366912842,0.5711143016815186,0.1481519490480423,-0.000510096549987793,0.6379319876432419,-0.002371698978219039,25
llama3_8b,truthfulqa,1,d8ad1a58235204a0,1,0.6816774010658264,0.8799185156822205,0.6554061770439148,0.7342557311058044,0.02627122402191162,0.14566278457641602,-0.0009197510912803408,109
llama3_8b,truthfulqa,1,e713318cbbd4e025,0,0.7103694677352905,0.8745025396347046,0.6974756121635437,0.9524283409118652,0.012893855571746826,-0.07792580127716064,0.00035336104634625665,221
llama3_8b,truthfulqa,1,46c3223bcf553831,0,0.6812461614608765,0.902630090713501,0.6033644080162048,0.935071587562561,0.07788175344467163,-0.03244149684906006,0.002903844948968004,18
llama3_8b,truthfulqa,1,82f60593788dc02f,0,0.6921308040618896,0.7909469604492188,0.6957792639732361,0.8869372606277466,-0.0036484599113464355,-0.09599030017852783,-7.505481933944846e-05,301
llama3_8b,truthfulqa,1,ad22a684f5b0536e,0,0.7018333673477173,0.5553641319274902,0.6941783428192139,0.3668173551559448,0.007655024528503418,0.1885467767715454,-0.0003710130857568217,207
llama3_8b,truthfulqa,1,966c2f5a24320c09,0,0.700370192527771,0.42374661564826965,0.38514015078544617,0.3490690290927887,0.31523004174232483,0.07467758655548096,0.009662910853114937,0
llama3_8b,truthfulqa,1,5ce96f8983c7a347,0,0.6943408250808716,0.7367239594459534,0.7241486310958862,0.8190274834632874,-0.02980780601501465,-0.08230352401733398,-0.000359185240052351,215
llama3_8b,truthfulqa,1,4f5e160535c2fa5a,0,0.7324112057685852,0.896588921546936,0.715047299861908,0.7125685811042786,0.017363905906677246,0.18402034044265747,-0.0001736551380576712,269
llama3_8b,truthfulqa,1,0d53eba319f97e83,1,0.7636935710906982,0.8234828114509583,0.779033899307251,0.05116778984665871,-0.015340328216552734,0.7723150216042995,0.0031219977218083783,13
llama3_8b,truthfulqa,1,6047c975c65c0310,0,0.6385753154754639,0.46917933225631714,0.6328572034835815,0.8741908073425293,0.005718111991882324,-0.40501147508621216,0.00028650667885571357,240
llama3_8b,truthfulqa,1,32129819edf4b4a6,1,0.5521782040596008,0.9334651231765747,0.5693889260292053,0.38791289925575256,-0.017210721969604492,0.5455522239208221,0.0019400876273642509,36
llama3_8b,truthfulqa,1,9852e55efb50501d,1,0.706688404083252,0.9798175692558289,0.6309908032417297,0.06124896556138992,0.07569760084152222,0.9185686036944389,0.0013195350936363037,75
llama3_8b,truthfulqa,1,69d2eea7979437ff,1,0.5654999613761902,0.6444646716117859,0.5416526198387146,0.24532459676265717,0.023847341537475586,0.3991400748491287,7.70091231810377e-05,300
llama3_8b,truthfulqa,1,5a94d28cfa9d7033,0,0.6710096597671509,0.7667255401611328,0.5250974893569946,0.04347989708185196,0.14591217041015625,0.7232456430792809,0.0016217145889423357,51
llama3_8b,truthfulqa,1,7260c8ec3c68f74c,0,0.6448653936386108,0.5190433263778687,0.6511523723602295,0.5702970623970032,-0.006286978721618652,-0.05125373601913452,-0.00014234903156157275,282
llama3_8b,truthfulqa,1,e1847af0a85b73b9,1,0.6583470106124878,0.8878642320632935,0.6624627709388733,0.9121022820472717,-0.004115760326385498,-0.02423804998397827,-0.0005238149502637679,161
llama3_8b,truthfulqa,1,bc7c12296ccddfea,0,0.6870620846748352,0.8698623180389404,0.6733302474021912,0.8472161889076233,0.013731837272644043,0.02264612913131714,0.00015996923563099674,275
llama3_8b,truthfulqa,1,909e61453bb9a81f,0,0.6050436496734619,0.5625488758087158,0.6525620818138123,0.789054811000824,-0.04751843214035034,-0.22650593519210815,-0.00034354755520038527,225
llama3_8b,truthfulqa,1,d981b78ed7713b6a,0,0.7695401906967163,0.6402416229248047,0.839083194732666,0.8989312052726746,-0.06954300403594971,-0.2586895823478699,-0.00038455606917076057,201
llama3_8b,truthfulqa,1,a226e406bd374852,0,0.7068487405776978,0.2477600872516632,0.7211959958076477,0.503146767616272,-0.014347255229949951,-0.25538668036460876,-8.329149223429422e-05,297
llama3_8b,truthfulqa,1,f5587d62e7e4249f,0,0.7099549770355225,0.6131685376167297,0.6551649570465088,0.44644448161125183,0.05479001998901367,0.1667240560054779,0.0015474870300705157,57
llama3_8b,truthfulqa,1,107d9bf661accfa2,0,0.6912209391593933,0.34159839153289795,0.7727009057998657,0.7289303541183472,-0.08147996664047241,-0.3873319625854492,-0.00037416105877591255,205
llama3_8b,truthfulqa,1,fa87b605a0298441,0,0.6181919574737549,0.8172282576560974,0.6318445801734924,0.5688294768333435,-0.013652622699737549,0.2483987808227539,-0.0009166337404572511,110
llama3_8b,truthfulqa,1,3efbb4450cef953e,1,0.6566792130470276,0.7750698924064636,0.6441860198974609,0.6008513569831848,0.01249319314956665,0.1742185354232788,-5.178240532949241e-05,306
llama3_8b,truthfulqa,1,5232e4cffece7f35,0,0.5753105878829956,0.10368340462446213,0.6415590047836304,0.6141610145568848,-0.06624841690063477,-0.5104776099324226,-0.00035408192142555306,218
llama3_8b,truthfulqa,1,d42441f9b63d6489,0,0.6951225399971008,0.8880613446235657,0.6998197436332703,0.7259448766708374,-0.004697203636169434,0.16211646795272827,-0.000588280493633131,148
llama3_8b,truthfulqa,1,de56d16357a75ef1,0,0.6126239895820618,0.43005916476249695,0.6497677564620972,0.8342052698135376,-0.0371437668800354,-0.40414610505104065,-0.0003018106758408412,234
llama3_8b,truthfulqa,1,755db0ff824f2dbd,0,0.6113000512123108,0.7353692650794983,0.5861111283302307,0.8696209192276001,0.025188922882080078,-0.1342516541481018,0.0008094569488046877,120
llama3_8b,truthfulqa,1,880c5147a334e5d7,0,0.5957152247428894,0.3628546893596649,0.6121494174003601,0.6645674705505371,-0.016434192657470703,-0.3017127811908722,-0.0001224081809753086,289
llama3_8b,truthfulqa,1,9ebf490e081e200b,1,0.6511799097061157,0.5925153493881226,0.6085012555122375,0.012871920131146908,0.042678654193878174,0.5796434292569757,-5.718054857162258e-06,323
llama3_8b,truthfulqa,1,64746d34be2f8af6,0,0.665930986404419,0.7993943691253662,0.6823575496673584,0.8325244784355164,-0.016426563262939453,-0.033130109310150146,-0.00026472201240701487,245
llama3_8b,truthfulqa,1,686a5631b6e2604b,0,0.6855729818344116,0.8244447112083435,0.6872240304946899,0.8017476797103882,-0.0016510486602783203,0.022697031497955322,-0.00024950948081015056,248
llama3_8b,truthfulqa,1,08c6791aa311a1c0,1,0.5600617527961731,0.6503002643585205,0.5720846652984619,0.7576048374176025,-0.012022912502288818,-0.10730457305908203,-0.0005801201589524241,153
llama3_8b,truthfulqa,1,55b92e7da2b218c6,0,0.64459228515625,0.7212983965873718,0.610643208026886,0.2633740305900574,0.033949077129364014,0.45792436599731445,-0.00024949424787246155,249
llama3_8b,truthfulqa,1,67a6ff57e218b6f9,1,0.5705158114433289,0.6315962076187134,0.4058590829372406,0.591414213180542,0.16465672850608826,0.04018199443817139,-0.006708931520642003,2
llama3_8b,truthfulqa,1,360c8590a9a2698e,0,0.7662596106529236,0.21598148345947266,0.7592651844024658,0.7646996974945068,0.006994426250457764,-0.5487182140350342,0.00032281287179264373,230
llama3_8b,truthfulqa,1,92baf8d1f01023ad,0,0.6664372086524963,0.5316872596740723,0.6907575726509094,0.8314582705497742,-0.024320363998413086,-0.2997710108757019,-0.00023213750330863814,255
llama3_8b,truthfulqa,1,072cb9f2d511d84b,0,0.6604287028312683,0.3833932876586914,0.6468191742897034,0.2287878543138504,0.013609528541564941,0.154605433344841,-0.00013264100640331122,286
llama3_8b,truthfulqa,1,5c02f9cbfe3c553c,0,0.6207506656646729,0.9493087530136108,0.6246171593666077,0.948655366897583,-0.0038664937019348145,0.000653386116027832,-0.00019347592950519354,262
llama3_8b,truthfulqa,1,b55b50dee27087e9,0,0.5803406834602356,0.4047214388847351,0.5813426971435547,0.16750279068946838,-0.0010020136833190918,0.23721864819526672,-0.000729783605331491,129
llama3_8b,truthfulqa,1,513e817ea802bebb,1,0.7096925973892212,0.8653774857521057,0.6823638081550598,0.07776689529418945,0.027328789234161377,0.7876105904579163,0.0015854944313390962,53
llama3_8b,truthfulqa,1,8e0dead07ba8c8b7,0,0.7422469854354858,0.6863948106765747,0.7881686687469482,0.7505455613136292,-0.0459216833114624,-0.06415075063705444,-0.0004600030641636055,185
llama3_8b,truthfulqa,1,b636098c0031d8b4,1,0.7504522204399109,0.9000717997550964,0.7842298150062561,0.9277586340904236,-0.033777594566345215,-0.02768683433532715,0.00010401210742405631,294
llama3_8b,truthfulqa,1,0d60452136dd09d7,1,0.6654557585716248,0.5232840180397034,0.6427893042564392,0.08043680340051651,0.022666454315185547,0.44284721463918686,0.0001632776260105384,273
llama3_8b,truthfulqa,1,06fc88a33aab307a,0,0.6227126121520996,0.3447868824005127,0.6752000451087952,0.7149637341499329,-0.05248743295669556,-0.37017685174942017,-0.0003540485172753294,219
llama3_8b,truthfulqa,1,6e14268225cd694f,0,0.7102702260017395,0.9761016964912415,0.684489369392395,0.8517019152641296,0.025780856609344482,0.12439978122711182,0.0003788484708833195,202
llama3_8b,truthfulqa,1,ff128283a9f919bd,1,0.6863877773284912,0.9091188907623291,0.5992016792297363,0.16374844312667847,0.08718609809875488,0.7453704476356506,-0.0007007275467162954,133
llama3_8b,truthfulqa,1,125ef41578ebb500,1,0.6034274101257324,0.30744534730911255,0.6130625605583191,0.26450005173683167,-0.00963515043258667,0.042945295572280884,-3.1395644627951746e-05,314
llama3_8b,truthfulqa,1,33cea334cdda4297,1,0.7428591847419739,0.9182932376861572,0.7043257355690002,0.21067699790000916,0.03853344917297363,0.7076162397861481,0.0006635478069097478,139
llama3_8b,truthfulqa,1,ae8768cd15f2c491,1,0.5929777026176453,0.9513790011405945,0.5610566735267639,0.19618408381938934,0.03192102909088135,0.7551949173212051,0.001327943970012957,73
llama3_8b,truthfulqa,1,5cd18baab655982f,0,0.7902055382728577,0.9052063226699829,0.6409419178962708,0.7655029296875,0.14926362037658691,0.1397033929824829,0.0047363672618313535,5
llama3_8b,truthfulqa,1,2175ae30946371b5,1,0.6229056715965271,0.839098334312439,0.5991160869598389,0.31379473209381104,0.023789584636688232,0.5253036022186279,0.0004860595811940205,175
llama3_8b,truthfulqa,1,c9a95a725a2d9ce6,0,0.5711615085601807,0.4637012481689453,0.5546111464500427,0.3704288899898529,0.01655036211013794,0.09327235817909241,4.170366683781124e-05,309
llama3_8b,truthfulqa,1,1b7b453a8c92500d,1,0.6250244379043579,0.572561502456665,0.650611400604248,0.9673390984535217,-0.025586962699890137,-0.3947775959968567,-0.0006449431574435671,142
llama3_8b,truthfulqa,1,af350f62a962ae47,1,0.6236639618873596,0.8563156127929688,0.6520512104034424,0.8428481221199036,-0.028387248516082764,0.013467490673065186,0.00025184343119089014,247
llama3_8b,truthfulqa,1,f5c41fdc3cb46194,0,0.6172711849212646,0.25527721643447876,0.6812479496002197,0.6979275345802307,-0.06397676467895508,-0.44265031814575195,-0.00035408192142555306,217
llama3_8b,truthfulqa,1,95b7e31145c3d63c,1,0.6645451188087463,0.34575358033180237,0.6418100595474243,0.1358516365289688,0.02273505926132202,0.20990194380283356,-0.00046020693739268204,184
llama3_8b,truthfulqa,1,1bd8539ddd8e9753,0,0.6607254147529602,0.7917453646659851,0.6459572315216064,0.7674638628959656,0.01476818323135376,0.02428150177001953,0.00020226421037761178,261
llama3_8b,truthfulqa,1,ff20b86d53d59696,1,0.6657739877700806,0.9829859137535095,0.6146072149276733,0.6058891415596008,0.05116677284240723,0.3770967721939087,-0.0009200649498187774,108
llama3_8b,truthfulqa,1,b55a34b1bcf2bae1,1,0.6611158847808838,0.8761460185050964,0.6320264935493469,0.1301654428243637,0.029089391231536865,0.7459805756807327,0.0014937839028201227,62
llama3_8b,truthfulqa,1,6a3b4e22af2d2515,0,0.6768237352371216,0.216639906167984,0.5884723663330078,0.09411174058914185,0.08835136890411377,0.12252816557884216,0.0029568308764363893,15
llama3_8b,truthfulqa,1,70acc4a57834a5b8,0,0.6170967221260071,0.6035606265068054,0.5691747069358826,0.26812073588371277,0.04792201519012451,0.33543989062309265,0.0007643906219098051,125
llama3_8b,truthfulqa,1,da975c3183b17f3e,0,0.7246644496917725,0.8849563598632812,0.6935237050056458,0.6870748400688171,0.03114074468612671,0.1978815197944641,0.0003444460354577461,223
llama3_8b,truthfulqa,1,daf016ae6a454272,0,0.6041624546051025,0.18143458664417267,0.6137447953224182,0.9167541265487671,-0.009582340717315674,-0.7353195399045944,-3.536028327838503e-05,313
llama3_8b,truthfulqa,1,c1ac49018a0e2a86,0,0.6239749193191528,0.688219428062439,0.6249122023582458,0.9001128673553467,-0.0009372830390930176,-0.21189343929290771,7.952018135304328e-05,299
llama3_8b,truthfulqa,1,86706bb776a6934b,0,0.5785682797431946,0.1405336558818817,0.6839942932128906,0.9796551465988159,-0.10542601346969604,-0.8391214907169342,-0.0003736549859014171,206
llama3_8b,truthfulqa,1,b2a75b68aa6179f8,1,0.7247880697250366,0.7208737730979919,0.6597754955291748,0.08982378244400024,0.06501257419586182,0.6310499906539917,-0.0004965572082794023,169
llama3_8b,truthfulqa,1,d2f347df24262a3f,0,0.6899901628494263,0.6445654034614563,0.6779864430427551,0.8498538136482239,0.012003719806671143,-0.20528841018676758,0.0003972819876570943,197
llama3_8b,truthfulqa,1,f595b271f4c5c42a,0,0.6942383050918579,0.6517519354820251,0.606789231300354,0.6177166104316711,0.0874490737915039,0.034035325050354004,0.003135177102501774,12
llama3_8b,truthfulqa,1,b36e8eeb18a1ed1b,0,0.666688084602356,0.33145058155059814,0.6506766676902771,0.7670694589614868,0.016011416912078857,-0.43561887741088867,0.0005201708194917942,163
llama3_8b,truthfulqa,1,f965fcb86f55e3ac,1,0.5532419681549072,0.7386837601661682,0.5149425268173218,0.06316687911748886,0.03829944133758545,0.6755168810486794,0.0005825761469906432,151
llama3_8b,truthfulqa,1,ac8ab23b3e3fd25f,0,0.7024163007736206,0.3613240718841553,0.7200184464454651,0.6395302414894104,-0.017602145671844482,-0.2782061696052551,-0.00014762928556144583,280
llama3_8b,truthfulqa,1,fd161476ea4963f4,0,0.6780251860618591,0.7575522661209106,0.6123104691505432,0.28718072175979614,0.06571471691131592,0.4703715443611145,0.0009635845525675646,106
llama3_8b,truthfulqa,1,9431b0c29c16ebf8,0,0.6528308987617493,0.5109982490539551,0.6686388254165649,0.21389377117156982,-0.015807926654815674,0.29710447788238525,-0.0010440331586367702,99
llama3_8b,truthfulqa,1,52d8e9339652ce6e,1,0.5838112831115723,0.7342889904975891,0.5425984859466553,0.070487841963768,0.04121279716491699,0.6638011485338211,0.0005825761469906432,152
llama3_8b,truthfulqa,1,4519ecda20f144df,0,0.5765829682350159,0.1692522168159485,0.5577928423881531,0.13994204998016357,0.018790125846862793,0.029310166835784912,0.00027081542753570886,242
llama3_8b,truthfulqa,1,d519c84a3d272208,1,0.7459021210670471,0.8056445121765137,0.7536018490791321,0.7598080635070801,-0.007699728012084961,0.045836448669433594,-0.00010177864779548074,295
llama3_8b,truthfulqa,1,9f7998342af9a05e,0,0.6201369762420654,0.6808890700340271,0.6371734738349915,0.3000657856464386,-0.017036497592926025,0.3808232843875885,-0.001266363333027265,79
llama3_8b,truthfulqa,1,110fff933a8f3d32,1,0.6721060276031494,0.4485853314399719,0.7020018696784973,0.3896262049674988,-0.0298958420753479,0.058959126472473145,0.0004318817363505034,191
llama3_8b,truthfulqa,1,704180a49add16fa,0,0.7688269019126892,0.9228864908218384,0.6746881008148193,0.4318193197250366,0.09413880109786987,0.49106717109680176,0.0024049200663699977,24
llama3_8b,truthfulqa,1,a86a16782f430354,0,0.6546409726142883,0.6020386219024658,0.6919193863868713,0.1050223559141159,-0.03727841377258301,0.4970162659883499,-0.0018638532869781899,38
llama3_8b,truthfulqa,1,09903c5c86533ccc,1,0.6544475555419922,0.9000138640403748,0.605430006980896,0.03792428970336914,0.04901754856109619,0.8620895743370056,0.001548330796265096,56
llama3_8b,truthfulqa,1,01461d489206b211,1,0.6474400162696838,0.876831591129303,0.6409695148468018,0.8255157470703125,0.00647050142288208,0.05131584405899048,-0.0004990199683478358,167
llama3_8b,truthfulqa,1,f2f29b73aa45f304,1,0.6328451633453369,0.9409809708595276,0.5996345281600952,0.80118727684021,0.0332106351852417,0.13979369401931763,-0.0013284918607088247,72
llama3_8b,truthfulqa,1,c9eb1ecf0b1b36d5,1,0.7119594812393188,0.8325753808021545,0.7284344434738159,0.6156057119369507,-0.01647496223449707,0.21696966886520386,0.0009283870815223194,107
llama3_8b,truthfulqa,1,43a65f0fdda8f8c5,0,0.6263588070869446,0.8500313758850098,0.6098631024360657,0.7755428552627563,0.016495704650878906,0.07448852062225342,4.170366683781124e-05,311
llama3_8b,truthfulqa,1,dbf83fc9aa7bbd54,1,0.6813676357269287,0.7093843221664429,0.6800999641418457,0.14010438323020935,0.0012676715850830078,0.5692799389362335,0.0013665401126649046,69
llama3_8b,truthfulqa,1,a7ff296cca5d951b,0,0.6593486070632935,0.7590339779853821,0.6682213544845581,0.8270727396011353,-0.008872747421264648,-0.06803876161575317,-0.00017233226012636216,271
llama3_8b,truthfulqa,1,5aeeb70968fdafeb,0,0.6781553030014038,0.7949177026748657,0.6556233167648315,0.8092499375343323,0.022531986236572266,-0.014332234859466553,0.0004839773055090313,176
llama3_8b,truthfulqa,1,202e7f37edc7f1ce,1,0.6024941802024841,0.8830181956291199,0.5571876764297485,0.1518174409866333,0.045306503772735596,0.7312007546424866,0.000879642433345984,115
llama3_8b,truthfulqa,1,f5eae4d9165337ed,1,0.6432591080665588,0.8382890224456787,0.639712393283844,0.23313912749290466,0.0035467147827148438,0.605149894952774,0.0015030310182582718,59
llama3_8b,truthfulqa,1,37ce2968ca16b42d,0,0.5352522134780884,0.2381402999162674,0.49256888031959534,0.22595733404159546,0.04268333315849304,0.012182965874671936,0.001446422456394092,66
llama3_8b,truthfulqa,1,065bb8cae33e2560,0,0.7522844076156616,0.867586612701416,0.6753259897232056,0.2508927583694458,0.07695841789245605,0.6166938543319702,0.000813539343432701,119
llama3_8b,truthfulqa,1,ead02ae955988e3c,1,0.666259765625,0.8819694519042969,0.6583820581436157,0.9595356583595276,0.007877707481384277,-0.07756620645523071,-0.0010399743763894187,100
llama3_8b,truthfulqa,1,abd8666a2660d863,1,0.767778754234314,0.239405557513237,0.7908377051353455,0.3889486789703369,-0.023058950901031494,-0.14954312145709991,-0.0003582416305689673,216
llama3_8b,truthfulqa,1,5097eef438608b32,0,0.6980308294296265,0.9292616844177246,0.7181353569030762,0.8283541798591614,-0.020104527473449707,0.10090750455856323,-0.0006604884368732744,140
llama3_8b,truthfulqa,1,72717dc7678f664b,1,0.6060119867324829,0.6837081909179688,0.6058435440063477,0.335767924785614,0.0001684427261352539,0.34794026613235474,0.0007470096295200679,126
llama3_8b,truthfulqa,1,a3739722612c56b7,0,0.6979137659072876,0.5616212487220764,0.6850078105926514,0.16349419951438904,0.01290595531463623,0.3981270492076874,-0.0006739335403070368,136
llama3_8b,truthfulqa,1,fd8220dd4d0e6e73,0,0.7205946445465088,0.8664464354515076,0.7078500390052795,0.8530715703964233,0.012744605541229248,0.013374865055084229,0.00016378274635103773,272
llama3_8b,truthfulqa,1,c68387701a2f94d5,1,0.6549429297447205,0.6784936785697937,0.6171196103096008,0.37565699219703674,0.03782331943511963,0.30283668637275696,-0.0007270286719561758,130
llama3_8b,truthfulqa,1,dff970349743006f,0,0.7089908719062805,0.7741045951843262,0.7362785339355469,0.31056758761405945,-0.027287662029266357,0.4635370075702667,-0.001672196397295267,48
llama3_8b,truthfulqa,1,e1a7e6c91013d697,0,0.6989601254463196,0.5961169004440308,0.6784844994544983,0.1564086377620697,0.02047562599182129,0.43970826268196106,-0.0006832005939382269,135
llama3_8b,truthfulqa,1,9ee1553bf9307125,0,0.6306026577949524,0.25741443037986755,0.607584536075592,0.9144365191459656,0.02301812171936035,-0.657022088766098,0.0007389329369607567,128
llama3_8b,truthfulqa,1,70ac962e6442c715,1,0.7954051494598389,0.6434764266014099,0.8175073266029358,0.38454604148864746,-0.022102177143096924,0.25893038511276245,0.0011932806449829192,84
llama3_8b,truthfulqa,1,2cba572abc4bbf33,1,0.6528469920158386,0.7425819635391235,0.5801325440406799,0.03954162076115608,0.07271444797515869,0.7030403427779675,-0.0004746977344673442,179
llama3_8b,truthfulqa,1,d624b08c1c4c57e1,1,0.6397143006324768,0.6950007677078247,0.5458118319511414,0.07906776666641235,0.09390246868133545,0.6159330010414124,-0.0020730666475113346,30
llama3_8b,truthfulqa,1,4a4714cfee5dfe60,1,0.6672109365463257,0.9773180484771729,0.6079088449478149,0.021687718108296394,0.05930209159851074,0.9556303303688765,0.0017943818111155196,41
llama3_8b,truthfulqa,1,4c415efec365f66c,1,0.759336531162262,0.6600250005722046,0.7416864633560181,0.3292514383792877,0.017650067806243896,0.33077356219291687,0.00013364093804951738,285
llama3_8b,truthfulqa,1,5ce5dc9249064b13,0,0.6156367659568787,0.9496980309486389,0.6267547607421875,0.060851458460092545,-0.011117994785308838,0.8888465724885464,-0.00844760290590063,1
llama3_8b,truthfulqa,1,a15efe8eac27528f,0,0.642443835735321,0.6451236009597778,0.5856625437736511,0.32846692204475403,0.05678129196166992,0.3166566789150238,0.0011418086125126181,87
llama3_8b,truthfulqa,1,84a854c62d51d7c2,0,0.725949227809906,0.9059248566627502,0.6595956683158875,0.24977900087833405,0.06635355949401855,0.6561458557844162,-2.9085795901995226e-05,315
llama3_8b,truthfulqa,1,92e1f5f19dbcb7d9,0,0.6771968603134155,0.9410304427146912,0.648326575756073,0.22476787865161896,0.02887028455734253,0.7162625640630722,-0.0024744324941003426,21
llama3_8b,truthfulqa,1,5c23edcc46d1d2c6,0,0.8133793473243713,0.8165158629417419,0.6477653980255127,0.6162017583847046,0.16561394929885864,0.20031410455703735,0.006348960498923584,4
llama3_8b,truthfulqa,1,0b74ab9a07f476ed,1,0.6902105808258057,0.6975820064544678,0.6506335735321045,0.17026396095752716,0.03957700729370117,0.5273180454969406,-5.1642279885910636e-05,308
llama3_8b,truthfulqa,1,e9b2c4cd41698286,0,0.5751493573188782,0.7430738806724548,0.5593016147613525,0.6586859226226807,0.015847742557525635,0.08438795804977417,4.170366683781124e-05,310
llama3_8b,truthfulqa,1,8e63526b74a8a294,1,0.6260943412780762,0.9095085859298706,0.6438043117523193,0.4196629822254181,-0.017709970474243164,0.4898456037044525,0.0017926878486306808,42
llama3_8b,truthfulqa,1,18df09c730204788,0,0.635202169418335,0.8587223887443542,0.6357339024543762,0.7056324481964111,-0.0005317330360412598,0.15308994054794312,-0.0004943706570053052,170
llama3_8b,truthfulqa,1,720976b8d05a7c37,1,0.6588656902313232,0.25040403008461,0.6494576930999756,0.07357039302587509,0.009407997131347656,0.1768336370587349,6.40135097790262e-06,322
llama3_8b,truthfulqa,1,b9d164d3286cc381,0,0.753885805606842,0.6192562580108643,0.7356071472167969,0.6983067393302917,0.018278658390045166,-0.07905048131942749,0.0004410724782740183,188
llama3_8b,truthfulqa,1,f6442367a15f78b1,1,0.6836699843406677,0.8288524746894836,0.6429966688156128,0.10137779265642166,0.04067331552505493,0.727474682033062,0.0009688473460802149,105
llama3_8b,truthfulqa,1,9e20350cb5dea2fe,0,0.724148154258728,0.9289722442626953,0.7506169676780701,0.2718525528907776,-0.02646881341934204,0.6571196913719177,-0.002776543686710209,20
llama3_8b,truthfulqa,1,108223d91d2c7db7,1,0.6097275018692017,0.7511884570121765,0.5340738892555237,0.07209551334381104,0.07565361261367798,0.6790929436683655,-0.0006489094876266366,141
llama3_8b,truthfulqa,1,31a146b377c334ec,0,0.6209303736686707,0.805161714553833,0.7819606065750122,0.10790170729160309,-0.16103023290634155,0.6972600072622299,-0.003372578545274174,10
llama3_8b,truthfulqa,1,5d35b421a5673bbe,0,0.6169775128364563,0.5577892065048218,0.6248312592506409,0.6179358959197998,-0.00785374641418457,-0.06014668941497803,-0.00015821793408554718,277
llama3_8b,truthfulqa,1,cf87b209083db05b,1,0.6442851424217224,0.6991429328918457,0.6314561367034912,0.404191792011261,0.012829005718231201,0.2949511408805847,0.0003311466974279531,229
llama3_8b,truthfulqa,1,b39870b7f4527ddb,1,0.6077023148536682,0.7709966897964478,0.6044579148292542,0.5464818477630615,0.0032444000244140625,0.22451484203338623,0.00032152568227350464,231
llama3_8b,truthfulqa,1,e333835aa2786e79,0,0.6635158061981201,0.5164163112640381,0.6329084634780884,0.35560235381126404,0.03060734272003174,0.16081395745277405,0.00044942361423150334,187
llama3_8b,truthfulqa,1,9df79379120db893,1,0.593092679977417,0.8352014422416687,0.5483370423316956,0.13276927173137665,0.044755637645721436,0.702432170510292,0.0005743428941755169,154
llama3_8b,truthfulqa,1,f1a34a9dabde6072,1,0.5366497039794922,0.681509792804718,0.5675857067108154,0.28231555223464966,-0.030936002731323242,0.39919424057006836,0.001733176467708264,47
llama3_8b,truthfulqa,1,feb84bcc1543238c,1,0.6689630150794983,0.8903164863586426,0.5839671492576599,0.25877198576927185,0.08499586582183838,0.6315445005893707,-0.0015269959710057512,58
llama3_8b,truthfulqa,1,119e1d0913bc86f0,1,0.6381963491439819,0.6789640784263611,0.65602707862854,0.44507911801338196,-0.017830729484558105,0.23388496041297913,0.0009999500226742786,103
llama3_8b,truthfulqa,1,c906cc2f359d0e15,0,0.6090177297592163,0.6476879715919495,0.5828117728233337,0.44188249111175537,0.02620595693588257,0.2058054804801941,0.00015960687614063884,276
llama3_8b,truthfulqa,1,b61ef4b3136a25e7,1,0.6602498888969421,0.697068989276886,0.6626293659210205,0.7236559987068176,-0.002379477024078369,-0.02658700942993164,-0.0005987936035971586,147
llama3_8b,truthfulqa,1,25b631198a356a03,0,0.6687144637107849,0.8301684856414795,0.6549566388130188,0.7580141425132751,0.013757824897766113,0.07215434312820435,1.6408267101752916e-05,319
llama3_8b,truthfulqa,1,c1b5c3ea579fba13,1,0.6840147972106934,0.9035597443580627,0.6661908030509949,0.7664316296577454,0.017823994159698486,0.13712811470031738,-0.0005871535421874685,149
llama3_8b,truthfulqa,1,aa5c230254444433,0,0.7597346305847168,0.7521083354949951,0.6946555972099304,0.03668477013707161,0.06507903337478638,0.7154235653579235,-0.0009900247261215855,104
llama3_8b,truthfulqa,1,8a47ffa989e8c0dc,1,0.5874670147895813,0.5380175709724426,0.5735995769500732,0.39314019680023193,0.013867437839508057,0.1448773741722107,-0.0003358112874862207,227
llama3_8b,truthfulqa,1,d3fad68c76b693d7,1,0.8522183299064636,0.6784110069274902,0.758598804473877,0.14091244339942932,0.09361952543258667,0.5374985635280609,-0.0022728655243307583,27
llama3_8b,truthfulqa,1,9c59ab79438ec35b,1,0.6697471141815186,0.8883886933326721,0.6193130612373352,0.16934797167778015,0.05043405294418335,0.719040721654892,0.0005220647835583181,162
llama3_8b,truthfulqa,1,5eea0b62f5597068,0,0.5430030226707458,0.7822823524475098,0.5590002536773682,0.6416105031967163,-0.015997231006622314,0.14067184925079346,-0.0006411102587922657,143
llama3_8b,truthfulqa,1,69ef9ac475a828b3,1,0.5820995569229126,0.664472222328186,0.5025179982185364,0.02962101250886917,0.07958155870437622,0.6348512098193169,-0.0013435872228911294,71
llama3_8b,truthfulqa,1,ac15a11207009786,0,0.596260666847229,0.5985586643218994,0.6163365840911865,0.6606433391571045,-0.02007591724395752,-0.06208467483520508,-0.00030120757854168456,236
llama3_8b,truthfulqa,1,6bd98fe58a1763c9,0,0.6764070391654968,0.8662155866622925,0.6308619976043701,0.07692991942167282,0.04554504156112671,0.7892856672406197,-0.003508193030843043,9
llama3_8b,truthfulqa,1,fa075819c46433ec,1,0.6845296621322632,0.5339053869247437,0.7321444153785706,0.4078158438205719,-0.04761475324630737,0.12608954310417175,0.0008882265564070235,114
llama3_8b,truthfulqa,1,eb26e4737d9da432,1,0.7170171141624451,0.8599894046783447,0.6508307456970215,0.5793285965919495,0.06618636846542358,0.28066080808639526,-0.001759338206143879,43
llama3_8b,truthfulqa,1,fdf1d731b5593c9e,0,0.667610228061676,0.843589186668396,0.6411525011062622,0.8696981072425842,0.02645772695541382,-0.026108920574188232,0.0007146006432025009,131
llama3_8b,truthfulqa,1,04720516edac2b9e,0,0.7372018694877625,0.8678187727928162,0.6229814291000366,0.2343481481075287,0.11422044038772583,0.6334706246852875,0.0024586610385348706,22
llama3_8b,truthfulqa,1,cf11d42197c59876,0,0.6619987487792969,0.521920382976532,0.7582775950431824,0.9688665270805359,-0.0962788462638855,-0.4469461441040039,-0.00036403960128600366,212
llama3_8b,truthfulqa,1,1eac5b461888a05a,0,0.6256777048110962,0.13737373054027557,0.6256611943244934,0.12971502542495728,1.6510486602783203e-05,0.007658705115318298,-0.0001101510013880036,292
llama3_8b,truthfulqa,1,a48c9b0f0d9665f8,0,0.6908808946609497,0.7147336006164551,0.744974672794342,0.9254969954490662,-0.054093778133392334,-0.21076339483261108,-0.0003644435276701774,209
llama3_8b,truthfulqa,1,1bef490e9fc8b8a5,0,0.5957121253013611,0.1648375689983368,0.6185742020606995,0.8261176943778992,-0.02286207675933838,-0.6612801253795624,-0.00018808807690801066,265
llama3_8b,truthfulqa,1,0292664fc85e3208,0,0.6021479964256287,0.5784622430801392,0.5292173624038696,0.21570762991905212,0.07293063402175903,0.36275461316108704,0.001749329473533734,45
llama3_8b,truthfulqa,1,d28dd71f5793f297,0,0.6415797472000122,0.796387791633606,0.6559003591537476,0.9295377135276794,-0.014320611953735352,-0.1331499218940735,-0.00012841938160773614,287
llama3_8b,truthfulqa,1,b9b8fee552763073,1,0.7000146508216858,0.8349819183349609,0.7626644372940063,0.9327805042266846,-0.06264978647232056,-0.09779858589172363,2.727193857909871e-05,316
llama3_8b,truthfulqa,1,f85ebcb8f145a6d7,0,0.6505802869796753,0.8332486748695374,0.6704248785972595,0.8002574443817139,-0.01984459161758423,0.032991230487823486,-0.0004821422108078899,177
llama3_8b,truthfulqa,1,b707d73a22bad1e0,1,0.6316660046577454,0.9053730964660645,0.613237738609314,0.09220372885465622,0.018428266048431396,0.8131693676114082,0.002249897086913921,28
llama3_8b,truthfulqa,1,afae78bf8e608e9c,0,0.7626810669898987,0.8659708499908447,0.7060916423797607,0.9551959037780762,0.05658942461013794,-0.08922505378723145,0.0020660682683404374,31
llama3_8b,truthfulqa,1,74ec661c014618ad,0,0.7474737763404846,0.9531555771827698,0.7029489874839783,0.8662943840026855,0.04452478885650635,0.08686119318008423,0.001286287966880073,78
llama3_8b,truthfulqa,1,a3df859d3a0c5e8c,1,0.7749415636062622,0.9061288237571716,0.8235544562339783,0.5834823846817017,-0.048612892627716064,0.32264643907546997,0.001645981406913688,50
llama3_8b,truthfulqa,1,511025f968c2fd9f,0,0.6684523224830627,0.5804567337036133,0.6710333228111267,0.4385600984096527,-0.002581000328063965,0.14189663529396057,-0.0004993144713987818,166
llama3_8b,truthfulqa,1,0d82030243eecae4,0,0.6077153086662292,0.7982978820800781,0.6201921701431274,0.7369135022163391,-0.012476861476898193,0.061384379863739014,-0.0004912458707039269,172
llama3_8b,truthfulqa,1,6afe7831ee05acaf,0,0.6164733171463013,0.7658963799476624,0.7334694862365723,0.8449075222015381,-0.116996169090271,-0.07901114225387573,-0.0004981697843003396,168
llama3_8b,truthfulqa,1,32cea137da76b1c5,0,0.6013328433036804,0.3328374922275543,0.6623066663742065,0.7258086204528809,-0.06097382307052612,-0.39297112822532654,-0.0003540485172753294,220
llama3_8b,truthfulqa,1,097017e1fc02cead,1,0.6135446429252625,0.7933869957923889,0.5746048092842102,0.26896750926971436,0.038939833641052246,0.5244194865226746,-5.1642279885910636e-05,307
llama3_8b,truthfulqa,1,f1ec648dcb443a0d,1,0.6208803057670593,0.8694839477539062,0.624196469783783,0.8509218096733093,-0.003316164016723633,0.018562138080596924,-0.0003861038386723248,200
llama3_8b,truthfulqa,1,b567d6038905d630,0,0.5850697159767151,0.7806487083435059,0.626568615436554,0.8789999485015869,-0.04149889945983887,-0.09835124015808105,-0.00040237909735219013,196
llama3_8b,truthfulqa,1,7190dd0147b8592d,1,0.7915508151054382,0.6570146679878235,0.8349006772041321,0.7857418060302734,-0.04334986209869385,-0.12872713804244995,-0.00012430514451677865,288
llama3_8b,truthfulqa,1,5402cc480c593ce4,0,0.5911667346954346,0.9567450881004333,0.5837191939353943,0.3516427278518677,0.007447540760040283,0.6051023602485657,-0.001823291528568416,39
llama3_8b,truthfulqa,1,0c64a6baf7f53277,1,0.6643325090408325,0.9809738993644714,0.6065287590026855,0.4817641079425812,0.05780375003814697,0.49920979142189026,-0.0008897926680090928,113
llama3_8b,truthfulqa,1,dc15b72c1671f7e9,0,0.5284358263015747,0.8573192358016968,0.6062542200088501,0.7878994941711426,-0.07781839370727539,0.0694197416305542,-0.0008255071789294299,118
llama3_8b,truthfulqa,1,c2423e21a7b8024a,1,0.6045810580253601,0.7916116118431091,0.5803298950195312,0.17062336206436157,0.024251163005828857,0.6209882497787476,0.0007408035129585766,127
llama3_8b,truthfulqa,1,b0dd536f5abb8f97,0,0.8266273736953735,0.9067278504371643,0.7026791572570801,0.06996844708919525,0.12394821643829346,0.836759403347969,-0.0015610339070226131,55
llama3_8b,truthfulqa,1,d8fb333bcbe5e49a,0,0.6677358150482178,0.453918993473053,0.6157888174057007,0.21507664024829865,0.05194699764251709,0.23884235322475433,0.0012895248495293776,77
llama3_8b,truthfulqa,1,245bfabbc11c7a02,0,0.6870337128639221,0.782636821269989,0.6771034002304077,0.3263303339481354,0.009930312633514404,0.45630648732185364,-0.0010339701872332796,101
llama3_8b,truthfulqa,1,45e0522b7cb03bb2,0,0.702182412147522,0.8831945657730103,0.7863175272941589,0.9015805125236511,-0.08413511514663696,-0.01838594675064087,-0.000567063116997113,156
llama3_8b,truthfulqa,1,224b8fa4321f0269,0,0.6238802671432495,0.391041100025177,0.6867379546165466,0.6898723840713501,-0.06285768747329712,-0.2988312840461731,-0.00037459838931031,203
llama3_8b,truthfulqa,1,128ffefefb991e21,1,0.748029351234436,0.9605348706245422,0.694902241230011,0.2718125879764557,0.05312711000442505,0.6887222826480865,7.470442904011776e-05,302
llama3_8b,truthfulqa,1,a37b07ddbb5d6571,1,0.6307080984115601,0.5770075917243958,0.5892743468284607,0.4061008393764496,0.041433751583099365,0.17090675234794617,-0.0012030699631006558,82
llama3_8b,truthfulqa,1,592de920134790be,1,0.6419003009796143,0.9770591855049133,0.6015169620513916,0.5493883490562439,0.040383338928222656,0.42767083644866943,-0.0004606927378988934,183
llama3_8b,truthfulqa,1,55d344a3b608fa08,1,0.5835996270179749,0.7400001287460327,0.6023635864257812,0.9201377630233765,-0.018763959407806396,-0.18013763427734375,-0.00047634504707877445,178
llama3_8b,truthfulqa,1,01947b22d18938b7,0,0.6055245995521545,0.7606906890869141,0.61686110496521,0.7942280769348145,-0.01133650541305542,-0.03353738784790039,-0.00021205059645490465,260
llama3_8b,truthfulqa,1,db91565e9047a448,1,0.5959382057189941,0.9272461533546448,0.5721589922904968,0.1120680645108223,0.023779213428497314,0.8151780888438225,0.0019776114782223964,34
llama3_8b,truthfulqa,1,84dee6726f957877,1,0.7589619159698486,0.38213393092155457,0.7380998134613037,0.06692332029342651,0.020862102508544922,0.31521061062812805,-6.0212301162709814e-05,304
llama3_8b,truthfulqa,1,caff125d25466b98,1,0.7296754717826843,0.9035971164703369,0.6400987505912781,0.12996920943260193,0.08957672119140625,0.773627907037735,-0.0010010938470826347,102
llama3_8b,truthfulqa,1,c9fc7a1a3e928b5a,1,0.6391319632530212,0.9080328941345215,0.6810258626937866,0.813855767250061,-0.04189389944076538,0.09417712688446045,0.0007843886422876367,123
llama3_8b,truthfulqa,1,334e6774d9e35bec,1,0.6560998558998108,0.8562556505203247,0.6432968378067017,0.8032556772232056,0.01280301809310913,0.05299997329711914,-0.0006711870785379159,137
llama3_8b,truthfulqa,1,ce1d05f6964bf1f5,1,0.6826788187026978,0.5479468107223511,0.6383469104766846,0.10023702681064606,0.044331908226013184,0.447709783911705,-0.0004712039658013589,181
llama3_8b,truthfulqa,1,c694de1b3c4c5c70,0,0.6757153272628784,0.7861874103546143,0.6920048594474792,0.9439372420310974,-0.01628953218460083,-0.15774983167648315,-0.00014478609925927532,281
llama3_8b,truthfulqa,1,a75746d3344cfb3a,0,0.5967534780502319,0.6933727860450745,0.5909902453422546,0.1770176887512207,0.005763232707977295,0.5163550972938538,-0.0013154959722417314,76
llama3_8b,truthfulqa,1,cc2c3e675a43a653,0,0.5569053888320923,0.4957599639892578,0.5536187887191772,0.3715609014034271,0.003286600112915039,0.12419906258583069,-0.00024491213976574056,250
llama3_8b,truthfulqa,1,31c6ad0bede05f6f,1,0.6821143627166748,0.6708207726478577,0.6532766819000244,0.40334609150886536,0.02883768081665039,0.2674746811389923,-0.0006033846443118662,146
llama3_8b,truthfulqa,1,e2967551ecbd1d6c,1,0.6962722539901733,0.896312952041626,0.6943978667259216,0.4321180284023285,0.001874387264251709,0.4641949236392975,0.0010861134769866165,92
llama3_8b,truthfulqa,1,f1d1444a5bb2f64a,0,0.6890056133270264,0.8536858558654785,0.693277895450592,0.9206788539886475,-0.004272282123565674,-0.06699299812316895,-0.00011473561933261767,291
llama3_8b,truthfulqa,1,27b740704724074f,0,0.5624729990959167,0.3487917184829712,0.5628842711448669,0.7237805724143982,-0.0004112720489501953,-0.374988853931427,0.00010602473665327627,293
llama3_8b,truthfulqa,1,f2e16895cdc0dc54,1,0.589372456073761,0.8050085306167603,0.6042774319648743,0.37051910161972046,-0.014904975891113281,0.4344894289970398,0.001441175586547272,67
llama3_8b,truthfulqa,1,882279454121d307,0,0.5977584719657898,0.22626520693302155,0.6518835425376892,0.8942434787750244,-0.054125070571899414,-0.6679782718420029,-0.0003439270597854205,224
llama3_8b,truthfulqa,1,2286919c4314a438,0,0.7256820797920227,0.1440982222557068,0.7203865051269531,0.5712850093841553,0.00529557466506958,-0.4271867871284485,0.0002688232128963963,243
llama3_8b,truthfulqa,1,3e69e8dfdc0eb522,0,0.6774119734764099,0.0832262635231018,0.7566275000572205,0.9421706199645996,-0.07921552658081055,-0.8589443564414978,-0.00036403960128600366,210
llama3_8b,truthfulqa,1,64c5d063d596862c,1,0.7168359160423279,0.9402076005935669,0.6865689158439636,0.7457903027534485,0.030267000198364258,0.1944172978401184,-0.0008653108325300529,116
llama3_8b,truthfulqa,1,e2fdea546d6c589f,1,0.6829275488853455,0.8335980176925659,0.7838058471679688,0.8354014754295349,-0.10087829828262329,-0.0018034577369689941,0.0005462591560632113,158
llama3_8b,truthfulqa,1,4cb89926412a2a0f,1,0.7535156011581421,0.6058652997016907,0.7234930396080017,0.4574926793575287,0.03002256155014038,0.148372620344162,-0.0010703514479199483,94
llama3_8b,truthfulqa,1,0d3a2e5711474cbe,0,0.571479320526123,0.3094238340854645,0.5523185729980469,0.05834712088108063,0.019160747528076172,0.25107671320438385,-0.0002651366794578225,244
llama3_8b,truthfulqa,1,e74519518a6f4df6,1,0.7368810772895813,0.7889910340309143,0.6996954083442688,0.3570624589920044,0.0371856689453125,0.4319285750389099,-0.0004236213755263729,193
llama3_8b,truthfulqa,1,36530219910e14a4,1,0.714447021484375,0.8507338762283325,0.6461849808692932,0.03795039653778076,0.06826204061508179,0.8127834796905518,0.00030166407576537324,235
llama3_8b,truthfulqa,1,dfa76b4cc935ea9d,0,0.5625462532043457,0.7290701270103455,0.583946943283081,0.8367453217506409,-0.02140069007873535,-0.10767519474029541,-0.00025301504589875234,246
llama3_8b,truthfulqa,1,75528fc13281acb8,0,0.6845152378082275,0.891161322593689,0.6381059288978577,0.15045398473739624,0.04640930891036987,0.7407073378562927,-0.002022872463075309,32
llama3_8b,truthfulqa,1,feb8313fef210298,0,0.5862380862236023,0.24850840866565704,0.6081684231758118,0.6065622568130493,-0.021930336952209473,-0.3580538481473923,-0.0001863295225179029,266
llama3_8b,truthfulqa,1,e2a8c094d8e245ba,0,0.6062877178192139,0.833192765712738,0.6154909729957581,0.7760273814201355,-0.00920325517654419,0.05716538429260254,-0.00043152725274370196,192
llama3_8b,truthfulqa,1,6a62b7e765cab9ca,0,0.6174651980400085,0.7966956496238708,0.6021772623062134,0.5062853693962097,0.015287935733795166,0.29041028022766113,-0.0004085462933511308,195
llama3_8b,truthfulqa,1,ec002eabc93bf837,1,0.6698864698410034,0.8851702213287354,0.5753186941146851,0.035547155886888504,0.09456777572631836,0.8496230654418468,-0.0006317409777296112,144
llama3_8b,truthfulqa,1,966d183a0840741c,0,0.6440584659576416,0.46747148036956787,0.681104838848114,0.0795309916138649,-0.03704637289047241,0.387940488755703,-0.0014536200608930572,65
llama3_8b,truthfulqa,1,307450e0dcbfc217,0,0.6886168122291565,0.6674791574478149,0.6568673849105835,0.33271896839141846,0.031749427318573,0.3347601890563965,8.440376116913839e-07,324
llama3_8b,truthfulqa,1,38e2fe11a207f655,1,0.7171390056610107,0.7578691840171814,0.6471472978591919,0.07090814411640167,0.06999170780181885,0.6869610399007797,-0.0005556693943864488,157
llama3_8b,truthfulqa,1,9153b0991f050068,0,0.5833445191383362,0.5434154272079468,0.608731746673584,0.7287205457687378,-0.025387227535247803,-0.18530511856079102,-0.00023213750330863814,256
llama3_8b,truthfulqa,1,936e4c428b2bcc15,1,0.6965795755386353,0.8875680565834045,0.5965669751167297,0.11967021226882935,0.10001260042190552,0.7678978443145752,-0.0011934015393902375,83
llama3_8b,truthfulqa,1,46fff3fbfaf5a943,0,0.6942893266677856,0.27237969636917114,0.6622009873390198,0.7477318644523621,0.03208833932876587,-0.4753521680831909,0.0011283249762883973,88
llama3_8b,truthfulqa,1,329fa18666725719,0,0.6995201110839844,0.9140536785125732,0.7117307782173157,0.9127589464187622,-0.012210667133331299,0.0012947320938110352,-0.00029364456790664795,238
llama3_8b,truthfulqa,1,e93729b2b4196785,1,0.6047239899635315,0.4168820083141327,0.6728460788726807,0.7401283383369446,-0.06812208890914917,-0.3232463300228119,-0.00024212772121373627,251
llama3_8b,truthfulqa,1,590b74929cc94fcf,0,0.6360864043235779,0.1507626473903656,0.5542401671409607,0.19205600023269653,0.08184623718261719,-0.04129335284233093,0.0030221881442342724,14
llama3_8b,truthfulqa,1,3dc67e9cd89abad4,1,0.6291847825050354,0.7375739812850952,0.6522851586341858,0.8250374794006348,-0.02310037612915039,-0.08746349811553955,-0.00024090442635144038,252
llama3_8b,truthfulqa,1,e27d8a24b6195c27,0,0.6900280117988586,0.8271990418434143,0.6365640163421631,0.6412162184715271,0.05346399545669556,0.1859828233718872,0.0014846907441823376,63
llama3_8b,truthfulqa,1,0add26f12b0cf0e2,0,0.7755612730979919,0.25803250074386597,0.7943063378334045,0.9125369191169739,-0.018745064735412598,-0.6545044183731079,-0.00015197694401664075,278
llama3_8b,truthfulqa,1,d34ade1a4aef98f6,1,0.7071746587753296,0.8632292747497559,0.7384396195411682,0.45348942279815674,-0.03126496076583862,0.4097398519515991,0.001733176467708264,46
llama3_8b,truthfulqa,1,9ffdb03a36078699,1,0.6364600658416748,0.9013105630874634,0.6255412101745605,0.8944569230079651,0.010918855667114258,0.006853640079498291,-0.0007867433324736939,122
llama3_8b,truthfulqa,1,918dccc9a5a2071f,0,0.6160165071487427,0.8282314538955688,0.5486463308334351,0.08460967242717743,0.06737017631530762,0.7436217814683914,-0.0013559460293527392,70
llama3_8b,truthfulqa,1,db78b33dce5354e6,0,0.589690089225769,0.7712724208831787,0.5372107028961182,0.20768561959266663,0.05247938632965088,0.5635868012905121,0.0002137427919443602,259
llama3_8b,truthfulqa,1,2e1877c8519e103a,0,0.6311665773391724,0.5506604313850403,0.6651729345321655,0.3256160020828247,-0.034006357192993164,0.22504442930221558,-0.001097153957001884,90
llama3_8b,truthfulqa,1,95f02629c826519c,0,0.625478982925415,0.7885158061981201,0.6444138288497925,0.5083836317062378,-0.01893484592437744,0.2801321744918823,-0.0010675235981985054,95
llama3_8b,truthfulqa,1,9c7e346d7ae1429a,1,0.7261499166488647,0.8867297172546387,0.5738331079483032,0.13336490094661713,0.15231680870056152,0.7533648163080215,-0.0036904600364487394,8
llama3_8b,truthfulqa,1,6c44a44806a97cc4,1,0.692537248134613,0.9455844163894653,0.5594897270202637,0.09533996880054474,0.13304752111434937,0.8502444475889206,-0.0015610339070226131,54
llama3_8b,truthfulqa,1,13409c010ee8fae1,0,0.6064662337303162,0.6230064630508423,0.612671434879303,0.7372161149978638,-0.006205201148986816,-0.11420965194702148,-8.133598609810777e-05,298
llama3_8b,truthfulqa,1,3a243daae400ceb2,0,0.750593900680542,0.9656868577003479,0.7320019602775574,0.48128533363342285,0.01859194040298462,0.48440152406692505,-0.0008968723313725335,112
llama3_8b,truthfulqa,1,6b379ef7efa1e456,0,0.6104093790054321,0.44610264897346497,0.572614848613739,0.3798241913318634,0.037794530391693115,0.06627845764160156,0.0007750534622161243,124
llama3_8b,truthfulqa,1,6b024f2a34305bdc,0,0.5970290303230286,0.18523256480693817,0.6711965799331665,0.7281581163406372,-0.07416754961013794,-0.542925551533699,-0.00036403960128600366,213
llama3_8b,truthfulqa,1,ca03258ee2552488,1,0.6441140174865723,0.8337981700897217,0.6413403153419495,0.7696001529693604,0.0027737021446228027,0.06419801712036133,-0.0003457704561488084,222
llama3_8b,truthfulqa,1,3abfff338b87e778,0,0.6273162961006165,0.2094646394252777,0.6634014248847961,0.06093449518084526,-0.03608512878417969,0.14853014424443245,-0.0009123275269893316,111
llama3_8b,truthfulqa,1,94d54c7ee46ecbcd,1,0.6891210079193115,0.8681610226631165,0.6533867120742798,0.028875181451439857,0.03573429584503174,0.8392858412116766,0.0018188613213953597,40
llama3_8b,truthfulqa,1,c596f72c0994d0a5,1,0.6845203638076782,0.9174716472625732,0.641910195350647,0.21332086622714996,0.04261016845703125,0.7041507810354233,0.0006635478069097478,138
llama3_8b,truthfulqa,1,f5268d157dbdc27c,1,0.6570955514907837,0.9376406073570251,0.6371586918830872,0.01799558848142624,0.019936859607696533,0.9196450188755989,0.003242650994828622,11
llama3_8b,truthfulqa,1,895415ae91d77cd8,0,0.7458171844482422,0.941239595413208,0.7233150005340576,0.885130763053894,0.02250218391418457,0.056108832359313965,0.0002908338517548237,239
llama3_8b,truthfulqa,1,26cb0609cba69172,1,0.6264669895172119,0.7464622259140015,0.5951762199401855,0.43700921535491943,0.03129076957702637,0.30945301055908203,-0.0005850260651174555,150
llama3_8b,truthfulqa,1,083dda683f3d77a3,0,0.6339204907417297,0.7951360940933228,0.5843862295150757,0.19943320751190186,0.04953426122665405,0.5957028865814209,-0.0001887358556981189,263
llama3_8b,truthfulqa,1,f9e1a5708df7327d,1,0.6444483995437622,0.30807802081108093,0.6766679286956787,0.06867489963769913,-0.032219529151916504,0.2394031211733818,0.00123710225957413,81
llama3_8b,truthfulqa,1,d86c6e40b0e0d798,0,0.7379101514816284,0.8153741359710693,0.7193303108215332,0.5261085629463196,0.018579840660095215,0.28926557302474976,-0.0003399950761930337,226
llama3_8b,truthfulqa,1,5020bee1c6cb6ee0,1,0.5996918082237244,0.725472092628479,0.5805123448371887,0.7825863361358643,0.019179463386535645,-0.057114243507385254,-0.001500871116293434,60
llama3_8b,truthfulqa,1,e81a4fb5b2dea5a1,1,0.692537248134613,0.729096531867981,0.6683009266853333,0.19337528944015503,0.024236321449279785,0.5357212424278259,0.0004860595811940205,174
llama3_8b,truthfulqa,1,951a20244b7d161b,0,0.6097483038902283,0.8163226246833801,0.6143785119056702,0.8364991545677185,-0.0046302080154418945,-0.02017652988433838,-0.00018078715819574986,267
llama3_8b,truthfulqa,1,2eb811f240bddc6e,0,0.6175355315208435,0.7383251190185547,0.6085621118545532,0.8177311420440674,0.008973419666290283,-0.0794060230255127,0.0002357078181204897,253
llama3_8b,truthfulqa,1,db95ddaf3a1562fb,0,0.6793313026428223,0.8763304352760315,0.6607950329780579,0.814277172088623,0.018536269664764404,0.06205326318740845,0.00016025119029550172,274
llama3_8b,truthfulqa,1,fe66ea8590dff7c8,0,0.6533505916595459,0.2494441568851471,0.6798226833343506,0.6228060722351074,-0.026472091674804688,-0.3733619153499603,-0.00023335352339276527,254
llama3_8b,truthfulqa,1,9d62be0405110ecf,0,0.7040868997573853,0.8440176248550415,0.7534018158912659,0.9596560597419739,-0.049314916133880615,-0.11563843488693237,-0.0004327065039904654,190
llama3_8b,truthfulqa,1,0f2bb168efa83c85,1,0.6603031754493713,0.7740562558174133,0.6503220200538635,0.20530933141708374,0.009981155395507812,0.5687469244003296,0.0011846419357622873,85
llama3_8b,truthfulqa,1,fa46cda83df6cd5b,1,0.6060077548027039,0.26203498244285583,0.5654460787773132,0.047570548951625824,0.040561676025390625,0.21446443349123,-0.0010507324852485622,97
llama3_8b,truthfulqa,2,115eca902298d4ac,0,0.5538864135742188,0.8569118976593018,0.6383635997772217,0.9483734369277954,-0.08447718620300293,-0.09146153926849365,-0.0004302158437685111,194
llama3_8b,truthfulqa,2,4ee6f76fb9f2ef62,0,0.6309726238250732,0.7442299127578735,0.6507827043533325,0.8642364740371704,-0.019810080528259277,-0.12000656127929688,-0.00024094549645758967,263
llama3_8b,truthfulqa,2,a6edf7b338fa2506,1,0.6523791551589966,0.6779137253761292,0.5806814432144165,0.09575601667165756,0.07169771194458008,0.5821577087044716,-0.0009237584516229025,118
llama3_8b,truthfulqa,2,7847bd0b2afd392f,1,0.7050682306289673,0.8812553882598877,0.5831153392791748,0.5903375148773193,0.12195289134979248,0.29091787338256836,-0.0046353131928776325,3
llama3_8b,truthfulqa,2,330636641b2e79fb,1,0.6877564787864685,0.9628028869628906,0.5795087218284607,0.05075543001294136,0.10824775695800781,0.9120474569499493,-0.0005601974299365708,169
llama3_8b,truthfulqa,2,10ad3d8fbfc3b0aa,0,0.5991111993789673,0.22034111618995667,0.6065136194229126,0.4944278299808502,-0.0074024200439453125,-0.27408671379089355,-4.714510825992724e-05,317
llama3_8b,truthfulqa,2,4d7af24fd97a7b1b,0,0.6258419156074524,0.1471749097108841,0.6736909747123718,0.14294776320457458,-0.047849059104919434,0.004227146506309509,-0.0005434640562815285,172
llama3_8b,truthfulqa,2,67ef2142402c627c,0,0.6153167486190796,0.8340548872947693,0.6596842408180237,0.8616564273834229,-0.04436749219894409,-0.027601540088653564,-0.00045192548209554984,189
llama3_8b,truthfulqa,2,749069e3c4d13127,0,0.5333951711654663,0.8815549612045288,0.6741281151771545,0.9784483909606934,-0.14073294401168823,-0.09689342975616455,-0.000439952942113242,193
llama3_8b,truthfulqa,2,7ae825e82c60c433,1,0.6073063015937805,0.8014503717422485,0.6120675802230835,0.4631466567516327,-0.0047612786293029785,0.33830371499061584,0.0008649606275979438,123
llama3_8b,truthfulqa,2,09b3ae7d34a6a05b,1,0.629040002822876,0.8610728979110718,0.622412919998169,0.8585482835769653,0.006627082824707031,0.0025246143341064453,-0.0006705663182327015,145
llama3_8b,truthfulqa,2,1811a164271f1361,0,0.6850160956382751,0.16362808644771576,0.6547238230705261,0.1563604176044464,0.030292272567749023,0.007267668843269348,0.0007431598702267173,136
llama3_8b,truthfulqa,2,f40f2761bdd0291a,0,0.67307448387146,0.7878889441490173,0.6378366351127625,0.12514245510101318,0.03523784875869751,0.6627464890480042,-0.001568010458256941,61
llama3_8b,truthfulqa,2,ce8b076e67be117f,0,0.764299750328064,0.2022855430841446,0.855320155620575,0.04921312257647514,-0.09102040529251099,0.15307242050766945,-0.0008921993705733322,121
llama3_8b,truthfulqa,2,235260fe8de0a7cb,0,0.6198435425758362,0.6205158829689026,0.6401718854904175,0.80059415102005,-0.0203283429145813,-0.18007826805114746,-0.00019614733543055207,282
llama3_8b,truthfulqa,2,f2fb7a67500e8008,0,0.7139323353767395,0.8398034572601318,0.6539281606674194,0.3984431028366089,0.06000417470932007,0.44136035442352295,0.0006519643159026978,148
llama3_8b,truthfulqa,2,ad88ffb946968c0f,1,0.5889789462089539,0.8853503465652466,0.574808657169342,0.8230795860290527,0.014170289039611816,0.06227076053619385,-0.0006722318968543362,143
llama3_8b,truthfulqa,2,bddcff36f611b417,1,0.7081987261772156,0.7187367081642151,0.7244834899902344,0.13717961311340332,-0.0162847638130188,0.5815570950508118,0.0020823254766643706,31
llama3_8b,truthfulqa,2,75a7f5439a119103,0,0.5894221663475037,0.22421914339065552,0.5977479815483093,0.6870890259742737,-0.008325815200805664,-0.46286988258361816,-6.950245529996346e-05,310
llama3_8b,truthfulqa,2,cc8e5a29e02b6f53,0,0.6624794006347656,0.8849658370018005,0.6352932453155518,0.6158543229103088,0.027186155319213867,0.2691115140914917,-2.836536468225903e-05,322
llama3_8b,truthfulqa,2,58490691548a6139,1,0.6667985320091248,0.8072965145111084,0.6284339427947998,0.1545855700969696,0.03836458921432495,0.6527109444141388,0.0008307645227714766,126
llama3_8b,truthfulqa,2,b4ab3f8785203cd1,0,0.6840661764144897,0.9808055758476257,0.5842094421386719,0.5262241363525391,0.09985673427581787,0.45458143949508667,0.001975173171481992,35
llama3_8b,truthfulqa,2,79317feddb276b6b,0,0.6595123410224915,0.5424448251724243,0.6750174760818481,0.24644552171230316,-0.01550513505935669,0.29599930346012115,-0.0011483999764109742,89
llama3_8b,truthfulqa,2,0634c87647c66be7,0,0.6489464044570923,0.7479560971260071,0.6172606945037842,0.6430919766426086,0.031685709953308105,0.10486412048339844,0.0006039386295800253,162
llama3_8b,truthfulqa,2,77407d51bd5e96a2,0,0.5949146747589111,0.6145239472389221,0.5977606177330017,0.6335586905479431,-0.002845942974090576,-0.019034743309020996,-0.00010341915926642686,303
llama3_8b,truthfulqa,2,dd6ff7e99ed3590b,0,0.662729799747467,0.5569162368774414,0.6782989501953125,0.6595985889434814,-0.015569150447845459,-0.10268235206604004,-0.00022604977202450582,268
llama3_8b,truthfulqa,2,0674b477ab743871,0,0.5803971290588379,0.8244509100914001,0.6203704476356506,0.6265196204185486,-0.039973318576812744,0.19793128967285156,-0.0009562095833655637,112
llama3_8b,truthfulqa,2,6d778a2f051ec936,0,0.6452377438545227,0.7064834833145142,0.6324681043624878,0.5497192144393921,0.012769639492034912,0.15676426887512207,-0.00021639224092778742,273
llama3_8b,truthfulqa,2,03555a497179045f,0,0.6498879790306091,0.41682353615760803,0.6221951842308044,0.21765033900737762,0.027692794799804688,0.1991731971502304,0.0002407499297072957,264
llama3_8b,truthfulqa,2,13973c64b67afa69,1,0.5726877450942993,0.8361934423446655,0.5680209994316101,0.16734646260738373,0.004666745662689209,0.6688469797372818,0.002211035407549411,27
llama3_8b,truthfulqa,2,34054ba8a6d4ffd5,0,0.724485456943512,0.5519350171089172,0.6631377935409546,0.20745937526226044,0.06134766340255737,0.3444756418466568,0.0009872633756656257,108
llama3_8b,truthfulqa,2,c2f5df3fcbbb6bab,1,0.643748939037323,0.8450472354888916,0.5815168023109436,0.18388862907886505,0.062232136726379395,0.6611586064100266,-3.554697766727788e-05,320
llama3_8b,truthfulqa,2,bfcc87ba2060c703,0,0.6281466484069824,0.8608083128929138,0.6129441261291504,0.35297131538391113,0.015202522277832031,0.5078369975090027,-0.001396709440226851,77
llama3_8b,truthfulqa,2,f0a44f879baa06ea,0,0.5157374739646912,0.5543311834335327,0.7359175086021423,0.8741487264633179,-0.22018003463745117,-0.31981754302978516,-0.000391001256904,200
llama3_8b,truthfulqa,2,fc6ea29b977b7eea,0,0.6769474148750305,0.3870607018470764,0.6818530559539795,0.2591775953769684,-0.004905641078948975,0.12788310647010803,-0.00042828073004308465,195
llama3_8b,truthfulqa,2,1db6879ab09ee566,1,0.4249056279659271,0.7736347913742065,0.4013932943344116,0.6929141879081726,0.023512333631515503,0.08072060346603394,-0.0008902629655829775,122
llama3_8b,truthfulqa,2,4f98ff4f6f4956d1,0,0.6343418955802917,0.14464281499385834,0.5581957101821899,0.2280736118555069,0.0761461853981018,-0.08343079686164856,0.002909502039743883,9
llama3_8b,truthfulqa,2,e38b7bda14d30315,0,0.7189105749130249,0.8202999830245972,0.7187129855155945,0.9018296599388123,0.00019758939743041992,-0.08152967691421509,1.0146779737596479e-05,323
llama3_8b,truthfulqa,2,bb91dfdf322d110d,1,0.6378024816513062,0.7711339592933655,0.6007174849510193,0.2864771783351898,0.037084996700286865,0.48465678095817566,5.4846767135408037e-05,316
llama3_8b,truthfulqa,2,22417d4db841ddc8,1,0.6487277150154114,0.8606985211372375,0.4973125457763672,0.0523492768406868,0.1514151692390442,0.8083492442965508,-0.0032573122808976507,6
llama3_8b,truthfulqa,2,02e4265adf619cd2,0,0.6589721441268921,0.6036735773086548,0.5773227214813232,0.04350537434220314,0.08164942264556885,0.5601682029664516,0.001046848414736401,101
llama3_8b,truthfulqa,2,3f0ca8322b484bbb,1,0.6995591521263123,0.8252332806587219,0.6777021288871765,0.4351246953010559,0.021857023239135742,0.390108585357666,0.00039311904338507064,199
llama3_8b,truthfulqa,2,3b1d71aa586c0695,0,0.652108907699585,0.8361923098564148,0.6403501629829407,0.6159927845001221,0.011758744716644287,0.22019952535629272,-0.00045656984928743594,187
llama3_8b,truthfulqa,2,7e24b6a947f90acd,0,0.5783388018608093,0.18177373707294464,0.6207820177078247,0.3880730867385864,-0.04244321584701538,-0.20629934966564178,-0.00031048760546620313,238
llama3_8b,truthfulqa,2,1c00f4ad8c05671e,0,0.6391197443008423,0.894488513469696,0.6068496704101562,0.5466515421867371,0.032270073890686035,0.347836971282959,-0.0002150068756115453,274
llama3_8b,truthfulqa,2,50eba5b31a772055,0,0.7007465958595276,0.7529206275939941,0.705977201461792,0.12243528664112091,-0.005230605602264404,0.6304853409528732,-0.0023756295204830358,20
llama3_8b,truthfulqa,2,8cb4a2e5165ffd6a,0,0.6367548108100891,0.4957488775253296,0.6583260893821716,0.8256974816322327,-0.02157127857208252,-0.3299486041069031,-0.00020830908672281323,277
llama3_8b,truthfulqa,2,d230a134fe1575ed,1,0.5961390137672424,0.9189093112945557,0.5923442840576172,0.7616268992424011,0.003794729709625244,0.15728241205215454,-6.9917024254073645e-06,325
llama3_8b,truthfulqa,2,aa2c670cbe44fa0c,0,0.6098688244819641,0.6101208329200745,0.6212882399559021,0.5201122760772705,-0.011419415473937988,0.09000855684280396,-0.0005269432935052776,174
llama3_8b,truthfulqa,2,9ffc2874cf3d2de3,0,0.6656932234764099,0.5063614249229431,0.6191667914390564,0.5496547818183899,0.046526432037353516,-0.04329335689544678,0.0016886332582569108,50
llama3_8b,truthfulqa,2,c9994f84b0029e56,0,0.6110537648200989,0.8911638855934143,0.5974089503288269,0.8672245740890503,0.013644814491271973,0.023939311504364014,8.836439315740297e-05,307
llama3_8b,truthfulqa,2,54073f35a9e89a83,0,0.6497530937194824,0.40036705136299133,0.7353258728981018,0.4201831817626953,-0.08557277917861938,-0.01981613039970398,-0.000492891140851548,178
llama3_8b,truthfulqa,2,91ae812c64b6eec7,0,0.583415150642395,0.09989050030708313,0.5530322790145874,0.7987393736839294,0.030382871627807617,-0.6988488733768463,0.0009991962325273107,106
llama3_8b,truthfulqa,2,b7a37f0bc8b3959c,1,0.7269125580787659,0.9083068370819092,0.6319544315338135,0.20635303854942322,0.09495812654495239,0.701953798532486,-0.0016578863477154648,53
llama3_8b,truthfulqa,2,a2bbac9fac8cea9e,1,0.7047166228294373,0.8914005756378174,0.7060626149177551,0.31233641505241394,-0.001345992088317871,0.5790641605854034,0.001674356030472668,51
llama3_8b,truthfulqa,2,b4432f7f65da7425,0,0.6048027276992798,0.7596086263656616,0.5553157329559326,0.17036426067352295,0.04948699474334717,0.5892443656921387,-0.0004755993038727535,182
llama3_8b,truthfulqa,2,5e7ce61525bf40a7,0,0.6521744728088379,0.7416179180145264,0.645774245262146,0.9261935353279114,0.0064002275466918945,-0.184575617313385,0.0002054729739601746,279
llama3_8b,truthfulqa,2,bceb04cdec4011e6,1,0.6287747621536255,0.8983290791511536,0.6017920970916748,0.09534335881471634,0.026982665061950684,0.8029857203364372,0.0025669238828360808,18
llama3_8b,truthfulqa,2,1a6f1b65325a5bf9,0,0.6161014437675476,0.44857242703437805,0.6363959312438965,0.8370980620384216,-0.020294487476348877,-0.3885256350040436,-0.00018585662279868576,284
llama3_8b,truthfulqa,2,fa84391729af147b,1,0.6480254530906677,0.3733985126018524,0.6530592441558838,0.5260154604911804,-0.0050337910652160645,-0.152616947889328,-0.0009421450800419229,116
llama3_8b,truthfulqa,2,566bb7dcf6b4bdc5,0,0.6603625416755676,0.17885194718837738,0.6678848266601562,0.2655010223388672,-0.007522284984588623,-0.08664907515048981,-0.00011529760823064672,298
llama3_8b,truthfulqa,2,304d73107e78a347,0,0.6652404069900513,0.7556195855140686,0.6397961378097534,0.6204161643981934,0.02544426918029785,0.13520342111587524,0.00037615820762088026,206
llama3_8b,truthfulqa,2,afe01ef3d4ca26a9,1,0.6786095499992371,0.8576821684837341,0.6792640686035156,0.8372044563293457,-0.0006545186042785645,0.020477712154388428,-0.00046675444570221103,184
llama3_8b,truthfulqa,2,883b4efe2ee99d95,1,0.6672592163085938,0.7878773212432861,0.6177761554718018,0.06826356798410416,0.04948306083679199,0.719613753259182,0.0010739528764382444,95
llama3_8b,truthfulqa,2,9a62a89ccea2109f,0,0.6828715801239014,0.973641037940979,0.6262929439544678,0.6045341491699219,0.056578636169433594,0.36910688877105713,0.0008021661163925553,128
llama3_8b,truthfulqa,2,a88ba9ecadf8cec4,0,0.6939160227775574,0.7646529674530029,0.6744440197944641,0.9289926886558533,0.01947200298309326,-0.16433972120285034,0.0006425924056983612,151
llama3_8b,truthfulqa,2,d3196b6bc0b067f9,0,0.8152361512184143,0.683885395526886,0.7373619079589844,0.22714173793792725,0.07787424325942993,0.45674365758895874,0.001307448051744542,81
llama3_8b,truthfulqa,2,b08b5c94a380dd66,0,0.6205543279647827,0.461319237947464,0.6341318488121033,0.7273669242858887,-0.013577520847320557,-0.2660476863384247,-0.00015789727205378634,293
llama3_8b,truthfulqa,2,6a80ec49354d8cfe,0,0.6473721265792847,0.8903699517250061,0.6850995421409607,0.8536043763160706,-0.037727415561676025,0.03676557540893555,-0.0006235823213177616,155
llama3_8b,truthfulqa,2,e65f6dccfc83cee4,0,0.6408227682113647,0.3122650384902954,0.6185352802276611,0.07913050055503845,0.022287487983703613,0.23313453793525696,-6.286263086685562e-05,312
llama3_8b,truthfulqa,2,f64f1b7785646c32,1,0.5238966345787048,0.2604716122150421,0.5314860343933105,0.09512357413768768,-0.007589399814605713,0.16534803807735443,0.00023955854882640182,266
llama3_8b,truthfulqa,2,b1d00aa1dec8224c,0,0.6661643981933594,0.6951599717140198,0.5803697109222412,0.06311091780662537,0.08579468727111816,0.6320490539073944,0.0005528954310686229,170
llama3_8b,truthfulqa,2,f30ea9aed2833177,1,0.6301274299621582,0.827741265296936,0.6021873950958252,0.5677686929702759,0.027940034866333008,0.25997257232666016,-0.0003862510766375338,204
llama3_8b,truthfulqa,2,46c3223bcf553831,0,0.6812461614608765,0.902630090713501,0.6033644080162048,0.935071587562561,0.07788175344467163,-0.03244149684906006,0.0028717672628019164,11
llama3_8b,truthfulqa,2,ad22a684f5b0536e,0,0.7018333673477173,0.5553641319274902,0.6941783428192139,0.3668173551559448,0.007655024528503418,0.1885467767715454,-0.0003657480364346877,213
llama3_8b,truthfulqa,2,966c2f5a24320c09,0,0.700370192527771,0.42374661564826965,0.38514015078544617,0.3490690290927887,0.31523004174232483,0.07467758655548096,0.011070971300278232,0
llama3_8b,truthfulqa,2,fff9c35b418eecd2,1,0.6273189187049866,0.748871922492981,0.6435648202896118,0.40849074721336365,-0.016245901584625244,0.3403811752796173,0.0012112354428457928,83
llama3_8b,truthfulqa,2,5ce96f8983c7a347,0,0.6943408250808716,0.7367239594459534,0.7241486310958862,0.8190274834632874,-0.02980780601501465,-0.08230352401733398,-0.0003347991065600353,222
llama3_8b,truthfulqa,2,6047c975c65c0310,0,0.6385753154754639,0.46917933225631714,0.6328572034835815,0.8741908073425293,0.005718111991882324,-0.40501147508621216,0.00022578623733121583,269
llama3_8b,truthfulqa,2,e12044c887ab2d0e,0,0.5676405429840088,0.5026317238807678,0.5548931360244751,0.5080513954162598,0.012747406959533691,-0.005419671535491943,0.00015633238393086835,294
llama3_8b,truthfulqa,2,9852e55efb50501d,1,0.706688404083252,0.9798175692558289,0.6309908032417297,0.06124896556138992,0.07569760084152222,0.9185686036944389,0.0009536657648105407,115
llama3_8b,truthfulqa,2,69d2eea7979437ff,1,0.5654999613761902,0.6444646716117859,0.5416526198387146,0.24532459676265717,0.023847341537475586,0.3991400748491287,0.00032209331689275755,231
llama3_8b,truthfulqa,2,27ba3026638b0d62,0,0.7224303483963013,0.8456079363822937,0.7276467084884644,0.8425984382629395,-0.005216360092163086,0.003009498119354248,-0.00021484273445343538,275
llama3_8b,truthfulqa,2,fac83f5d7c48e193,0,0.6998559832572937,0.38373905420303345,0.7569550275802612,0.07955016940832138,-0.05709904432296753,0.30418888479471207,-0.0013685863632780237,79
llama3_8b,truthfulqa,2,e807f50c78a8f184,0,0.6492278575897217,0.5595897436141968,0.6562550067901611,0.06637564301490784,-0.007027149200439453,0.49321410059928894,-0.0018519836838032377,45
llama3_8b,truthfulqa,2,53da71341cb3bc56,0,0.7311451435089111,0.9546161890029907,0.7449621558189392,0.8354333639144897,-0.013817012310028076,0.11918282508850098,-0.0005811648330278918,163
llama3_8b,truthfulqa,2,dbc745e0f3ce1b95,1,0.6900498270988464,0.3261317312717438,0.7010211944580078,0.1667843610048294,-0.010971367359161377,0.15934737026691437,0.00027681970905618636,250
llama3_8b,truthfulqa,2,f566a03761808dec,0,0.6177855134010315,0.7038829922676086,0.6174864172935486,0.7032293677330017,0.00029909610748291016,0.0006536245346069336,-9.160092004029119e-05,306
llama3_8b,truthfulqa,2,909e61453bb9a81f,0,0.6050436496734619,0.5625488758087158,0.6525620818138123,0.789054811000824,-0.04751843214035034,-0.22650593519210815,-0.0003210976850417935,234
llama3_8b,truthfulqa,2,f5587d62e7e4249f,0,0.7099549770355225,0.6131685376167297,0.6551649570465088,0.44644448161125183,0.05479001998901367,0.1667240560054779,0.0014971561777666897,67
llama3_8b,truthfulqa,2,fa87b605a0298441,0,0.6181919574737549,0.8172282576560974,0.6318445801734924,0.5688294768333435,-0.013652622699737549,0.2483987808227539,-0.0009543773411462841,113
llama3_8b,truthfulqa,2,5232e4cffece7f35,0,0.5753105878829956,0.10368340462446213,0.6415590047836304,0.6141610145568848,-0.06624841690063477,-0.5104776099324226,-0.00033201298208207497,224
llama3_8b,truthfulqa,2,ddf1380bb21b8ce3,1,0.5501177310943604,0.9693920612335205,0.5117310881614685,0.12901078164577484,0.038386642932891846,0.8403812795877457,0.0023614420205977926,21
llama3_8b,truthfulqa,2,90b787f5366abe22,1,0.6361932158470154,0.8137084245681763,0.6424495577812195,0.08020099997520447,-0.0062563419342041016,0.7335074245929718,0.0026872773179203446,15
llama3_8b,truthfulqa,2,de56d16357a75ef1,0,0.6126239895820618,0.43005916476249695,0.6497677564620972,0.8342052698135376,-0.0371437668800354,-0.40414610505104065,-0.0002901743420951619,244
llama3_8b,truthfulqa,2,755db0ff824f2dbd,0,0.6113000512123108,0.7353692650794983,0.5861111283302307,0.8696209192276001,0.025188922882080078,-0.1342516541481018,0.0008006118566413756,129
llama3_8b,truthfulqa,2,00789db244eaee0f,0,0.6538276076316833,0.5877769589424133,0.6653867363929749,0.8956910967826843,-0.011559128761291504,-0.307914137840271,-0.00010367573253117213,301
llama3_8b,truthfulqa,2,befe6586bf7e2f38,1,0.7284843325614929,0.8266907334327698,0.7130598425865173,0.8444031476974487,0.015424489974975586,-0.017712414264678955,-0.0010104244893668901,104
llama3_8b,truthfulqa,2,43e6d24cf78e6af1,0,0.690865695476532,0.7616118788719177,0.6631246209144592,0.14163848757743835,0.027741074562072754,0.6199733912944794,-0.001486251001944272,68
llama3_8b,truthfulqa,2,686a5631b6e2604b,0,0.6855729818344116,0.8244447112083435,0.6872240304946899,0.8017476797103882,-0.0016510486602783203,0.022697031497955322,-0.00025602743828812,253
llama3_8b,truthfulqa,2,207f9355574117ad,0,0.6510116457939148,0.46896442770957947,0.643434464931488,0.7495258450508118,0.007577180862426758,-0.2805614173412323,0.00024014280485934458,265
llama3_8b,truthfulqa,2,08c6791aa311a1c0,1,0.5600617527961731,0.6503002643585205,0.5720846652984619,0.7576048374176025,-0.012022912502288818,-0.10730457305908203,-0.0006529825488758578,147
llama3_8b,truthfulqa,2,b06a5e307a5a9c60,0,0.6961921453475952,0.7824064493179321,0.6033766269683838,0.4643436074256897,0.09281551837921143,0.31806284189224243,0.0018919236474472245,39
llama3_8b,truthfulqa,2,84881cb8fe21825c,1,0.8578805327415466,0.9124708771705627,0.7825886607170105,0.05528881400823593,0.07529187202453613,0.8571820631623268,0.0009536657648105407,114
llama3_8b,truthfulqa,2,c2ffd4b0052710b1,0,0.6541259288787842,0.3108845353126526,0.628570020198822,0.4083600342273712,0.025555908679962158,-0.09747549891471863,0.000765945300503057,134
llama3_8b,truthfulqa,2,6aad35b3c912dbed,1,0.6365693807601929,0.9077616930007935,0.6491966247558594,0.7706916928291321,-0.012627243995666504,0.13707000017166138,0.000244854941349848,262
llama3_8b,truthfulqa,2,55b92e7da2b218c6,0,0.64459228515625,0.7212983965873718,0.610643208026886,0.2633740305900574,0.033949077129364014,0.45792436599731445,-0.0005624235445702563,168
llama3_8b,truthfulqa,2,360c8590a9a2698e,0,0.7662596106529236,0.21598148345947266,0.7592651844024658,0.7646996974945068,0.006994426250457764,-0.5487182140350342,0.0002701931665750612,251
llama3_8b,truthfulqa,2,92baf8d1f01023ad,0,0.6664372086524963,0.5316872596740723,0.6907575726509094,0.8314582705497742,-0.024320363998413086,-0.2997710108757019,-0.00020830908672281323,278
llama3_8b,truthfulqa,2,122ab70aec22fc5e,0,0.6230124831199646,0.819542407989502,0.632744312286377,0.684925377368927,-0.009731829166412354,0.13461703062057495,-0.0005477553115239009,171
llama3_8b,truthfulqa,2,963842441c43d52e,0,0.6468217372894287,0.5053260922431946,0.6167044639587402,0.4439305365085602,0.030117273330688477,0.0613955557346344,0.0005659893329932331,166
llama3_8b,truthfulqa,2,437772fcc6f6dc7e,0,0.6771442890167236,0.23835420608520508,0.6722350120544434,0.35314905643463135,0.0049092769622802734,-0.11479485034942627,0.000160674812933137,292
llama3_8b,truthfulqa,2,6dd01540b1decb86,0,0.6579157114028931,0.7736698985099792,0.649117112159729,0.6118080019950867,0.008798599243164062,0.16186189651489258,-0.00032740296664307555,228
llama3_8b,truthfulqa,2,69c8ae3317ddaddd,1,0.6761850118637085,0.8213533163070679,0.6585131883621216,0.07479137182235718,0.017671823501586914,0.7465619444847107,0.0026849551869020938,16
llama3_8b,truthfulqa,2,26a29080b3242ced,0,0.6221393346786499,0.7273224592208862,0.6111419200897217,0.8024693131446838,0.010997414588928223,-0.07514685392379761,0.0002147631947908013,276
llama3_8b,truthfulqa,2,97fea2b0a7bdac75,1,0.7036017775535583,0.7470458149909973,0.7463304996490479,0.8982493877410889,-0.0427287220954895,-0.15120357275009155,-0.00018022815962043248,288
llama3_8b,truthfulqa,2,1d93001803348dc8,0,0.5980642437934875,0.6730459332466125,0.611484169960022,0.24839626252651215,-0.013419926166534424,0.4246496707201004,-0.0017655753105011995,48
llama3_8b,truthfulqa,2,e610167900919fd4,1,0.6201448440551758,0.8254316449165344,0.6055167317390442,0.5573318004608154,0.014628112316131592,0.268099844455719,8.754406924810221e-05,308
llama3_8b,truthfulqa,2,0d60452136dd09d7,1,0.6654557585716248,0.5232840180397034,0.6427893042564392,0.08043680340051651,0.022666454315185547,0.44284721463918686,0.0004549283646216873,188
llama3_8b,truthfulqa,2,4318e9715ae014cf,0,0.6629654765129089,0.6663381457328796,0.6885277032852173,0.6516721844673157,-0.02556222677230835,0.014665961265563965,-0.00046278572645103155,186
llama3_8b,truthfulqa,2,06fc88a33aab307a,0,0.6227126121520996,0.3447868824005127,0.6752000451087952,0.7149637341499329,-0.05248743295669556,-0.37017685174942017,-0.0003315624653529303,226
llama3_8b,truthfulqa,2,8a335e90818a720c,0,0.6234104037284851,0.736440896987915,0.5896283984184265,0.3038720190525055,0.033782005310058594,0.43256887793540955,-0.0004878287300401074,180
llama3_8b,truthfulqa,2,5e438933353539cf,1,0.687913179397583,0.7998099327087402,0.6430678367614746,0.10052627325057983,0.0448453426361084,0.6992836594581604,0.001031997678755836,102
llama3_8b,truthfulqa,2,140ea212b8f6441b,1,0.696165919303894,0.893007755279541,0.6511410474777222,0.14129576086997986,0.045024871826171875,0.7517119944095612,0.001821994288842388,46
llama3_8b,truthfulqa,2,2090d421634c0ff1,1,0.618044376373291,0.8283390998840332,0.6447279453277588,0.2416156828403473,-0.026683568954467773,0.5867234170436859,0.002325759276867345,23
llama3_8b,truthfulqa,2,7b460c900f979a62,1,0.6856759786605835,0.8413205146789551,0.6939370632171631,0.8712262511253357,-0.00826108455657959,-0.029905736446380615,-0.0004901301482142517,179
llama3_8b,truthfulqa,2,fb0200d3253a3f62,1,0.7072868347167969,0.8453348278999329,0.7137524485588074,0.833833634853363,-0.006465613842010498,0.011501193046569824,-0.00037378691762374183,207
llama3_8b,truthfulqa,2,ae8768cd15f2c491,1,0.5929777026176453,0.9513790011405945,0.5610566735267639,0.19618408381938934,0.03192102909088135,0.7551949173212051,0.002121419462552565,30
llama3_8b,truthfulqa,2,5cd18baab655982f,0,0.7902055382728577,0.9052063226699829,0.6409419178962708,0.7655029296875,0.14926362037658691,0.1397033929824829,0.004574088071680915,4
llama3_8b,truthfulqa,2,896a65fe9b1fc3df,0,0.7247793674468994,0.6175792813301086,0.6812142133712769,0.765077531337738,0.04356515407562256,-0.1474982500076294,0.0015657766916786775,62
llama3_8b,truthfulqa,2,69d30541e56e231e,0,0.7223537564277649,0.6795763969421387,0.7579050660133362,0.6788983941078186,-0.03555130958557129,0.0006780028343200684,-0.0005085637151275857,175
llama3_8b,truthfulqa,2,f8515e36b57e5daa,0,0.6922433376312256,0.9033811092376709,0.7122131586074829,0.6606884598731995,-0.019969820976257324,0.24269264936447144,-0.0009698353817310101,111
llama3_8b,truthfulqa,2,d142fc26860bc13f,0,0.6211907267570496,0.8279293179512024,0.6428787112236023,0.8156598806381226,-0.021687984466552734,0.012269437313079834,-0.000448474456325898,192
llama3_8b,truthfulqa,2,1842a4e44d0d0263,1,0.7062807679176331,0.6390523314476013,0.7992269992828369,0.1587892770767212,-0.09294623136520386,0.4802630543708801,0.002315762639942043,24
llama3_8b,truthfulqa,2,2a40eb88f48c56d2,1,0.6214307546615601,0.792319655418396,0.5870921611785889,0.11425761133432388,0.03433859348297119,0.6780620440840721,0.0011159191607059693,93
llama3_8b,truthfulqa,2,1b7b453a8c92500d,1,0.6250244379043579,0.572561502456665,0.650611400604248,0.9673390984535217,-0.025586962699890137,-0.3947775959968567,-0.0006631390843218621,146
llama3_8b,truthfulqa,2,af350f62a962ae47,1,0.6236639618873596,0.8563156127929688,0.6520512104034424,0.8428481221199036,-0.028387248516082764,0.013467490673065186,0.00018183803546151234,287
llama3_8b,truthfulqa,2,1016c4c6cd45de22,0,0.6404539346694946,0.6182755827903748,0.6228381991386414,0.4904794991016388,0.01761573553085327,0.12779608368873596,9.362410526814191e-05,305
llama3_8b,truthfulqa,2,95b7e31145c3d63c,1,0.6645451188087463,0.34575358033180237,0.6418100595474243,0.1358516365289688,0.02273505926132202,0.20990194380283356,-0.00033353456391294056,223
llama3_8b,truthfulqa,2,bce136e82ec829cd,0,0.5620710849761963,0.6136828660964966,0.6471561193466187,0.8005731105804443,-0.08508503437042236,-0.18689024448394775,-0.0003620633437977916,214
llama3_8b,truthfulqa,2,4eaf688fb3831f6f,0,0.6086428165435791,0.7091279625892639,0.6470285058021545,0.6683633327484131,-0.03838568925857544,0.04076462984085083,-0.0006235823213177616,156
llama3_8b,truthfulqa,2,235ccf0a9c5ac568,1,0.6634507775306702,0.8243435621261597,0.656810998916626,0.45911383628845215,0.0066397786140441895,0.3652297258377075,0.0007944521988763609,130
llama3_8b,truthfulqa,2,ff20b86d53d59696,1,0.6657739877700806,0.9829859137535095,0.6146072149276733,0.6058891415596008,0.05116677284240723,0.3770967721939087,-0.0005776514719397219,165
llama3_8b,truthfulqa,2,c7b1a5e7aadc5d9e,0,0.6819986701011658,0.1946539431810379,0.6972086429595947,0.09407026320695877,-0.015209972858428955,0.10058367997407913,-0.0005811648330278918,164
llama3_8b,truthfulqa,2,3e076da51af94a62,1,0.7355489134788513,0.26254841685295105,0.7484471797943115,0.7654993534088135,-0.012898266315460205,-0.5029509365558624,-0.0011168310240313728,92
llama3_8b,truthfulqa,2,c3917ac55e61df49,0,0.7052751183509827,0.3640259802341461,0.6416045427322388,0.11816400289535522,0.0636705756187439,0.2458619773387909,0.0016212200085328199,59
llama3_8b,truthfulqa,2,8908ce0cd82c7c5d,1,0.7375944256782532,0.9586367011070251,0.6739396452903748,0.3181506395339966,0.06365478038787842,0.6404860615730286,-0.00010880705092736198,299
llama3_8b,truthfulqa,2,70acc4a57834a5b8,0,0.6170967221260071,0.6035606265068054,0.5691747069358826,0.26812073588371277,0.04792201519012451,0.33543989062309265,0.0006110653567379942,161
llama3_8b,truthfulqa,2,1440d36c1537b1a4,0,0.5665979981422424,0.6385014057159424,0.6632038950920105,0.842582106590271,-0.09660589694976807,-0.2040807008743286,-0.0003718004421425225,208
llama3_8b,truthfulqa,2,da975c3183b17f3e,0,0.7246644496917725,0.8849563598632812,0.6935237050056458,0.6870748400688171,0.03114074468612671,0.1978815197944641,0.00035218018335075874,218
llama3_8b,truthfulqa,2,daf016ae6a454272,0,0.6041624546051025,0.18143458664417267,0.6137447953224182,0.9167541265487671,-0.009582340717315674,-0.7353195399045944,-5.976535695528806e-05,314
llama3_8b,truthfulqa,2,2cdf2fb89fb25c01,1,0.7245169281959534,0.7887810468673706,0.7793651819229126,0.8326219320297241,-0.05484825372695923,-0.043840885162353516,0.00022054230363771632,271
llama3_8b,truthfulqa,2,4c5f9bd2630b3a85,1,0.7531459331512451,0.8764669895172119,0.7099044919013977,0.08667223155498505,0.04324144124984741,0.7897947579622269,0.002053749712905395,33
llama3_8b,truthfulqa,2,e58568b123dcfbf8,0,0.6377488970756531,0.8231433033943176,0.656426191329956,0.8931326866149902,-0.01867729425430298,-0.06998938322067261,-0.0002887233211996687,245
llama3_8b,truthfulqa,2,39e87aa436c796e6,1,0.6490724086761475,0.7262911200523376,0.6358800530433655,0.38306987285614014,0.013192355632781982,0.3432212471961975,0.0004513116293206054,191
llama3_8b,truthfulqa,2,b2a75b68aa6179f8,1,0.7247880697250366,0.7208737730979919,0.6597754955291748,0.08982378244400024,0.06501257419586182,0.6310499906539917,-0.00031257963767866714,236
llama3_8b,truthfulqa,2,d2f347df24262a3f,0,0.6899901628494263,0.6445654034614563,0.6779864430427551,0.8498538136482239,0.012003719806671143,-0.20528841018676758,0.0003137437858477532,235
llama3_8b,truthfulqa,2,b834699ef5825dda,1,0.7192854285240173,0.715928852558136,0.7074069380760193,0.46766552329063416,0.011878490447998047,0.24826332926750183,0.00011802693739410008,297
llama3_8b,truthfulqa,2,f595b271f4c5c42a,0,0.6942383050918579,0.6517519354820251,0.606789231300354,0.6177166104316711,0.0874490737915039,0.034035325050354004,0.0026766261888705456,17
llama3_8b,truthfulqa,2,ab0746f21d5ea727,0,0.6701583862304688,0.49991852045059204,0.704811692237854,0.5479851365089417,-0.034653306007385254,-0.04806661605834961,-0.00040306359123531976,198
llama3_8b,truthfulqa,2,3044e9b5834d5c8c,1,0.7614312767982483,0.955248236656189,0.6163954734802246,0.04341419041156769,0.14503580331802368,0.9118340462446213,-0.002334235357820569,22
llama3_8b,truthfulqa,2,fdf6d5b46ff1f104,1,0.6559327840805054,0.9817423820495605,0.6098533868789673,0.6641947031021118,0.046079397201538086,0.31754767894744873,-0.0006711233422239671,144
llama3_8b,truthfulqa,2,82a249f01e6ef28a,1,0.55415940284729,0.9717456102371216,0.3579139709472656,0.7033155560493469,0.19624543190002441,0.26843005418777466,-0.006130215635283209,2
llama3_8b,truthfulqa,2,9431b0c29c16ebf8,0,0.6528308987617493,0.5109982490539551,0.6686388254165649,0.21389377117156982,-0.015807926654815674,0.29710447788238525,-0.0011483999764109742,90
llama3_8b,truthfulqa,2,82c9ad094a589eb6,0,0.7351799011230469,0.8916108012199402,0.6774221658706665,0.1481625735759735,0.05775773525238037,0.7434482276439667,-0.0018146087903556651,47
llama3_8b,truthfulqa,2,52d8e9339652ce6e,1,0.5838112831115723,0.7342889904975891,0.5425984859466553,0.070487841963768,0.04121279716491699,0.6638011485338211,0.0009809476729546462,109
llama3_8b,truthfulqa,2,e5a6771faf8ce951,1,0.5556038022041321,0.37996193766593933,0.567594587802887,0.11291030794382095,-0.011990785598754883,0.2670516297221184,0.0007222796296639244,139
llama3_8b,truthfulqa,2,fdac6d41e5ed2840,1,0.6663306951522827,0.844755232334137,0.6434892416000366,0.21162967383861542,0.022841453552246094,0.6331255584955215,0.0014269533192434736,71
llama3_8b,truthfulqa,2,e1b622c1a07b01c9,0,0.742586076259613,0.8452780842781067,0.6870150566101074,0.10633113235235214,0.055571019649505615,0.7389469519257545,-0.0018737803879887993,42
llama3_8b,truthfulqa,2,4519ecda20f144df,0,0.5765829682350159,0.1692522168159485,0.5577928423881531,0.13994204998016357,0.018790125846862793,0.029310166835784912,0.0003222980723936453,229
llama3_8b,truthfulqa,2,d519c84a3d272208,1,0.7459021210670471,0.8056445121765137,0.7536018490791321,0.7598080635070801,-0.007699728012084961,0.045836448669433594,-0.00018310215853478695,286
llama3_8b,truthfulqa,2,704180a49add16fa,0,0.7688269019126892,0.9228864908218384,0.6746881008148193,0.4318193197250366,0.09413880109786987,0.49106717109680176,0.0011848823291787935,84
llama3_8b,truthfulqa,2,a86a16782f430354,0,0.6546409726142883,0.6020386219024658,0.6919193863868713,0.1050223559141159,-0.03727841377258301,0.4970162659883499,-0.002158663125754856,29
llama3_8b,truthfulqa,2,775072023f13b896,1,0.6525953412055969,0.7875121235847473,0.7008697986602783,0.4948478639125824,-0.048274457454681396,0.2926642596721649,0.0014587757422961922,69
llama3_8b,truthfulqa,2,0c2c12586aa084ce,0,0.6895740032196045,0.656054675579071,0.7028758525848389,0.1824648529291153,-0.013301849365234375,0.47358982264995575,-0.0018801301649914448,41
llama3_8b,truthfulqa,2,27d04f47837c25eb,0,0.6754553318023682,0.4741447865962982,0.6501258611679077,0.4238324761390686,0.02532947063446045,0.050312310457229614,0.0005057707921621857,176
llama3_8b,truthfulqa,2,27e5590e3c355612,1,0.6423784494400024,0.927629292011261,0.6161067485809326,0.8951489925384521,0.026271700859069824,0.03248029947280884,-0.0011729387394169843,86
llama3_8b,truthfulqa,2,c9eb1ecf0b1b36d5,1,0.7119594812393188,0.8325753808021545,0.7284344434738159,0.6156057119369507,-0.01647496223449707,0.21696966886520386,0.0007008348898204231,142
llama3_8b,truthfulqa,2,43a65f0fdda8f8c5,0,0.6263588070869446,0.8500313758850098,0.6098631024360657,0.7755428552627563,0.016495704650878906,0.07448852062225342,0.00010601882034910748,300
llama3_8b,truthfulqa,2,ce3da51df70246aa,0,0.6153930425643921,0.36851993203163147,0.6657870411872864,0.8514721393585205,-0.05039399862289429,-0.48295220732688904,-0.0003215399146137554,233
llama3_8b,truthfulqa,2,dbf83fc9aa7bbd54,1,0.6813676357269287,0.7093843221664429,0.6800999641418457,0.14010438323020935,0.0012676715850830078,0.5692799389362335,0.0016261934508469689,58
llama3_8b,truthfulqa,2,0e271f12b70ab3bb,0,0.579876720905304,0.5792884826660156,0.5099079012870789,0.052413299679756165,0.0699688196182251,0.5268751829862595,0.000648591915473673,150
llama3_8b,truthfulqa,2,9989ff7fc921a389,1,0.6633140444755554,0.7015789747238159,0.6323503851890564,0.3147940933704376,0.030963659286499023,0.3867848813533783,3.02200493585425e-05,321
llama3_8b,truthfulqa,2,202e7f37edc7f1ce,1,0.6024941802024841,0.8830181956291199,0.5571876764297485,0.1518174409866333,0.045306503772735596,0.7312007546424866,0.001247988584401838,82
llama3_8b,truthfulqa,2,695072da1a2c1feb,0,0.6472284197807312,0.5847171545028687,0.6797818541526794,0.7917199730873108,-0.03255343437194824,-0.20700281858444214,-0.0002771632392779,249
llama3_8b,truthfulqa,2,7444b68fe9bc32da,0,0.7023724317550659,0.8319603204727173,0.6942116022109985,0.6273744702339172,0.008160829544067383,0.20458585023880005,-0.0004262296634890972,196
llama3_8b,truthfulqa,2,e497b22ebd655863,1,0.49272552132606506,0.6661753058433533,0.6339921355247498,0.7982142567634583,-0.1412666141986847,-0.13203895092010498,8.430901947287239e-05,309
llama3_8b,truthfulqa,2,a198e1ae1580a042,0,0.5804240107536316,0.21728168427944183,0.6638690233230591,0.6851283311843872,-0.08344501256942749,-0.4678466469049454,-0.00034175008042675037,221
llama3_8b,truthfulqa,2,45d7306cab3e7e02,1,0.6187447905540466,0.668181300163269,0.6014003157615662,0.46532711386680603,0.01734447479248047,0.202854186296463,-0.00019508757359826268,283
llama3_8b,truthfulqa,2,c4cfcfef90c0c76b,1,0.7785190343856812,0.940899670124054,0.7654370665550232,0.9439134001731873,0.013081967830657959,-0.0030137300491333008,-0.0009305643801247876,117
llama3_8b,truthfulqa,2,efbb94b417885803,1,0.7220461368560791,0.39304906129837036,0.681504487991333,0.33627453446388245,0.040541648864746094,0.056774526834487915,-0.0015947087002847748,60
llama3_8b,truthfulqa,2,e1e4ff2e3b3664a1,1,0.4817028045654297,0.635867178440094,0.6635282635688782,0.7212117910385132,-0.1818254590034485,-0.08534461259841919,0.0002478459319691928,261
llama3_8b,truthfulqa,2,ae97729bf054d1bb,0,0.6782569885253906,0.7148723602294922,0.6962233185768127,0.6069219708442688,-0.01796633005142212,0.10795038938522339,-0.0006194148964046575,158
llama3_8b,truthfulqa,2,89406ad2bcd09385,1,0.7455201745033264,0.9095005989074707,0.6749876141548157,0.2301572859287262,0.07053256034851074,0.6793433129787445,-0.0002557564117603439,254
llama3_8b,truthfulqa,2,065bb8cae33e2560,0,0.7522844076156616,0.867586612701416,0.6753259897232056,0.2508927583694458,0.07695841789245605,0.6166938543319702,0.0006169979951711757,160
llama3_8b,truthfulqa,2,7fd30a8e0942515f,1,0.5930357575416565,0.7425656914710999,0.5905699729919434,0.7449871897697449,0.0024657845497131348,-0.0024214982986450195,-0.000626772592417002,154
llama3_8b,truthfulqa,2,5097eef438608b32,0,0.6980308294296265,0.9292616844177246,0.7181353569030762,0.8283541798591614,-0.020104527473449707,0.10090750455856323,-0.0006194148964046575,157
llama3_8b,truthfulqa,2,eb52e90449375c13,1,0.6366908550262451,0.9092692732810974,0.6214066743850708,0.7132747173309326,0.015284180641174316,0.1959945559501648,-0.00023460942116326766,267
llama3_8b,truthfulqa,2,c68387701a2f94d5,1,0.6549429297447205,0.6784936785697937,0.6171196103096008,0.37565699219703674,0.03782331943511963,0.30283668637275696,-0.0006346140388490129,152
llama3_8b,truthfulqa,2,9ee1553bf9307125,0,0.6306026577949524,0.25741443037986755,0.607584536075592,0.9144365191459656,0.02301812171936035,-0.657022088766098,0.0007902988573723624,132
llama3_8b,truthfulqa,2,102ac47cf38b8e80,0,0.6932377815246582,0.9062570333480835,0.7164755463600159,0.8002206683158875,-0.023237764835357666,0.10603636503219604,-0.0006315766476969187,153
llama3_8b,truthfulqa,2,7a0e8b186f741a67,1,0.5958120822906494,0.21250051259994507,0.5203337669372559,0.28451821208000183,0.07547831535339355,-0.07201769948005676,-0.003457975049474926,5
llama3_8b,truthfulqa,2,4a4714cfee5dfe60,1,0.6672109365463257,0.9773180484771729,0.6079088449478149,0.021687718108296394,0.05930209159851074,0.9556303303688765,0.0015514394594467462,64
llama3_8b,truthfulqa,2,06b571880f403ecd,0,0.7031770944595337,0.4528433084487915,0.6454430222511292,0.4017607867717743,0.05773407220840454,0.05108252167701721,0.0018685209975298767,43
llama3_8b,truthfulqa,2,4c415efec365f66c,1,0.759336531162262,0.6600250005722046,0.7416864633560181,0.3292514383792877,0.017650067806243896,0.33077356219291687,0.00029019724323653406,243
llama3_8b,truthfulqa,2,c9c342035f91b62a,1,0.6360843181610107,0.8610223531723022,0.6182697415351868,0.6802613139152527,0.017814576625823975,0.18076103925704956,-0.0003563473493331526,217
llama3_8b,truthfulqa,2,e5f09400d086db9f,0,0.7388717532157898,0.478238970041275,0.6258956789970398,0.16969455778598785,0.11297607421875,0.30854441225528717,0.0028459959059345397,12
llama3_8b,truthfulqa,2,959b366fec0044a5,1,0.6892659068107605,0.5680863857269287,0.6395456194877625,0.5067627429962158,0.04972028732299805,0.06132364273071289,-0.00185411636503241,44
llama3_8b,truthfulqa,2,a1ac9949b68307e6,0,0.48554885387420654,0.5428988933563232,0.6115968227386475,0.909971296787262,-0.12604796886444092,-0.3670724034309387,-0.0003615097295106562,215
llama3_8b,truthfulqa,2,a15efe8eac27528f,0,0.642443835735321,0.6451236009597778,0.5856625437736511,0.32846692204475403,0.05678129196166992,0.3166566789150238,0.0010673516784060477,97
llama3_8b,truthfulqa,2,e41798d429d78e06,0,0.5922000408172607,0.48501232266426086,0.6403067708015442,0.9223169088363647,-0.04810672998428345,-0.4373045861721039,-0.0003112146693891593,237
llama3_8b,truthfulqa,2,cfb4e70c04d45d94,1,0.6228126287460327,0.8997086882591248,0.5266181826591492,0.20655198395252228,0.09619444608688354,0.6931567043066025,-0.0016578863477154648,52
llama3_8b,truthfulqa,2,0b74ab9a07f476ed,1,0.6902105808258057,0.6975820064544678,0.6506335735321045,0.17026396095752716,0.03957700729370117,0.5273180454969406,0.00029763787584896617,241
llama3_8b,truthfulqa,2,cf9e96d8330b1056,1,0.6377770900726318,0.9634130001068115,0.5410093665122986,0.03474094718694687,0.09676772356033325,0.9286720529198647,-0.000367889737628857,211
llama3_8b,truthfulqa,2,cf87b209083db05b,1,0.6442851424217224,0.6991429328918457,0.6314561367034912,0.404191792011261,0.012829005718231201,0.2949511408805847,0.00020521935098699595,280
llama3_8b,truthfulqa,2,b11fa36c4ebd307f,0,0.7271583676338196,0.12338767200708389,0.7959402203559875,0.9208711385726929,-0.06878185272216797,-0.797483466565609,-0.00033201298208207497,225
llama3_8b,truthfulqa,2,f1a34a9dabde6072,1,0.5366497039794922,0.681509792804718,0.5675857067108154,0.28231555223464966,-0.030936002731323242,0.39919424057006836,0.0016571654802515767,54
llama3_8b,truthfulqa,2,c906cc2f359d0e15,0,0.6090177297592163,0.6476879715919495,0.5828117728233337,0.44188249111175537,0.02620595693588257,0.2058054804801941,0.0001677253321253347,290
llama3_8b,truthfulqa,2,97339381d5f324ed,0,0.6698903441429138,0.6187406778335571,0.6995334029197693,0.7839329242706299,-0.02964305877685547,-0.16519224643707275,-0.00025458024158181436,255
llama3_8b,truthfulqa,2,c1b5c3ea579fba13,1,0.6840147972106934,0.9035597443580627,0.6661908030509949,0.7664316296577454,0.017823994159698486,0.13712811470031738,-0.0004866198907009789,181
llama3_8b,truthfulqa,2,0e59334afc751d3b,1,0.7828221917152405,0.9209237098693848,0.7135652303695679,0.1172870621085167,0.06925696134567261,0.8036366477608681,0.0008959410917012134,120
llama3_8b,truthfulqa,2,6f07475503ab6d7f,0,0.699471116065979,0.8688258528709412,0.6792466044425964,0.7767531871795654,0.02022451162338257,0.09207266569137573,0.00021932484472425573,272
llama3_8b,truthfulqa,2,54e4a556b00eb1eb,0,0.8176925778388977,0.9182760119438171,0.6843313574790955,0.2334977388381958,0.13336122035980225,0.6847782731056213,0.0014182241112912775,74
llama3_8b,truthfulqa,2,aa5c230254444433,0,0.7597346305847168,0.7521083354949951,0.6946555972099304,0.03668477013707161,0.06507903337478638,0.7154235653579235,-0.0010614070302292777,99
llama3_8b,truthfulqa,2,4d373507d4c618bc,0,0.5923619270324707,0.7153750658035278,0.6157984733581543,0.8268552422523499,-0.023436546325683594,-0.11148017644882202,-0.00025310724774985083,257
llama3_8b,truthfulqa,2,8a47ffa989e8c0dc,1,0.5874670147895813,0.5380175709724426,0.5735995769500732,0.39314019680023193,0.013867437839508057,0.1448773741722107,-0.0003673420965615293,212
llama3_8b,truthfulqa,2,bebd31fcf1c376db,1,0.6577405333518982,0.7539076805114746,0.6910300254821777,0.7379596829414368,-0.03328949213027954,0.015947997570037842,0.00025282298497586453,258
llama3_8b,truthfulqa,2,9c59ab79438ec35b,1,0.6697471141815186,0.8883886933326721,0.6193130612373352,0.16934797167778015,0.05043405294418335,0.719040721654892,0.0010280286514095516,103
llama3_8b,truthfulqa,2,5eea0b62f5597068,0,0.5430030226707458,0.7822823524475098,0.5590002536773682,0.6416105031967163,-0.015997231006622314,0.14067184925079346,-0.0006515116350888084,149
llama3_8b,truthfulqa,2,ac15a11207009786,0,0.596260666847229,0.5985586643218994,0.6163365840911865,0.6606433391571045,-0.02007591724395752,-0.06208467483520508,-0.0002887233211996687,246
llama3_8b,truthfulqa,2,6bd98fe58a1763c9,0,0.6764070391654968,0.8662155866622925,0.6308619976043701,0.07692991942167282,0.04554504156112671,0.7892856672406197,-0.0027742512203182135,13
llama3_8b,truthfulqa,2,be08397ee15b0cd2,1,0.7614479064941406,0.8574793934822083,0.720468282699585,0.16232693195343018,0.040979623794555664,0.6951524615287781,0.0010714454105111848,96
llama3_8b,truthfulqa,2,bf34c09eca3f74bf,0,0.5601106286048889,0.22285674512386322,0.596571147441864,0.6164575219154358,-0.0364605188369751,-0.39360077679157257,-0.0003001968928343368,240
llama3_8b,truthfulqa,2,3133853edbc1d206,0,0.6399807929992676,0.7089124917984009,0.7023594379425049,0.3792434334754944,-0.062378644943237305,0.3296690583229065,-0.0015160612811265795,66
llama3_8b,truthfulqa,2,04720516edac2b9e,0,0.7372018694877625,0.8678187727928162,0.6229814291000366,0.2343481481075287,0.11422044038772583,0.6334706246852875,0.0013588591238272163,80
llama3_8b,truthfulqa,2,624e829b719c6bfe,0,0.2538413107395172,0.32439807057380676,0.6845828294754028,0.7622392177581787,-0.4307415187358856,-0.43784114718437195,-0.0003706879935329588,209
llama3_8b,truthfulqa,2,3a58ad52e96b213f,0,0.6200749278068542,0.8717474937438965,0.5997703671455383,0.2601367235183716,0.020304560661315918,0.6116107702255249,-0.0017301305038525672,49
llama3_8b,truthfulqa,2,8d7a81dc81a4bfe7,1,0.6971211433410645,0.4231950342655182,0.672950267791748,0.034995485097169876,0.024170875549316406,0.3881995491683483,0.00032209331689275755,230
llama3_8b,truthfulqa,2,a48c9b0f0d9665f8,0,0.6908808946609497,0.7147336006164551,0.744974672794342,0.9254969954490662,-0.054093778133392334,-0.21076339483261108,-0.00034185317798479664,220
llama3_8b,truthfulqa,2,2ebea5a20d550e42,0,0.6726323962211609,0.7783631086349487,0.6803796291351318,0.5775002241134644,-0.007747232913970947,0.20086288452148438,-0.0007214233705295503,140
llama3_8b,truthfulqa,2,0292664fc85e3208,0,0.6021479964256287,0.5784622430801392,0.5292173624038696,0.21570762991905212,0.07293063402175903,0.36275461316108704,0.001406370218007047,76
llama3_8b,truthfulqa,2,afae78bf8e608e9c,0,0.7626810669898987,0.8659708499908447,0.7060916423797607,0.9551959037780762,0.05658942461013794,-0.08922505378723145,0.002069523908237614,32
llama3_8b,truthfulqa,2,097017e1fc02cead,1,0.6135446429252625,0.7933869957923889,0.5746048092842102,0.26896750926971436,0.038939833641052246,0.5244194865226746,0.00025030059774244773,259
llama3_8b,truthfulqa,2,b567d6038905d630,0,0.5850697159767151,0.7806487083435059,0.626568615436554,0.8789999485015869,-0.04149889945983887,-0.09835124015808105,-0.0003786401054369226,205
llama3_8b,truthfulqa,2,584229bdf67c93f4,0,0.6663157939910889,0.5941702127456665,0.6280978322029114,0.6417005658149719,0.03821796178817749,-0.04753035306930542,0.0011614913135676863,88
llama3_8b,truthfulqa,2,bad5ea38d8fefa09,0,0.7169843912124634,0.4309942126274109,0.7393559217453003,0.15322241187095642,-0.022371530532836914,0.27777180075645447,-0.0011231463590117285,91
llama3_8b,truthfulqa,2,0ff57926ec6a3e29,1,0.7161303758621216,0.4744207262992859,0.7006423473358154,0.8155044317245483,0.015488028526306152,-0.34108370542526245,-0.0016352507204325795,57
llama3_8b,truthfulqa,2,b0dd536f5abb8f97,0,0.8266273736953735,0.9067278504371643,0.7026791572570801,0.06996844708919525,0.12394821643829346,0.836759403347969,-0.0015527945763798012,63
llama3_8b,truthfulqa,2,b4e8a81af0c90380,0,0.7337788343429565,0.8079713582992554,0.6625720262527466,0.09921908378601074,0.07120680809020996,0.7087522745132446,-0.0009035122933871431,119
llama3_8b,truthfulqa,2,245bfabbc11c7a02,0,0.6870337128639221,0.782636821269989,0.6771034002304077,0.3263303339481354,0.009930312633514404,0.45630648732185364,-0.0014240305006069098,73
llama3_8b,truthfulqa,2,45e0522b7cb03bb2,0,0.702182412147522,0.8831945657730103,0.7863175272941589,0.9015805125236511,-0.08413511514663696,-0.01838594675064087,-0.000492891140851548,177
llama3_8b,truthfulqa,2,ee9c627b750f12e5,0,0.6642471551895142,0.767891526222229,0.691912055015564,0.23221097886562347,-0.027664899826049805,0.5356805473566055,-0.002174447618842501,28
llama3_8b,truthfulqa,2,d1f49725319a8992,1,0.6364542245864868,0.8507863879203796,0.6380982995033264,0.7205015420913696,-0.0016440749168395996,0.13028484582901,-6.714862632667407e-05,311
llama3_8b,truthfulqa,2,c1f5aea3463b2127,0,0.5128309726715088,0.7316351532936096,0.5507192015647888,0.633775532245636,-0.03788822889328003,0.09785962104797363,-0.0007337551664403086,137
llama3_8b,truthfulqa,2,1eb1d4134dc08f2b,1,0.5881073474884033,0.8425347208976746,0.6356451511383057,0.7818546295166016,-0.047537803649902344,0.060680091381073,0.0005643886171563528,167
llama3_8b,truthfulqa,2,cfd6da575429719c,1,0.7391666173934937,0.8853886127471924,0.7182510495185852,0.6760300397872925,0.020915567874908447,0.2093585729598999,-0.0002867365781837883,247
llama3_8b,truthfulqa,2,d7bb11e810e56393,0,0.5924863219261169,0.5735105276107788,0.594870388507843,0.3335166275501251,-0.0023840665817260742,0.2399939000606537,-0.0007462794085131286,135
llama3_8b,truthfulqa,2,7b758dab76f1bd1a,0,0.7710292935371399,0.8678515553474426,0.6950206160545349,0.6407959461212158,0.07600867748260498,0.2270556092262268,0.002238168995665646,25
llama3_8b,truthfulqa,2,bd152ad98952877a,1,0.6655824184417725,0.5966618061065674,0.6935568451881409,0.3578190505504608,-0.027974426746368408,0.23884275555610657,0.0010085901556750043,105
llama3_8b,truthfulqa,2,668f1a2b60b52761,0,0.677161455154419,0.17896227538585663,0.7341741919517517,0.9538317322731018,-0.057012736797332764,-0.7748694568872452,-0.00032195767790910157,232
llama3_8b,truthfulqa,2,88c46059de62e04e,1,0.7075037956237793,0.8944223523139954,0.652249276638031,0.2916469871997833,0.05525451898574829,0.602775365114212,-9.122181078513592e-06,324
llama3_8b,truthfulqa,2,4adc8bc8334473aa,1,0.6765991449356079,0.8596829175949097,0.6823756694793701,0.4746628701686859,-0.005776524543762207,0.38502004742622375,0.0010668042951627599,98
llama3_8b,truthfulqa,2,ce1d05f6964bf1f5,1,0.6826788187026978,0.5479468107223511,0.6383469104766846,0.10023702681064606,0.044331908226013184,0.447709783911705,-0.0002490842319816666,260
llama3_8b,truthfulqa,2,ef21d44759e262eb,1,0.6411030292510986,0.9280780553817749,0.626305103302002,0.2555663287639618,0.01479792594909668,0.6725117266178131,0.0018876453836829121,40
llama3_8b,truthfulqa,2,803d6e948b291f3b,1,0.6376665234565735,0.2576611042022705,0.5801339745521545,0.1164841279387474,0.057532548904418945,0.1411769762635231,-0.001962172081864666,36
llama3_8b,truthfulqa,2,c694de1b3c4c5c70,0,0.6757153272628784,0.7861874103546143,0.6920048594474792,0.9439372420310974,-0.01628953218460083,-0.15774983167648315,-0.0001834851005460547,285
llama3_8b,truthfulqa,2,a75746d3344cfb3a,0,0.5967534780502319,0.6933727860450745,0.5909902453422546,0.1770176887512207,0.005763232707977295,0.5163550972938538,-0.0016427025463284783,56
llama3_8b,truthfulqa,2,31c6ad0bede05f6f,1,0.6821143627166748,0.6708207726478577,0.6532766819000244,0.40334609150886536,0.02883768081665039,0.2674746811389923,-0.0003862510766375338,203
llama3_8b,truthfulqa,2,e2967551ecbd1d6c,1,0.6962722539901733,0.896312952041626,0.6943978667259216,0.4321180284023285,0.001874387264251709,0.4641949236392975,0.0011752956026174766,85
llama3_8b,truthfulqa,2,f6f2457e7f643e5e,1,0.6696472764015198,0.9436250329017639,0.6179112195968628,0.35923415422439575,0.05173605680465698,0.5843908786773682,3.823021110133107e-05,319
llama3_8b,truthfulqa,2,8504bd4219eee2ab,0,0.6985505819320679,0.6640087962150574,0.5849920511245728,0.37325775623321533,0.11355853080749512,0.29075103998184204,0.00294773695729883,8
llama3_8b,truthfulqa,2,27b740704724074f,0,0.5624729990959167,0.3487917184829712,0.5628842711448669,0.7237805724143982,-0.0004112720489501953,-0.374988853931427,0.00010065635734768374,304
llama3_8b,truthfulqa,2,7515bc317e46f38d,0,0.800875723361969,0.16260221600532532,0.765261709690094,0.5213279128074646,0.035614013671875,-0.3587256968021393,0.0011625286850068806,87
llama3_8b,truthfulqa,2,ddea97fd028744b4,0,0.5737735033035278,0.193758025765419,0.6209637522697449,0.20772911608219147,-0.04719024896621704,-0.013971090316772461,-0.00046513116053725767,185
llama3_8b,truthfulqa,2,4fe2d1e6c1507d3a,0,0.7191579341888428,0.6761781573295593,0.7421557903289795,0.7972610592842102,-0.02299785614013672,-0.12108290195465088,-0.00025310724774985083,256
llama3_8b,truthfulqa,2,e3c6559383ae0881,0,0.6976271271705627,0.10766322910785675,0.7276150584220886,0.8653050065040588,-0.02998793125152588,-0.7576417773962021,-0.00022452987986609774,270
llama3_8b,truthfulqa,2,64c5d063d596862c,1,0.7168359160423279,0.9402076005935669,0.6865689158439636,0.7457903027534485,0.030267000198364258,0.1944172978401184,-0.0007158816797891987,141
llama3_8b,truthfulqa,2,83b4e6b88766eaba,1,0.6863755583763123,0.8327484130859375,0.7479428052902222,0.9373357892036438,-0.06156724691390991,-0.1045873761177063,4.6604193751076384e-05,318
llama3_8b,truthfulqa,2,697f8824fb99deb2,1,0.6055605411529541,0.7652303576469421,0.6394999027252197,0.6431072354316711,-0.033939361572265625,0.122123122215271,0.000617758973452287,159
llama3_8b,truthfulqa,2,0d3a2e5711474cbe,0,0.571479320526123,0.3094238340854645,0.5523185729980469,0.05834712088108063,0.019160747528076172,0.25107671320438385,-0.00015388766339413662,296
llama3_8b,truthfulqa,2,75528fc13281acb8,0,0.6845152378082275,0.891161322593689,0.6381059288978577,0.15045398473739624,0.04640930891036987,0.7407073378562927,-0.0022176372116918808,26
llama3_8b,truthfulqa,2,2b4baced699ad5ac,1,0.6316555142402649,0.6343797445297241,0.5993580222129822,0.32045650482177734,0.032297492027282715,0.3139232397079468,-0.000418011760772663,197
llama3_8b,truthfulqa,2,bae0dbcfe34ab384,1,0.6423776149749756,0.7025937438011169,0.6421788930892944,0.7403084635734558,0.00019872188568115234,-0.03771471977233887,-0.0007286091206279433,138
llama3_8b,truthfulqa,2,feb8313fef210298,0,0.5862380862236023,0.24850840866565704,0.6081684231758118,0.6065622568130493,-0.021930336952209473,-0.3580538481473923,-0.00019801837409094691,281
llama3_8b,truthfulqa,2,ec002eabc93bf837,1,0.6698864698410034,0.8851702213287354,0.5753186941146851,0.035547155886888504,0.09456777572631836,0.8496230654418468,-0.000367889737628857,210
llama3_8b,truthfulqa,2,596022e19f111455,0,0.6061846613883972,0.3680720627307892,0.6289383769035339,0.8734540343284607,-0.02275371551513672,-0.5053819715976715,-0.0001782587250070966,289
llama3_8b,truthfulqa,2,307450e0dcbfc217,0,0.6886168122291565,0.6674791574478149,0.6568673849105835,0.33271896839141846,0.031749427318573,0.3347601890563965,-0.00015554803721312682,295
llama3_8b,truthfulqa,2,0b9a2d690eab6cd0,1,0.6630221605300903,0.8816835284233093,0.6968411207199097,0.5538100004196167,-0.033818960189819336,0.3278735280036926,0.001436021793340736,70
llama3_8b,truthfulqa,2,8e458ff3e51e3b76,1,0.69374680519104,0.6713899374008179,0.6842644214630127,0.6849393248558044,0.009482383728027344,-0.013549387454986572,-0.0008316288757003742,125
llama3_8b,truthfulqa,2,c6bcc653ff1ec8b9,0,0.8265020847320557,0.5841233730316162,0.8596364855766296,0.7405464053153992,-0.033134400844573975,-0.15642303228378296,-0.0002771632392779,248
llama3_8b,truthfulqa,2,21069fe60641ac1a,0,0.006628872361034155,0.5526303648948669,0.46996036171913147,0.8071502447128296,-0.4633314893580973,-0.25451987981796265,-0.000391001256904,201
llama3_8b,truthfulqa,2,16bd6d87305f1b98,0,0.26560840010643005,0.8916348218917847,0.5814160704612732,0.9070454239845276,-0.31580767035484314,-0.01541060209274292,-0.0005350347323994642,173
llama3_8b,truthfulqa,2,16f35a986f1aee62,0,0.7057483196258545,0.782663881778717,0.5918382406234741,0.27986279129981995,0.11391007900238037,0.5028010904788971,0.0020143987092990923,34
llama3_8b,truthfulqa,2,329fa18666725719,0,0.6995201110839844,0.9140536785125732,0.7117307782173157,0.9127589464187622,-0.012210667133331299,0.0012947320938110352,-0.0003290417597478501,227
llama3_8b,truthfulqa,2,590b74929cc94fcf,0,0.6360864043235779,0.1507626473903656,0.5542401671409607,0.19205600023269653,0.08184623718261719,-0.04129335284233093,0.002884534578473763,10
llama3_8b,truthfulqa,2,e27d8a24b6195c27,0,0.6900280117988586,0.8271990418434143,0.6365640163421631,0.6412162184715271,0.05346399545669556,0.1859828233718872,0.0014256532217096773,72
llama3_8b,truthfulqa,2,cd8f1aa24b30584f,1,0.6459148526191711,0.5474291443824768,0.6666324138641357,0.6820091009140015,-0.0207175612449646,-0.13457995653152466,-0.00047544951508049493,183
llama3_8b,truthfulqa,2,8aaab2af0a9b6759,0,0.7193537354469299,0.9443389773368835,0.6873921155929565,0.7566286325454712,0.03196161985397339,0.18771034479141235,0.0004514812617789077,190
llama3_8b,truthfulqa,2,d34ade1a4aef98f6,1,0.7071746587753296,0.8632292747497559,0.7384396195411682,0.45348942279815674,-0.03126496076583862,0.4097398519515991,0.0016571654802515767,55
llama3_8b,truthfulqa,2,dffcf27ab35c8ab1,0,0.6797991991043091,0.8636495471000671,0.6864046454429626,0.20478881895542145,-0.0066054463386535645,0.6588607281446457,-0.0026923466345766256,14
llama3_8b,truthfulqa,2,9ffdb03a36078699,1,0.6364600658416748,0.9013105630874634,0.6255412101745605,0.8944569230079651,0.010918855667114258,0.006853640079498291,-0.0007672810942279673,133
llama3_8b,truthfulqa,2,918dccc9a5a2071f,0,0.6160165071487427,0.8282314538955688,0.5486463308334351,0.08460967242717743,0.06737017631530762,0.7436217814683914,-0.0015449923907377983,65
llama3_8b,truthfulqa,2,dfe8b5fc506ff213,0,0.5920282006263733,0.3739181160926819,0.5404951572418213,0.1952132284641266,0.051533043384552,0.1787048876285553,0.001394563577257868,78
llama3_8b,truthfulqa,2,b3eae522a9150aeb,1,0.6367146372795105,0.5861372947692871,0.5824498534202576,0.2578105926513672,0.05426478385925293,0.3283267021179199,-0.0009709635079908074,110
llama3_8b,truthfulqa,2,95f02629c826519c,0,0.625478982925415,0.7885158061981201,0.6444138288497925,0.5083836317062378,-0.01893484592437744,0.2801321744918823,-0.0011109846077194674,94
llama3_8b,truthfulqa,2,6c44a44806a97cc4,1,0.692537248134613,0.9455844163894653,0.5594897270202637,0.09533996880054474,0.13304752111434937,0.8502444475889206,-0.0018946749182602862,38
llama3_8b,truthfulqa,2,13409c010ee8fae1,0,0.6064662337303162,0.6230064630508423,0.612671434879303,0.7372161149978638,-0.006205201148986816,-0.11420965194702148,-6.256913464974811e-05,313
llama3_8b,truthfulqa,2,6b379ef7efa1e456,0,0.6104093790054321,0.44610264897346497,0.572614848613739,0.3798241913318634,0.037794530391693115,0.06627845764160156,0.0008125075852389863,127
llama3_8b,truthfulqa,2,ca03258ee2552488,1,0.6441140174865723,0.8337981700897217,0.6413403153419495,0.7696001529693604,0.0027737021446228027,0.06419801712036133,-0.0003488418729878373,219
llama3_8b,truthfulqa,2,94d54c7ee46ecbcd,1,0.6891210079193115,0.8681610226631165,0.6533867120742798,0.028875181451439857,0.03573429584503174,0.8392858412116766,0.0024305950897509088,19
llama3_8b,truthfulqa,2,5e3ee6923aa8882e,1,0.7992587089538574,0.9269314408302307,0.7801939249038696,0.9283136129379272,0.019064784049987793,-0.0013821721076965332,-0.0010553251826854182,100
llama3_8b,truthfulqa,2,910c762cb343da12,0,0.7411709427833557,0.7162307500839233,0.7352969646453857,0.8482311964035034,0.005873978137969971,-0.13200044631958008,0.000160674812933137,291
llama3_8b,truthfulqa,2,ef8a834ccb1e662a,1,0.692650556564331,0.8878324031829834,0.6595597267150879,0.3936552107334137,0.033090829849243164,0.4941771924495697,0.0002693219981736439,252
llama3_8b,truthfulqa,2,4fefbd4360908a36,0,0.7189694046974182,0.7151768207550049,0.6675881743431091,0.7965248227119446,0.05138123035430908,-0.0813480019569397,0.0019008838361087022,37
llama3_8b,truthfulqa,2,d08f4b6046ac0000,1,0.5574379563331604,0.4757249057292938,0.39979034662246704,0.4513440430164337,0.15764760971069336,0.024380862712860107,-0.007026832165249464,1
llama3_8b,truthfulqa,2,895415ae91d77cd8,0,0.7458171844482422,0.941239595413208,0.7233150005340576,0.885130763053894,0.02250218391418457,0.056108832359313965,0.0003603622698780118,216
llama3_8b,truthfulqa,2,26cb0609cba69172,1,0.6264669895172119,0.7464622259140015,0.5951762199401855,0.43700921535491943,0.03129076957702637,0.30945301055908203,-0.00029731910668501227,242
llama3_8b,truthfulqa,2,e56883409c82540c,0,0.6237643957138062,0.8450962901115417,0.6148234605789185,0.8187176585197449,0.008940935134887695,0.026378631591796875,-5.8015391201260424e-05,315
llama3_8b,truthfulqa,2,e2c050a5e8496b1a,1,0.6285902857780457,0.8332374691963196,0.6302030682563782,0.483099102973938,-0.0016127824783325195,0.3501383662223816,0.0008644998123433778,124
llama3_8b,truthfulqa,2,951a20244b7d161b,0,0.6097483038902283,0.8163226246833801,0.6143785119056702,0.8364991545677185,-0.0046302080154418945,-0.02017652988433838,-0.00010341915926642686,302
llama3_8b,truthfulqa,2,079ef7db5cfc17dd,0,0.6498892307281494,0.6603745818138123,0.6340970993041992,0.29828423261642456,0.015792131423950195,0.3620903491973877,-0.0007904526447213289,131
llama3_8b,truthfulqa,2,9d62be0405110ecf,0,0.7040868997573853,0.8440176248550415,0.7534018158912659,0.9596560597419739,-0.049314916133880615,-0.11563843488693237,-0.00038665133901183424,202
llama3_8b,truthfulqa,2,0f2bb168efa83c85,1,0.6603031754493713,0.7740562558174133,0.6503220200538635,0.20530933141708374,0.009981155395507812,0.5687469244003296,0.0014165668674521181,75
llama3_8b,truthfulqa,2,fa46cda83df6cd5b,1,0.6060077548027039,0.26203498244285583,0.5654460787773132,0.047570548951625824,0.040561676025390625,0.21446443349123,-0.0009980994287609457,107
llama3_8b,truthfulqa,2,1437dca36cb6af4a,0,0.6768672466278076,0.4370861053466797,0.7225213646888733,0.920279860496521,-0.045654118061065674,-0.4831937551498413,-0.00030078442167075226,239
llama3_8b,truthfulqa,2,7e3033ae35717923,1,0.6725687980651855,0.8560944199562073,0.4810980260372162,0.032587144523859024,0.19147077202796936,0.8235072754323483,-0.0032573122808976507,7
llama3_8b,pavlick_nli,0,c6a1bc0f57a82e9c,0,0.600692629814148,0.947654664516449,0.5959873795509338,0.923114538192749,0.004705250263214111,0.02454012632369995,0.0013800664702948717,80
llama3_8b,pavlick_nli,0,7c7deb537a4889f2,1,0.6284359097480774,0.9161245822906494,0.6196783185005188,0.9066978693008423,0.008757591247558594,0.009426712989807129,-0.0003986462991508455,171
llama3_8b,pavlick_nli,0,dae47848c39dec8d,0,0.5872659087181091,0.906078577041626,0.5960347652435303,0.9060461521148682,-0.008768856525421143,3.24249267578125e-05,0.0012609424518793266,94
llama3_8b,pavlick_nli,0,3a3d729a1f79b382,1,0.5966291427612305,0.8346449136734009,0.6011723279953003,0.944459855556488,-0.004543185234069824,-0.10981494188308716,0.0012488024821228905,95
llama3_8b,pavlick_nli,0,baed211d028e19cb,0,0.6043922305107117,0.9406339526176453,0.5784081816673279,0.8526318073272705,0.02598404884338379,0.08800214529037476,0.01571063529771702,0
llama3_8b,pavlick_nli,0,724ccd63065b1bfc,1,0.5786747932434082,0.9432147145271301,0.5733833909034729,0.913216233253479,0.005291402339935303,0.029998481273651123,0.0007927381205073136,141
llama3_8b,pavlick_nli,0,d5d08248d9697f76,1,0.5736699104309082,0.9756883382797241,0.5587323904037476,0.9337711334228516,0.014937520027160645,0.04191720485687256,3.2017724975103024e-05,196
llama3_8b,pavlick_nli,0,a5a9f6835953d5e4,1,0.5866780281066895,0.9295747876167297,0.5832340121269226,0.947678804397583,0.0034440159797668457,-0.01810401678085327,0.00013739894818587395,185
llama3_8b,pavlick_nli,0,e3a61581576674da,0,0.5680133700370789,0.9170683026313782,0.5726146101951599,0.9208683967590332,-0.004601240158081055,-0.0038000941276550293,0.00137568110990402,82
llama3_8b,pavlick_nli,0,391ac33aa700f505,1,0.6106659770011902,0.9428489804267883,0.5908733010292053,0.9385790228843689,0.019792675971984863,0.004269957542419434,-0.0018339441121160982,47
llama3_8b,pavlick_nli,0,3e26cc5ae4d650e8,1,0.6148025393486023,0.9708476066589355,0.5992708802223206,0.9248769879341125,0.015531659126281738,0.045970618724823,0.00020275286169227358,180
llama3_8b,pavlick_nli,0,5ef50eb3b3a7ecc1,0,0.6301029324531555,0.9234893321990967,0.6271634697914124,0.8885738849639893,0.002939462661743164,0.03491544723510742,-0.0002846255480404847,176
llama3_8b,pavlick_nli,0,d05cc68530c86fd7,0,0.5864183306694031,0.9573783278465271,0.5908219218254089,0.9075775742530823,-0.004403591156005859,0.049800753593444824,-0.0031819150377775107,27
llama3_8b,pavlick_nli,0,a0a5148518d0bd11,1,0.5829780697822571,0.9364563226699829,0.5801455974578857,0.9172320365905762,0.002832472324371338,0.01922428607940674,0.00080271109080024,139
llama3_8b,pavlick_nli,0,77ab2d357062081e,1,0.5755521655082703,0.914635181427002,0.5716989040374756,0.9278656244277954,0.0038532614707946777,-0.013230443000793457,7.607545162882645e-05,192
llama3_8b,pavlick_nli,0,784948023d0ae61b,0,0.6035880446434021,0.9201374650001526,0.5979018211364746,0.898206353187561,0.00568622350692749,0.021931111812591553,0.0019497130880419822,39
llama3_8b,pavlick_nli,0,26abd819bbc9c64d,1,0.5888009071350098,0.9018797874450684,0.5785212516784668,0.9106212854385376,0.010279655456542969,-0.008741497993469238,-0.0012230633932111545,99
llama3_8b,pavlick_nli,0,04956bb497d3f283,1,0.614393949508667,0.9697360396385193,0.5933098793029785,0.9373680353164673,0.021084070205688477,0.032368004322052,-0.0010328573251720818,121
llama3_8b,pavlick_nli,0,eaf58a2014ae821f,0,0.5863355994224548,0.9475818872451782,0.5932482481002808,0.9059080481529236,-0.006912648677825928,0.04167383909225464,-0.0018369617851236308,46
llama3_8b,pavlick_nli,0,f6ec39c5f0e04ce3,0,0.6042495965957642,0.9608502388000488,0.595836341381073,0.7357085943222046,0.008413255214691162,0.22514164447784424,-0.003504071203745851,21
llama3_8b,pavlick_nli,0,c817bfd15e421350,1,0.5938451886177063,0.9054665565490723,0.5915491580963135,0.9020172357559204,0.0022960305213928223,0.0034493207931518555,0.0005748350174427375,157
llama3_8b,pavlick_nli,0,fde29d64db8ba431,1,0.6144589781761169,0.9364468455314636,0.6183441281318665,0.940493106842041,-0.0038851499557495117,-0.004046261310577393,0.00143522990813591,76
llama3_8b,pavlick_nli,0,f108a9990d0ba4c7,1,0.6209591031074524,0.945685863494873,0.6047929525375366,0.9183928966522217,0.01616615056991577,0.027292966842651367,-0.0009689397261220811,127
llama3_8b,pavlick_nli,0,30a64a4e73b2e55e,0,0.584750235080719,0.9536367654800415,0.5842347741127014,0.8971515893936157,0.0005154609680175781,0.05648517608642578,-0.0036315300576668375,18
llama3_8b,pavlick_nli,0,56dfa86755429e52,0,0.5702354907989502,0.9335054159164429,0.5702053308486938,0.9233828186988831,3.0159950256347656e-05,0.010122597217559814,0.0013051974989819193,89
llama3_8b,pavlick_nli,0,778239aaad2d4f3c,0,0.5719420909881592,0.9232661724090576,0.5726045370101929,0.9008028507232666,-0.0006624460220336914,0.022463321685791016,0.0006618981246894196,151
llama3_8b,pavlick_nli,0,5c2bb8ff5879868f,0,0.6320295333862305,0.9371665716171265,0.629250705242157,0.8654438853263855,0.0027788281440734863,0.07172268629074097,-0.00411761829824786,14
llama3_8b,pavlick_nli,0,b41226b42e8d8c69,1,0.5904085636138916,0.9706066250801086,0.5717370510101318,0.9233418107032776,0.018671512603759766,0.047264814376831055,-1.4973822890257393e-05,197
llama3_8b,pavlick_nli,0,f0f558e25ed39056,1,0.6126776933670044,0.962578296661377,0.6090346574783325,0.9343940615653992,0.003643035888671875,0.028184235095977783,0.0009783521786760618,126
llama3_8b,pavlick_nli,0,e63e509bf28c1abc,1,0.630922257900238,0.9603990316390991,0.6273245811462402,0.9338075518608093,0.0035976767539978027,0.026591479778289795,0.0009304640453554891,129
llama3_8b,pavlick_nli,0,0932f9d8114f0729,1,0.626604437828064,0.9735265374183655,0.605643093585968,0.9166813492774963,0.020961344242095947,0.05684518814086914,0.0008706995857238609,135
llama3_8b,pavlick_nli,0,c05a7920cb3da7e2,1,0.5825356841087341,0.9251146912574768,0.5759615302085876,0.9150941967964172,0.006574153900146484,0.01002049446105957,-4.056336481098044e-05,194
llama3_8b,pavlick_nli,0,9778d9bf1ee138b6,1,0.5867691040039062,0.9627172946929932,0.580061674118042,0.9181966185569763,0.006707429885864258,0.044520676136016846,0.0016461254216713905,61
llama3_8b,pavlick_nli,0,db300293af3121df,0,0.6015112400054932,0.8767310976982117,0.6145574450492859,0.8763721585273743,-0.013046205043792725,0.00035893917083740234,0.0012340845570010806,96
llama3_8b,pavlick_nli,0,2a8531a98a994bf0,1,0.6227675080299377,0.9811258912086487,0.6146265268325806,0.9421460032463074,0.008140981197357178,0.03897988796234131,0.0008236486453404301,137
llama3_8b,pavlick_nli,0,11d76956e54e3e91,0,0.5950067043304443,0.9247978329658508,0.5971293449401855,0.9095068573951721,-0.002122640609741211,0.015290975570678711,0.001054658770898137,118
llama3_8b,pavlick_nli,0,b8e5df4b5b6716ec,1,0.6184647083282471,0.9665801525115967,0.6048122644424438,0.9434217810630798,0.013652443885803223,0.023158371448516846,-0.0011049590117732933,111
llama3_8b,pavlick_nli,0,e1ccd9e7a5e986cc,0,0.5950827598571777,0.9219604730606079,0.5973081588745117,0.9180892109870911,-0.0022253990173339844,0.0038712620735168457,0.0015003816073728415,71
llama3_8b,pavlick_nli,0,330a2adfe06aaf1d,0,0.5964964032173157,0.9203294515609741,0.598082423210144,0.8607172966003418,-0.0015860199928283691,0.059612154960632324,-0.004270959485590781,12
llama3_8b,pavlick_nli,0,df55e38cdb09438e,0,0.591920793056488,0.9478062391281128,0.5951581597328186,0.9195759296417236,-0.0032373666763305664,0.02823030948638916,-8.381843316224158e-05,191
llama3_8b,pavlick_nli,0,8fe56004317da6b2,0,0.5589145421981812,0.9059797525405884,0.5669849514961243,0.9241588711738586,-0.008070409297943115,-0.018179118633270264,0.0017216077702672805,56
llama3_8b,pavlick_nli,0,f69c8ac1bafc01af,0,0.5859944224357605,0.9029962420463562,0.6025753617286682,0.9560942053794861,-0.016580939292907715,-0.05309796333312988,0.0017469148210353391,53
llama3_8b,pavlick_nli,0,58807f3d6392870c,1,0.6139091849327087,0.8931378722190857,0.5963887572288513,0.8717367053031921,0.017520427703857422,0.021401166915893555,-0.0012287728124906472,98
llama3_8b,pavlick_nli,0,55a12446a255dadb,0,0.5808365345001221,0.9662462472915649,0.5796149373054504,0.7669302225112915,0.0012215971946716309,0.19931602478027344,-0.005931201621263926,3
llama3_8b,pavlick_nli,0,94c549f29c52ea7a,1,0.5976837277412415,0.9357778429985046,0.5962064862251282,0.9182414412498474,0.0014772415161132812,0.017536401748657227,0.0010074634965615281,123
llama3_8b,pavlick_nli,0,df6dbc80305e36ac,1,0.6040142178535461,0.9573056697845459,0.612649142742157,0.9176734089851379,-0.00863492488861084,0.03963226079940796,0.003373715804261296,24
llama3_8b,pavlick_nli,0,d7d8d284b9d87432,1,0.6322268843650818,0.9637191295623779,0.6253576874732971,0.937848687171936,0.006869196891784668,0.025870442390441895,0.00042786272255443403,169
llama3_8b,pavlick_nli,0,518b6ea0735a0b8a,0,0.6060680150985718,0.9148719906806946,0.6129316091537476,0.9331169128417969,-0.006863594055175781,-0.018244922161102295,0.0017496527544218765,51
llama3_8b,pavlick_nli,0,dc33f9df13068e15,0,0.6011804938316345,0.9199260473251343,0.597672700881958,0.8536330461502075,0.0035077929496765137,0.06629300117492676,-0.003945514781090259,15
llama3_8b,pavlick_nli,0,de09de708271108b,0,0.5894696116447449,0.9122453331947327,0.5923165678977966,0.862018346786499,-0.002846956253051758,0.05022698640823364,-0.003090899064293773,29
llama3_8b,pavlick_nli,0,ea24c13278a49fc1,1,0.6033228635787964,0.9791791439056396,0.595339834690094,0.9422566890716553,0.007983028888702393,0.036922454833984375,0.0006873702349503297,150
llama3_8b,pavlick_nli,0,79b4860c4cca66c2,0,0.5896782875061035,0.9287792444229126,0.5918881893157959,0.9280732870101929,-0.002209901809692383,0.0007059574127197266,0.0015955617510293452,66
llama3_8b,pavlick_nli,0,f1aa856fe06b6da8,1,0.6124153733253479,0.9478890299797058,0.5998154282569885,0.8916053771972656,0.012599945068359375,0.056283652782440186,0.001034135980124723,120
llama3_8b,pavlick_nli,0,81db6b25ecfa83eb,1,0.6054841876029968,0.8863362073898315,0.5935146808624268,0.8528889417648315,0.011969506740570068,0.033447265625,-0.0005995685473182133,155
llama3_8b,pavlick_nli,0,e35a89533fcdb71c,1,0.6003583669662476,0.8555271029472351,0.5840273499488831,0.8678300976753235,0.016331017017364502,-0.012302994728088379,-0.0018233283198487438,49
llama3_8b,pavlick_nli,0,eae3716bf68c1f6d,1,0.6062300205230713,0.9547329545021057,0.6096755862236023,0.9080682992935181,-0.003445565700531006,0.046664655208587646,0.003343139438002546,26
llama3_8b,pavlick_nli,0,f69a46163410628f,1,0.594750165939331,0.9350746273994446,0.5974879264831543,0.9209529757499695,-0.002737760543823242,0.014121651649475098,0.0016095996039866,65
llama3_8b,pavlick_nli,0,e3802b087a859f1d,0,0.6027027368545532,0.9784367084503174,0.5845885276794434,0.8824470639228821,0.018114209175109863,0.0959896445274353,0.003942975433610468,16
llama3_8b,pavlick_nli,0,ccd2853de0950a31,1,0.5952635407447815,0.927829384803772,0.5881353616714478,0.9192370772361755,0.00712817907333374,0.008592307567596436,-0.00010481832850689488,188
llama3_8b,pavlick_nli,0,9890b488a50cb8ac,0,0.5818559527397156,0.9116537570953369,0.572104811668396,0.8094980120658875,0.00975114107131958,0.10215574502944946,-0.0013868094255804764,79
llama3_8b,pavlick_nli,0,784c7ce6ba764f16,0,0.5410906672477722,0.9221831560134888,0.5362005829811096,0.8553173542022705,0.004890084266662598,0.06686580181121826,-0.0033530173135933594,25
llama3_8b,pavlick_nli,0,059bd1ee2f27b99f,0,0.5925580263137817,0.9248223900794983,0.6026782393455505,0.9258068203926086,-0.010120213031768799,-0.0009844303131103516,0.0012340845570010806,97
llama3_8b,pavlick_nli,0,50f3bcab9c67ffb1,0,0.5836239457130432,0.9362098574638367,0.6034459471702576,0.9569677710533142,-0.019822001457214355,-0.02075791358947754,0.0016674587886579828,60
llama3_8b,pavlick_nli,0,3b0c0e1e70bc5b9e,1,0.5889101028442383,0.9495099782943726,0.5809089541435242,0.9085903167724609,0.008001148700714111,0.04091966152191162,0.001039212856276145,119
llama3_8b,pavlick_nli,0,6ffc4257d98400db,0,0.5817887187004089,0.9091706275939941,0.583645761013031,0.8556005954742432,-0.0018570423126220703,0.05357003211975098,-0.003479213209376969,22
llama3_8b,pavlick_nli,0,d36c6eea9dd379a4,1,0.5920208692550659,0.9446914196014404,0.5820385813713074,0.905902624130249,0.009982287883758545,0.038788795471191406,0.00016345251152502516,184
llama3_8b,pavlick_nli,0,5604ecaab7c1a0fc,1,0.5807047486305237,0.888596773147583,0.5741394758224487,0.8978021144866943,0.006565272808074951,-0.009205341339111328,-0.00026373442982410844,177
llama3_8b,pavlick_nli,0,1b712d3ecf3ad513,0,0.5726270079612732,0.9371400475502014,0.5702661275863647,0.8664190173149109,0.0023608803749084473,0.07072103023529053,-0.0041588877464753815,13
llama3_8b,pavlick_nli,0,62a7e1d4ba37b3c9,1,0.5778694748878479,0.8665542006492615,0.5804469585418701,0.8362981677055359,-0.002577483654022217,0.030256032943725586,0.0021821782055564953,36
llama3_8b,pavlick_nli,0,f4cb3ab783d305ce,0,0.616041362285614,0.9750583171844482,0.6044888496398926,0.9466432332992554,0.011552512645721436,0.02841508388519287,0.003478436698167081,23
llama3_8b,pavlick_nli,0,a784663e86455713,0,0.5717896223068237,0.899006187915802,0.5786851644515991,0.8361759781837463,-0.006895542144775391,0.06283020973205566,-0.004738247978002458,7
llama3_8b,pavlick_nli,0,2f96e5ea05f2bd4b,0,0.5893506407737732,0.8926929235458374,0.600779116153717,0.9072794914245605,-0.011428475379943848,-0.014586567878723145,0.0016124324535610746,63
llama3_8b,pavlick_nli,0,e87d1915ecf77de5,1,0.5986769199371338,0.9550633430480957,0.5920121669769287,0.92650306224823,0.006664752960205078,0.028560280799865723,0.0006208961254720868,153
llama3_8b,pavlick_nli,0,6d81586cc133706a,1,0.6141172051429749,0.9687368869781494,0.593550443649292,0.9070292711257935,0.02056676149368286,0.06170761585235596,0.001221195113884438,100
llama3_8b,pavlick_nli,0,43ff0f2f6390288c,1,0.5948622226715088,0.9409059286117554,0.5900962352752686,0.9482513666152954,0.004765987396240234,-0.007345438003540039,-4.515290604145683e-05,193
llama3_8b,pavlick_nli,0,d4449f1dc9cf836b,1,0.5771761536598206,0.8796157836914062,0.5736672878265381,0.8939077258110046,0.0035088658332824707,-0.014291942119598389,0.0001209970634162838,186
llama3_8b,pavlick_nli,0,4d88fecdad79a1af,0,0.5774579644203186,0.943787157535553,0.5845053791999817,0.7846949696540833,-0.007047414779663086,0.15909218788146973,-0.004766292962157054,5
llama3_8b,pavlick_nli,0,c56127ff7475c40d,1,0.6141574382781982,0.9630413055419922,0.6088851690292358,0.9402125477790833,0.005272269248962402,0.022828757762908936,0.0005102555432410505,162
llama3_8b,pavlick_nli,0,4392dbc8fe845ca2,1,0.5880829095840454,0.9627726674079895,0.5646383762359619,0.9373021721839905,0.023444533348083496,0.025470495223999023,-0.0013327687206734218,85
llama3_8b,pavlick_nli,0,adf6c523fc641637,1,0.5898864269256592,0.9734851121902466,0.5958304405212402,0.9578914046287537,-0.005944013595581055,0.01559370756149292,0.002014026683538117,38
llama3_8b,pavlick_nli,0,0cabba62df67c641,0,0.5725829601287842,0.9556296467781067,0.575946033000946,0.8513326048851013,-0.0033630728721618652,0.10429704189300537,-0.004588713023794544,9
llama3_8b,pavlick_nli,0,aa6e961d38618544,1,0.6123014688491821,0.9460792541503906,0.5962178707122803,0.89525306224823,0.016083598136901855,0.050826191902160645,0.0007595493443304513,143
llama3_8b,pavlick_nli,0,9c41a9cf5ce182a5,1,0.5898780226707458,0.9616395831108093,0.5825486183166504,0.9151281714439392,0.007329404354095459,0.04651141166687012,0.001581870457975476,69
llama3_8b,pavlick_nli,0,a8bcd43088b28789,1,0.6158714294433594,0.9291264414787292,0.6088809967041016,0.9222526550292969,0.0069904327392578125,0.006873786449432373,-0.00010481832850689488,189
llama3_8b,pavlick_nli,0,586a0cb3c53142e4,1,0.6345365643501282,0.9698226451873779,0.617245078086853,0.9382398724555969,0.017291486263275146,0.031582772731781006,-0.000715598441923343,148
llama3_8b,pavlick_nli,0,79bc04f19e1106be,0,0.6066277027130127,0.959907054901123,0.6000581979751587,0.8687907457351685,0.006569504737854004,0.09111630916595459,-0.0029639502157418063,31
llama3_8b,pavlick_nli,0,42c2f81a3b144496,0,0.5822986364364624,0.9296474456787109,0.5825895667076111,0.8996050953865051,-0.00029093027114868164,0.03004235029220581,-0.00011776215851236338,187
llama3_8b,pavlick_nli,0,b539c7fe2dc2b5b3,0,0.5688019394874573,0.8896707892417908,0.5769541263580322,0.8616764545440674,-0.008152186870574951,0.02799433469772339,-0.00021305416074404726,179
llama3_8b,pavlick_nli,0,6fbe73dbcae59ae8,1,0.5997526049613953,0.975094199180603,0.5871309638023376,0.9466842412948608,0.012621641159057617,0.028409957885742188,-0.0008722425338401896,134
llama3_8b,pavlick_nli,0,a3eec9dcb53e3a0f,1,0.6112439036369324,0.9655671119689941,0.5947816967964172,0.9150590300559998,0.016462206840515137,0.050508081912994385,0.0007595493443304513,144
llama3_8b,pavlick_nli,0,460f8ffe83d34cb3,1,0.5954635143280029,0.9429053664207458,0.5780726671218872,0.8931791186332703,0.017390847206115723,0.049726247787475586,0.0005206390003557326,161
llama3_8b,pavlick_nli,0,ef56a1cb5fd3e700,1,0.6011948585510254,0.9213916063308716,0.5943693518638611,0.9278640747070312,0.006825506687164307,-0.006472468376159668,-0.0003227593383355043,173
llama3_8b,pavlick_nli,0,ca16537c73290733,1,0.6182190775871277,0.9541345834732056,0.5935942530632019,0.8961968421936035,0.02462482452392578,0.05793774127960205,0.0008706995857238609,136
llama3_8b,pavlick_nli,0,9a940246127bf5f5,1,0.5987755656242371,0.9784470200538635,0.5815613269805908,0.9266397356987,0.01721423864364624,0.051807284355163574,0.00089313203201416,131
llama3_8b,pavlick_nli,0,180492ee3b1f6678,0,0.5892990231513977,0.9121140837669373,0.5928232669830322,0.9072602987289429,-0.0035242438316345215,0.004853785037994385,0.001307329462905904,88
llama3_8b,pavlick_nli,0,3c6e949df3166ee3,0,0.6024283766746521,0.9404482841491699,0.5911684036254883,0.8631108999252319,0.011259973049163818,0.07733738422393799,-0.0010899781176334777,113
llama3_8b,pavlick_nli,0,c76123dd61b48009,1,0.6032058596611023,0.9806027412414551,0.5939521193504333,0.9264014959335327,0.009253740310668945,0.05420124530792236,0.0020362101609774086,37
llama3_8b,pavlick_nli,0,ce774672a0c8c1c9,1,0.59758061170578,0.8961795568466187,0.5904044508934021,0.9269336462020874,0.00717616081237793,-0.03075408935546875,-0.0006068207482590737,154
llama3_8b,pavlick_nli,0,7fce4559ae1c0d75,0,0.5821569561958313,0.95257169008255,0.5724691152572632,0.9174622297286987,0.009687840938568115,0.03510946035385132,0.002300067144682977,35
llama3_8b,pavlick_nli,0,1bf1869651839910,0,0.5452978610992432,0.9413890242576599,0.5482659935951233,0.9657886028289795,-0.002968132495880127,-0.02439957857131958,0.0018711427244752221,42
llama3_8b,pavlick_nli,0,15750d22a3187e9b,1,0.58254075050354,0.9474613070487976,0.5865716338157654,0.9461339712142944,-0.004030883312225342,0.0013273358345031738,0.0015921719960903247,67
llama3_8b,pavlick_nli,0,b26594a7698cc3f6,1,0.579738438129425,0.8797220587730408,0.5716906189918518,0.9144003391265869,0.008047819137573242,-0.03467828035354614,-0.0007932890139362991,140
llama3_8b,pavlick_nli,0,f946dfe139dcedba,0,0.5707992911338806,0.9259718060493469,0.5822230577468872,0.5469215512275696,-0.011423766613006592,0.37905025482177734,-0.0065403802119279875,2
llama3_8b,pavlick_nli,0,01d96a03b5bd2c7c,1,0.6301862001419067,0.9770671725273132,0.6078330874443054,0.9460116028785706,0.02235311269760132,0.031055569648742676,-0.0010048123410175136,124
llama3_8b,pavlick_nli,0,3f061518a82bcf41,1,0.5734043717384338,0.9667192101478577,0.5462163090705872,0.9182927012443542,0.02718806266784668,0.04842650890350342,-0.005063070970715372,4
llama3_8b,pavlick_nli,0,8dc81205554b496f,1,0.5994699001312256,0.9836090207099915,0.5970331430435181,0.9478509426116943,0.0024367570877075195,0.03575807809829712,0.0016378091020506635,62
llama3_8b,pavlick_nli,0,0440655ffddff21d,1,0.5643607974052429,0.9612998366355896,0.5609365701675415,0.9385097026824951,0.003424227237701416,0.022790133953094482,0.000883506737856754,133
llama3_8b,pavlick_nli,0,01cfcab1b7b29ac5,0,0.5644497871398926,0.9277591109275818,0.5536737442016602,0.8599258661270142,0.010776042938232422,0.06783324480056763,-0.0010619331334788817,117
llama3_8b,pavlick_nli,0,ab9d7197229659ec,0,0.5777830481529236,0.9486424922943115,0.5676002502441406,0.8825637102127075,0.010182797908782959,0.066078782081604,-0.001262988174784735,93
llama3_8b,pavlick_nli,0,2c3e7359df5d8d08,0,0.5746253132820129,0.9280885457992554,0.5857819318771362,0.927124559879303,-0.011156618595123291,0.0009639859199523926,0.0012061936661660888,101
llama3_8b,pavlick_nli,0,dce4b6a8ac431455,1,0.6214871406555176,0.9633239507675171,0.6000055074691772,0.9299330711364746,0.021481633186340332,0.03339087963104248,-0.0008887824464123839,132
llama3_8b,pavlick_nli,0,afee6844cc3061d7,1,0.5961706042289734,0.9389782547950745,0.581647515296936,0.9070530533790588,0.014523088932037354,0.031925201416015625,-0.0006875534577687747,149
llama3_8b,pavlick_nli,0,bca18ad1668e3c86,1,0.6095550060272217,0.9387252926826477,0.6050302386283875,0.9476531744003296,0.0045247673988342285,-0.008927881717681885,8.49276623821893e-05,190
llama3_8b,pavlick_nli,0,50efe3706b2e29ad,0,0.5950481295585632,0.9775570631027222,0.598836362361908,0.9385904669761658,-0.0037882328033447266,0.038966596126556396,-0.0013488151100990442,83
llama3_8b,pavlick_nli,0,0b8634d647ad11c3,1,0.6094987988471985,0.9320400357246399,0.6044672131538391,0.9346162676811218,0.005031585693359375,-0.0025762319564819336,-3.922415233428844e-05,195
llama3_8b,pavlick_nli,0,062774a672fb478f,0,0.5913697481155396,0.9268715381622314,0.5947045087814331,0.9097118973731995,-0.0033347606658935547,0.017159640789031982,0.0007470060953062296,145
llama3_8b,pavlick_nli,0,d66e20f435b28c8e,1,0.5924331545829773,0.9450581073760986,0.576829731464386,0.929247260093689,0.015603423118591309,0.015810847282409668,-0.0012773499327433657,91
llama3_8b,pavlick_nli,0,6ebc2005f89ebe57,0,0.5926792621612549,0.8983747959136963,0.5923455357551575,0.8583433032035828,0.0003337264060974121,0.040031492710113525,-0.0011602957818265536,105
llama3_8b,pavlick_nli,0,26944da3c9624374,0,0.6145022511482239,0.9614341259002686,0.6052691340446472,0.9306342601776123,0.00923311710357666,0.03079986572265625,0.00252422353666365,34
llama3_8b,pavlick_nli,0,1095f08758e5dc38,1,0.607852578163147,0.9654974937438965,0.5857197642326355,0.9218509793281555,0.022132813930511475,0.04364651441574097,-0.00017398072933266784,182
llama3_8b,pavlick_nli,0,c85ae66323c2fb5c,0,0.6076666712760925,0.9656680226325989,0.5983577966690063,0.9266667366027832,0.009308874607086182,0.039001286029815674,0.0016922416734604373,58
llama3_8b,pavlick_nli,0,f474d95b9c412b28,0,0.5992853045463562,0.9610351324081421,0.5932706594467163,0.8878301978111267,0.006014645099639893,0.07320493459701538,-0.00305193512619234,30
llama3_8b,pavlick_nli,0,2e0b10b4f96d603a,1,0.5812194347381592,0.960874617099762,0.5675527453422546,0.934929609298706,0.013666689395904541,0.025945007801055908,-0.0009874648532701147,125
llama3_8b,pavlick_nli,0,0c5a982a1b3712b5,0,0.5895321369171143,0.9273563623428345,0.5842859745025635,0.9050514101982117,0.005246162414550781,0.022304952144622803,0.0018139989287358216,50
llama3_8b,pavlick_nli,0,ff819b50dd1ea67d,0,0.5940372347831726,0.9384909272193909,0.5864658951759338,0.8891443014144897,0.0075713396072387695,0.04934662580490112,-0.0004369803380790682,167
llama3_8b,pavlick_nli,0,8d691cc3370a92cd,0,0.601757824420929,0.9079629778862,0.6115044951438904,0.9042183756828308,-0.009746670722961426,0.0037446022033691406,0.001165762308222823,104
llama3_8b,pavlick_nli,0,92424f5e6e4bf343,1,0.6231611967086792,0.8893536925315857,0.6156647205352783,0.8859885931015015,0.007496476173400879,0.0033650994300842285,-0.00017398224576786747,181
llama3_8b,pavlick_nli,0,774d263dc3727e25,1,0.5984918475151062,0.9084627032279968,0.5825698971748352,0.9352148175239563,0.015921950340270996,-0.026752114295959473,-0.0019313167000109543,41
llama3_8b,pavlick_nli,0,a8e05a7ab6d01194,0,0.5880817770957947,0.94053053855896,0.5845637321472168,0.8936209678649902,0.003518044948577881,0.04690957069396973,-0.0018641326927940627,44
llama3_8b,pavlick_nli,0,55c6f26afa93f342,0,0.5659880638122559,0.9473869800567627,0.5728427767753601,0.9752306938171387,-0.006854712963104248,-0.027843713760375977,0.001748324307804111,52
llama3_8b,pavlick_nli,0,f9b29409be847623,1,0.6009269952774048,0.9112347364425659,0.585772693157196,0.9151559472084045,0.01515430212020874,-0.003921210765838623,-0.001738086914160053,55
llama3_8b,pavlick_nli,0,a194eaa50a1fe726,1,0.5565292835235596,0.7408074140548706,0.5665871500968933,0.8621723651885986,-0.01005786657333374,-0.12136495113372803,0.0015868255563534772,68
llama3_8b,pavlick_nli,0,37ade357f510f582,1,0.5576422214508057,0.9313566088676453,0.5497788190841675,0.8879835605621338,0.007863402366638184,0.043373048305511475,0.0013078825003674799,87
llama3_8b,pavlick_nli,0,238b4f0a76ccd82b,1,0.6044917106628418,0.94942307472229,0.5907282829284668,0.910938560962677,0.013763427734375,0.03848451375961304,-0.0004491891273465387,165
llama3_8b,pavlick_nli,0,2897c9547c7b6422,1,0.6015820503234863,0.9484414458274841,0.58278489112854,0.8988628387451172,0.01879715919494629,0.04957860708236694,0.00023142510126156202,178
llama3_8b,pavlick_nli,0,fc0b0c259a560f8b,1,0.5827243328094482,0.9483045935630798,0.5832673907279968,0.9254501461982727,-0.000543057918548584,0.02285444736480713,0.0014786245787868635,72
llama3_8b,pavlick_nli,0,259cd65b63e94803,0,0.5902469158172607,0.9493653178215027,0.5901605486869812,0.8685771226882935,8.636713027954102e-05,0.08078819513320923,-0.0043169506676863645,11
llama3_8b,pavlick_nli,0,1ec0acb67c0e5fc2,1,0.5985909700393677,0.9665379524230957,0.5819314122200012,0.9430463910102844,0.016659557819366455,0.02349156141281128,-0.001076914027618725,115
llama3_8b,pavlick_nli,0,8ed05ddb30f7639a,1,0.5985896587371826,0.9351586103439331,0.601345419883728,0.9255043268203735,-0.00275576114654541,0.00965428352355957,0.0014397972505774126,75
llama3_8b,pavlick_nli,0,51afae6fb8628e36,1,0.5868003368377686,0.8914875984191895,0.5873273611068726,0.9522370100021362,-0.0005270242691040039,-0.06074941158294678,0.0005714795649251758,158
llama3_8b,pavlick_nli,0,a766cf520f6f9dba,1,0.6191756725311279,0.9114707708358765,0.6260883212089539,0.921474277973175,-0.006912648677825928,-0.010003507137298584,0.0016958869658694198,57
llama3_8b,pavlick_nli,0,233320d074fee76e,0,0.5806355476379395,0.9189516305923462,0.5826069116592407,0.9071848392486572,-0.0019713640213012695,0.011766791343688965,0.001135138432775601,110
llama3_8b,pavlick_nli,0,90b4729f2fa4e26e,1,0.611869752407074,0.9578890204429626,0.6082125902175903,0.7793519496917725,0.0036571621894836426,0.17853707075119019,0.013669134524972287,1
llama3_8b,pavlick_nli,0,063203d11c1dd933,0,0.5831444263458252,0.9279814958572388,0.5860388278961182,0.9026401042938232,-0.0028944015502929688,0.025341391563415527,0.00016812314463279798,183
llama3_8b,pavlick_nli,0,a57f5da91fc827d6,1,0.6142414212226868,0.9718113541603088,0.5884820818901062,0.9292060136795044,0.025759339332580566,0.04260534048080444,-0.00028524115827363583,175
llama3_8b,pavlick_nli,0,0bf28f4317184eb4,0,0.6090698838233948,0.9782794117927551,0.604312002658844,0.9298223853111267,0.004757881164550781,0.04845702648162842,-0.0016788306976619483,59
llama3_8b,pavlick_nli,0,3851d60a3758f8b4,1,0.6022126078605652,0.954437255859375,0.5956398844718933,0.9258873462677002,0.006572723388671875,0.028549909591674805,0.0006208961254720868,152
llama3_8b,pavlick_nli,0,9e399d4a2b8edc29,0,0.5878989696502686,0.9642701148986816,0.5858500003814697,0.9128801226615906,0.002048969268798828,0.051389992237091064,-0.0031105972967305495,28
llama3_8b,pavlick_nli,0,4fcaef9420990fe3,0,0.5756592750549316,0.9382217526435852,0.5758503079414368,0.9052848815917969,-0.00019103288650512695,0.03293687105178833,-0.00047821651492693795,164
llama3_8b,pavlick_nli,0,770f59f538ba0625,0,0.6059401035308838,0.9701460003852844,0.6126739382743835,0.9373317956924438,-0.006733834743499756,0.032814204692840576,-0.0008995138252430313,130
llama3_8b,pavlick_nli,0,e9967612a82c1afd,0,0.6004499197006226,0.9194347262382507,0.5897272229194641,0.8932186961174011,0.010722696781158447,0.02621603012084961,0.003557702580489014,20
llama3_8b,pavlick_nli,0,95cf83b37b66affa,1,0.5753782391548157,0.9723791480064392,0.5711280107498169,0.9522752165794373,0.004250228404998779,0.020103931427001953,0.0005942417640515674,156
llama3_8b,pavlick_nli,0,b242e6c87e6db113,1,0.607908308506012,0.9750180840492249,0.6019989848136902,0.945834219455719,0.005909323692321777,0.02918386459350586,0.0007369563388371914,147
llama3_8b,pavlick_nli,0,d1c820d6a297f414,1,0.6049523949623108,0.9502456784248352,0.6008883714675903,0.9178102016448975,0.004064023494720459,0.032435476779937744,0.0011557603453996312,106
llama3_8b,pavlick_nli,0,64c34b71fad6133c,1,0.5954402685165405,0.9236565232276917,0.5793173313140869,0.9401204586029053,0.016122937202453613,-0.016463935375213623,-0.0018510668014441733,45
llama3_8b,pavlick_nli,0,b70b83cc1502fda4,1,0.5790778398513794,0.914763867855072,0.578033447265625,0.9290322661399841,0.0010443925857543945,-0.01426839828491211,0.00042421294405639576,170
llama3_8b,pavlick_nli,0,8797b91b6ed71915,1,0.5904402732849121,0.9377561807632446,0.584975004196167,0.900666356086731,0.005465269088745117,0.03708982467651367,0.0011379804435132368,107
llama3_8b,pavlick_nli,0,ad050343c1812fff,1,0.5981354713439941,0.9514795541763306,0.584976851940155,0.9214940071105957,0.013158619403839111,0.029985547065734863,-0.0008224764345070301,138
llama3_8b,pavlick_nli,0,310eb2f3cef7d3d0,0,0.6020088195800781,0.9613626599311829,0.590674877166748,0.8350372910499573,0.011333942413330078,0.12632536888122559,-0.0010899781176334777,112
llama3_8b,pavlick_nli,0,716f5286d11a955d,1,0.6050198078155518,0.9457381367683411,0.5943660140037537,0.8947944641113281,0.010653793811798096,0.05094367265701294,0.001302617849433918,90
llama3_8b,pavlick_nli,0,9e02149046798b7b,0,0.5788432955741882,0.9361958503723145,0.5854417681694031,0.7812448740005493,-0.006598472595214844,0.15495097637176514,-0.004766292962157054,6
llama3_8b,pavlick_nli,0,b3484fc70c3de48c,1,0.6029347777366638,0.9699192047119141,0.596435546875,0.9287641048431396,0.006499230861663818,0.041155099868774414,0.001377005978315221,81
llama3_8b,pavlick_nli,0,b338b6c9eb601ab0,1,0.5904271602630615,0.8886982202529907,0.5807541012763977,0.8721316456794739,0.009673058986663818,0.016566574573516846,-0.00047841216848937274,163
llama3_8b,pavlick_nli,0,b09fd75abba09aba,1,0.6101651787757874,0.9732279181480408,0.6107713580131531,0.9258237481117249,-0.0006061792373657227,0.04740417003631592,0.002885868650918638,32
llama3_8b,pavlick_nli,0,2d0998c11e6f0d8a,1,0.623954176902771,0.9621343016624451,0.6144330501556396,0.9421301484107971,0.009521126747131348,0.02000415325164795,-0.00031273493895961346,174
llama3_8b,pavlick_nli,0,9ea7cd2cee11d241,0,0.5498518943786621,0.9425902366638184,0.5496517419815063,0.8535880446434021,0.00020015239715576172,0.08900219202041626,-0.0043449956518409605,10
llama3_8b,pavlick_nli,0,049294fd109af673,0,0.5959352850914001,0.9366763234138489,0.5981398224830627,0.9478675723075867,-0.0022045373916625977,-0.011191248893737793,0.0018333696628900775,48
llama3_8b,pavlick_nli,0,a0921ab77c4f99a5,0,0.5840387940406799,0.920216977596283,0.5845335721969604,0.9029338359832764,-0.0004947781562805176,0.017283141613006592,0.0010187684514143813,122
llama3_8b,pavlick_nli,0,2fbd8a108269911c,0,0.5573253035545349,0.937466561794281,0.5628106594085693,0.894794762134552,-0.005485355854034424,0.042671799659729004,-0.0019423572193283667,40
llama3_8b,pavlick_nli,0,d7f359a5c7fca571,1,0.5732212662696838,0.9094865322113037,0.5687705874443054,0.8968197703361511,0.004450678825378418,0.012666761875152588,0.0004448350129784562,166
llama3_8b,pavlick_nli,0,a0fdca7344beeaa4,1,0.5677174925804138,0.942420244216919,0.5634296536445618,0.9356905221939087,0.004287838935852051,0.006729722023010254,0.00033907865175211716,172
llama3_8b,pavlick_nli,0,5919208e60738123,1,0.6046701669692993,0.9521568417549133,0.6009075045585632,0.9112362861633301,0.003762662410736084,0.04092055559158325,0.0017459672971476825,54
llama3_8b,pavlick_nli,0,5efdf39a8bb9c45f,0,0.6074661016464233,0.9625928997993469,0.5997951626777649,0.9237908720970154,0.007670938968658447,0.03880202770233154,0.0011357430729155016,108
llama3_8b,pavlick_nli,0,76fcb7ba89933222,1,0.5891868472099304,0.925834059715271,0.5778001546859741,0.9026829600334167,0.011386692523956299,0.023151099681854248,-0.0009615471609828175,128
llama3_8b,pavlick_nli,0,4792e6b081b9386a,1,0.6136766672134399,0.9641639590263367,0.6013466119766235,0.9454165101051331,0.012330055236816406,0.018747448921203613,-0.001200727828336079,102
llama3_8b,pavlick_nli,0,22ed32f77790bf54,1,0.5772533416748047,0.8863138556480408,0.5762009024620056,0.8799262046813965,0.0010524392127990723,0.006387650966644287,0.0007916503232696381,142
llama3_8b,pavlick_nli,0,8fe960c85a96ce97,1,0.5956125855445862,0.9524171352386475,0.5708554983139038,0.9287495613098145,0.024757087230682373,0.023667573928833008,-0.0013941729108674639,78
llama3_8b,pavlick_nli,0,935518d8cc496f68,1,0.5903070569038391,0.9477561712265015,0.5830572247505188,0.9035481810569763,0.0072498321533203125,0.044207990169525146,0.0016099154421300166,64
llama3_8b,pavlick_nli,0,083e2f0f2626385b,0,0.583993136882782,0.9818952083587646,0.5744527578353882,0.8504316806793213,0.009540379047393799,0.13146352767944336,-0.00144940983663977,74
llama3_8b,pavlick_nli,0,abcefaf017b1e3e6,1,0.5790171027183533,0.9535859823226929,0.5750106573104858,0.9177539348602295,0.004006445407867432,0.03583204746246338,0.0014221696599764633,77
llama3_8b,pavlick_nli,0,8ccd3b4f69dfa1f3,0,0.5878497362136841,0.927437424659729,0.5882341265678406,0.8878999352455139,-0.00038439035415649414,0.03953748941421509,-0.0010877794656554418,114
llama3_8b,pavlick_nli,0,3ac459e03588f618,1,0.6098334193229675,0.9159263372421265,0.5981916785240173,0.9072191715240479,0.011641740798950195,0.008707165718078613,-0.0014558909406355292,73
llama3_8b,pavlick_nli,0,989dd28b0a27002c,0,0.5998094081878662,0.9565477967262268,0.5923048853874207,0.9127542972564697,0.007504522800445557,0.04379349946975708,0.000433281233313515,168
llama3_8b,pavlick_nli,0,68a718d6dbd63111,1,0.603010892868042,0.9711158871650696,0.6002061367034912,0.9618086218833923,0.0028047561645507812,0.009307265281677246,0.0005475479785007897,159
llama3_8b,pavlick_nli,0,e1b54b0f406e0937,0,0.585175633430481,0.9374089241027832,0.5830053091049194,0.8955835103988647,0.0021703243255615234,0.04182541370391846,-0.0012701657064977667,92
llama3_8b,pavlick_nli,0,c9d07db99214446c,1,0.6202341318130493,0.9523240923881531,0.5962101221084595,0.8935390710830688,0.024024009704589844,0.05878502130508423,0.0010679493076110602,116
llama3_8b,pavlick_nli,0,cb9d6b9d398c4e49,1,0.5866913795471191,0.942168116569519,0.5743994116783142,0.9224167466163635,0.012291967868804932,0.019751369953155518,-0.001200727828336079,103
llama3_8b,pavlick_nli,0,054e07d3ca829333,0,0.6020371913909912,0.9065935015678406,0.5978671908378601,0.7765211462974548,0.0041700005531311035,0.13007235527038574,-0.003602931606891596,19
llama3_8b,pavlick_nli,0,0be1fdef6d4034ae,0,0.5846422910690308,0.9505585432052612,0.5852903127670288,0.9606170654296875,-0.0006480216979980469,-0.01005852222442627,0.001868137759684474,43
llama3_8b,pavlick_nli,0,e440fc4416e30681,1,0.6218963861465454,0.9676334261894226,0.6133235692977905,0.9213469624519348,0.008572816848754883,0.04628646373748779,0.001316087471486066,86
llama3_8b,pavlick_nli,0,5bd974823ae8ac3a,0,0.5808435678482056,0.9092519283294678,0.5853084921836853,0.7975420951843262,-0.004464924335479736,0.1117098331451416,-0.004707773981432878,8
llama3_8b,pavlick_nli,0,ee6f953efaf63463,1,0.5878801941871643,0.9330664873123169,0.5889162421226501,0.9161139726638794,-0.0010360479354858398,0.0169525146484375,0.001348447537462133,84
llama3_8b,pavlick_nli,0,542c399bf8027d05,0,0.5823600888252258,0.8828991651535034,0.5942490100860596,0.8697087168693542,-0.01188892126083374,0.01319044828414917,0.0007380678522642126,146
llama3_8b,pavlick_nli,0,d41fd3c00f4c6bf1,0,0.6009140610694885,0.937099277973175,0.5981916189193726,0.8783311247825623,0.002722442150115967,0.05876815319061279,-0.0037826186343937196,17
llama3_8b,pavlick_nli,0,1f55b293eca8e2f0,1,0.579147458076477,0.9452506303787231,0.5814570784568787,0.9318439960479736,-0.0023096203804016113,0.013406634330749512,0.001581554619832004,70
llama3_8b,pavlick_nli,0,1215c7bc14a95d83,0,0.5551115274429321,0.9401324987411499,0.5568836331367493,0.9298642873764038,-0.0017721056938171387,0.010268211364746094,0.001135138432775601,109
llama3_8b,pavlick_nli,0,443f23e17940405d,1,0.6124605536460876,0.9381214380264282,0.5983279943466187,0.903184175491333,0.014132559299468994,0.034937262535095215,-0.0005391382838423053,160
llama3_8b,pavlick_nli,0,d11f0bdf4ff71e52,0,0.5915658473968506,0.9727531671524048,0.5846772193908691,0.8730887770652771,0.006888628005981445,0.09966439008712769,-0.002566572939598555,33
llama3_8b,pavlick_nli,1,1509f0eb1feb8fb4,1,0.5768768191337585,0.9726979732513428,0.5692458152770996,0.9215011596679688,0.0076310038566589355,0.05119681358337402,0.002162991224223587,50
llama3_8b,pavlick_nli,1,dae47848c39dec8d,0,0.5872659087181091,0.906078577041626,0.5960347652435303,0.9060461521148682,-0.008768856525421143,3.24249267578125e-05,0.0007288724888386278,131
llama3_8b,pavlick_nli,1,d61f389aa9f8cfbd,1,0.5988420248031616,0.9417405724525452,0.5877233147621155,0.9131068587303162,0.011118710041046143,0.028633713722229004,2.9832798199791455e-05,196
llama3_8b,pavlick_nli,1,a18ed7f7f1ceab9d,1,0.5893979072570801,0.9386602640151978,0.5796757340431213,0.9398978352546692,0.00972217321395874,-0.0012375712394714355,-0.00102633876066488,107
llama3_8b,pavlick_nli,1,f0a72547649c87e5,1,0.6084322333335876,0.9619771838188171,0.6050156354904175,0.9319990277290344,0.003416597843170166,0.029978156089782715,0.0013422491360251532,68
llama3_8b,pavlick_nli,1,3a3d729a1f79b382,1,0.5966291427612305,0.8346449136734009,0.6011723279953003,0.944459855556488,-0.004543185234069824,-0.10981494188308716,0.0005499233012520865,150
llama3_8b,pavlick_nli,1,c0830877a00bdbf6,0,0.6282594799995422,0.9208008050918579,0.6170448660850525,0.8973261117935181,0.011214613914489746,0.023474693298339844,0.0035441682191649504,25
llama3_8b,pavlick_nli,1,baed211d028e19cb,0,0.6043922305107117,0.9406339526176453,0.5784081816673279,0.8526318073272705,0.02598404884338379,0.08800214529037476,0.013323884355543353,1
llama3_8b,pavlick_nli,1,92f1642e54f93cc0,0,0.5696418881416321,0.8475094437599182,0.5742650628089905,0.8650929927825928,-0.0046231746673583984,-0.01758354902267456,0.001140862729743397,98
llama3_8b,pavlick_nli,1,724ccd63065b1bfc,1,0.5786747932434082,0.9432147145271301,0.5733833909034729,0.913216233253479,0.005291402339935303,0.029998481273651123,0.001028919230870673,106
llama3_8b,pavlick_nli,1,5187ba8bdf520c09,1,0.6056748032569885,0.9404408931732178,0.5988118052482605,0.9152712821960449,0.006862998008728027,0.02516961097717285,0.0004527537997847664,161
llama3_8b,pavlick_nli,1,1c73cc87b48f2612,1,0.6287099719047546,0.9388561248779297,0.6080031394958496,0.8958553075790405,0.02070683240890503,0.04300081729888916,-0.0002336621957274576,180
llama3_8b,pavlick_nli,1,4b10cedc0929274d,0,0.5513813495635986,0.9266629219055176,0.552065908908844,0.9393854737281799,-0.0006845593452453613,-0.012722551822662354,0.0012816268402301434,77
llama3_8b,pavlick_nli,1,68ca9aceca4fe4f0,1,0.5942773222923279,0.9302695989608765,0.5837393403053284,0.9239103198051453,0.010537981986999512,0.006359279155731201,-0.0008506760856153983,122
llama3_8b,pavlick_nli,1,e3a61581576674da,0,0.5680133700370789,0.9170683026313782,0.5726146101951599,0.9208683967590332,-0.004601240158081055,-0.0038000941276550293,0.0008165546357092324,126
llama3_8b,pavlick_nli,1,391ac33aa700f505,1,0.6106659770011902,0.9428489804267883,0.5908733010292053,0.9385790228843689,0.019792675971984863,0.004269957542419434,-0.0018393591460623138,53
llama3_8b,pavlick_nli,1,a5ed3ef712d29bcc,1,0.6263130903244019,0.9518542289733887,0.6147317290306091,0.9457775354385376,0.011581361293792725,0.006076693534851074,-0.0014809533962017452,59
llama3_8b,pavlick_nli,1,3e26cc5ae4d650e8,1,0.6148025393486023,0.9708476066589355,0.5992708802223206,0.9248769879341125,0.015531659126281738,0.045970618724823,-0.00013788592908631214,189
llama3_8b,pavlick_nli,1,d05cc68530c86fd7,0,0.5864183306694031,0.9573783278465271,0.5908219218254089,0.9075775742530823,-0.004403591156005859,0.049800753593444824,-0.003773726462258181,23
llama3_8b,pavlick_nli,1,784948023d0ae61b,0,0.6035880446434021,0.9201374650001526,0.5979018211364746,0.898206353187561,0.00568622350692749,0.021931111812591553,0.0012012937201132945,88
llama3_8b,pavlick_nli,1,26abd819bbc9c64d,1,0.5888009071350098,0.9018797874450684,0.5785212516784668,0.9106212854385376,0.010279655456542969,-0.008741497993469238,-0.0011813190108840854,91
llama3_8b,pavlick_nli,1,d96e575611da17d7,1,0.6064629554748535,0.9099524617195129,0.5990740060806274,0.886879563331604,0.007388949394226074,0.023072898387908936,0.0001345091880641247,190
llama3_8b,pavlick_nli,1,d6b44f863b884014,0,0.5853779315948486,0.9430083632469177,0.5821430087089539,0.8958710432052612,0.0032349228858947754,0.047137320041656494,-0.0027605321729836374,39
llama3_8b,pavlick_nli,1,9510400d37393018,0,0.6013270616531372,0.9502190351486206,0.5863785147666931,0.8414150476455688,0.014948546886444092,0.10880398750305176,-0.0015348518828646185,57
llama3_8b,pavlick_nli,1,5cfc8363fb3db206,0,0.5999382138252258,0.9404261708259583,0.611599326133728,0.9122728109359741,-0.011661112308502197,0.02815335988998413,-0.0007450770192186096,130
llama3_8b,pavlick_nli,1,56dfa86755429e52,0,0.5702354907989502,0.9335054159164429,0.5702053308486938,0.9233828186988831,3.0159950256347656e-05,0.010122597217559814,0.000771795833461042,129
llama3_8b,pavlick_nli,1,4a0cb57ef432d1cc,1,0.5971251726150513,0.9185006618499756,0.591437816619873,0.9055839776992798,0.005687355995178223,0.0129166841506958,5.354123721657e-06,197
llama3_8b,pavlick_nli,1,155a6d9db4130506,1,0.6034905910491943,0.9641184210777283,0.5892420411109924,0.9060271382331848,0.014248549938201904,0.05809128284454346,0.0011654335729794352,96
llama3_8b,pavlick_nli,1,2b24835e89a7b857,0,0.562224805355072,0.9563570618629456,0.5701745748519897,0.9143528938293457,-0.007949769496917725,0.042004168033599854,-0.0028597955805772513,36
llama3_8b,pavlick_nli,1,258fe7fc1e0f2fcf,1,0.5751997232437134,0.8546809554100037,0.5666359066963196,0.8647321462631226,0.008563816547393799,-0.010051190853118896,-0.0010239097957337462,108
llama3_8b,pavlick_nli,1,b41226b42e8d8c69,1,0.5904085636138916,0.9706066250801086,0.5717370510101318,0.9233418107032776,0.018671512603759766,0.047264814376831055,0.00018003480942913042,185
llama3_8b,pavlick_nli,1,2d1bcf932af4175f,1,0.6346792578697205,0.9728978872299194,0.624070405960083,0.950061559677124,0.010608851909637451,0.02283632755279541,-0.0003823279757845244,167
llama3_8b,pavlick_nli,1,9778d9bf1ee138b6,1,0.5867691040039062,0.9627172946929932,0.580061674118042,0.9181966185569763,0.006707429885864258,0.044520676136016846,0.0015107511147389174,58
llama3_8b,pavlick_nli,1,5b4530d023800b71,0,0.6120386719703674,0.9465585947036743,0.6239679455757141,0.9460703134536743,-0.01192927360534668,0.00048828125,0.0007288724888386278,132
llama3_8b,pavlick_nli,1,e1ccd9e7a5e986cc,0,0.5950827598571777,0.9219604730606079,0.5973081588745117,0.9180892109870911,-0.0022253990173339844,0.0038712620735168457,0.0008761193759589114,121
llama3_8b,pavlick_nli,1,650c458232ac996d,0,0.5605762004852295,0.9220151305198669,0.5498147010803223,0.9303432703018188,0.010761499404907227,-0.008328139781951904,0.0044305019445196325,18
llama3_8b,pavlick_nli,1,cfb498fc18a9e939,1,0.5859291553497314,0.9327377080917358,0.5796530246734619,0.8688510656356812,0.006276130676269531,0.06388664245605469,0.003330081351577363,26
llama3_8b,pavlick_nli,1,df55e38cdb09438e,0,0.591920793056488,0.9478062391281128,0.5951581597328186,0.9195759296417236,-0.0032373666763305664,0.02823030948638916,-0.0005969903542563104,148
llama3_8b,pavlick_nli,1,f69c8ac1bafc01af,0,0.5859944224357605,0.9029962420463562,0.6025753617286682,0.9560942053794861,-0.016580939292907715,-0.05309796333312988,0.0012183685275271583,86
llama3_8b,pavlick_nli,1,888f94334ef65d92,1,0.5727817416191101,0.9703551530838013,0.5542711019515991,0.9100989699363708,0.018510639667510986,0.06025618314743042,0.0013736356891106971,66
llama3_8b,pavlick_nli,1,68f4f7e5410c1273,0,0.6077284812927246,0.9352541565895081,0.6047632098197937,0.8994390964508057,0.002965271472930908,0.03581506013870239,-0.001177006843171985,93
llama3_8b,pavlick_nli,1,58807f3d6392870c,1,0.6139091849327087,0.8931378722190857,0.5963887572288513,0.8717367053031921,0.017520427703857422,0.021401166915893555,-0.0014645693663313808,60
llama3_8b,pavlick_nli,1,fa6a71175c48ecef,1,0.6101987361907959,0.9718840718269348,0.6015089154243469,0.9321407079696655,0.008689820766448975,0.03974336385726929,0.0007000322112398205,140
llama3_8b,pavlick_nli,1,cd5f478802f74bc6,1,0.5934119820594788,0.9688704609870911,0.5873380303382874,0.9080231189727783,0.006073951721191406,0.060847342014312744,0.0030762742449783054,33
llama3_8b,pavlick_nli,1,1e7e7e84a338e917,0,0.6044033765792847,0.9243952035903931,0.6260117888450623,0.9652183651924133,-0.021608412265777588,-0.040823161602020264,0.0012183685275271583,87
llama3_8b,pavlick_nli,1,6bf697bf769b06d9,0,0.5853849053382874,0.9112938046455383,0.585600733757019,0.8807467818260193,-0.00021582841873168945,0.030547022819519043,-0.0007896623003075254,127
llama3_8b,pavlick_nli,1,efc22429f5ebea9a,1,0.5876129865646362,0.966359555721283,0.5707342624664307,0.9127385020256042,0.016878724098205566,0.05362105369567871,0.0008365717002701278,123
llama3_8b,pavlick_nli,1,df6dbc80305e36ac,1,0.6040142178535461,0.9573056697845459,0.612649142742157,0.9176734089851379,-0.00863492488861084,0.03963226079940796,0.0030643851739312056,35
llama3_8b,pavlick_nli,1,d91dc7b212025373,1,0.5977864265441895,0.9728805422782898,0.5806347131729126,0.9490211606025696,0.017151713371276855,0.023859381675720215,-0.0012912119580337778,75
llama3_8b,pavlick_nli,1,d7d8d284b9d87432,1,0.6322268843650818,0.9637191295623779,0.6253576874732971,0.937848687171936,0.006869196891784668,0.025870442390441895,0.0005015628587461962,156
llama3_8b,pavlick_nli,1,1bcb2955ace4941a,1,0.6162270903587341,0.9854006767272949,0.6018022298812866,0.9656643867492676,0.01442486047744751,0.019736289978027344,-0.0013304666125666942,69
llama3_8b,pavlick_nli,1,ca049b65cbb86083,1,0.5807433128356934,0.9340463280677795,0.5674952864646912,0.9103015661239624,0.013248026371002197,0.02374476194381714,-0.0009668742761729798,114
llama3_8b,pavlick_nli,1,518b6ea0735a0b8a,0,0.6060680150985718,0.9148719906806946,0.6129316091537476,0.9331169128417969,-0.006863594055175781,-0.018244922161102295,0.0011123450773165566,100
llama3_8b,pavlick_nli,1,dc33f9df13068e15,0,0.6011804938316345,0.9199260473251343,0.597672700881958,0.8536330461502075,0.0035077929496765137,0.06629300117492676,-0.005725735769441409,13
llama3_8b,pavlick_nli,1,dbbe9ed33390759b,1,0.5890088677406311,0.9560052752494812,0.5905811786651611,0.9146737456321716,-0.0015723109245300293,0.04133152961730957,0.0023556818854386097,45
llama3_8b,pavlick_nli,1,12700160482cf7db,0,0.5752927660942078,0.9288485646247864,0.581378698348999,0.9351321458816528,-0.00608593225479126,-0.006283581256866455,0.0008782712196493958,120
llama3_8b,pavlick_nli,1,cb37398a880b05e8,0,0.5945544242858887,0.9039677977561951,0.5966074466705322,0.8394735455513,-0.0020530223846435547,0.06449425220489502,-0.006297040664236447,7
llama3_8b,pavlick_nli,1,de09de708271108b,0,0.5894696116447449,0.9122453331947327,0.5923165678977966,0.862018346786499,-0.002846956253051758,0.05022698640823364,-0.0037116323998178102,24
llama3_8b,pavlick_nli,1,ea24c13278a49fc1,1,0.6033228635787964,0.9791791439056396,0.595339834690094,0.9422566890716553,0.007983028888702393,0.036922454833984375,0.0009068617227256381,119
llama3_8b,pavlick_nli,1,79b4860c4cca66c2,0,0.5896782875061035,0.9287792444229126,0.5918881893157959,0.9280732870101929,-0.002209901809692383,0.0007059574127197266,0.0009418306419321232,117
llama3_8b,pavlick_nli,1,f1aa856fe06b6da8,1,0.6124153733253479,0.9478890299797058,0.5998154282569885,0.8916053771972656,0.012599945068359375,0.056283652782440186,0.0013147318709788025,72
llama3_8b,pavlick_nli,1,81db6b25ecfa83eb,1,0.6054841876029968,0.8863362073898315,0.5935146808624268,0.8528889417648315,0.011969506740570068,0.033447265625,-0.0003896872562593745,166
llama3_8b,pavlick_nli,1,636f48fa2a354c33,0,0.5942187905311584,0.9374052286148071,0.5983901023864746,0.9195970296859741,-0.004171311855316162,0.017808198928833008,0.0002808064874342542,176
llama3_8b,pavlick_nli,1,f4bd4d64cf7846ee,0,0.6071076989173889,0.9402056932449341,0.5991068482398987,0.8741969466209412,0.008000850677490234,0.06600874662399292,-0.00417128758562943,19
llama3_8b,pavlick_nli,1,c26e5d4f3cf9ae3d,1,0.5851824879646301,0.9104606509208679,0.5778511762619019,0.9155989289283752,0.0073313117027282715,-0.005138278007507324,-0.0006910263088258928,143
llama3_8b,pavlick_nli,1,c10ecfeb6350aaab,1,0.6295024752616882,0.9694432616233826,0.6118881106376648,0.9229147434234619,0.017614364624023438,0.046528518199920654,6.723165094074668e-05,193
llama3_8b,pavlick_nli,1,e35a89533fcdb71c,1,0.6003583669662476,0.8555271029472351,0.5840273499488831,0.8678300976753235,0.016331017017364502,-0.012302994728088379,-0.0023398170310675037,46
llama3_8b,pavlick_nli,1,f69a46163410628f,1,0.594750165939331,0.9350746273994446,0.5974879264831543,0.9209529757499695,-0.002737760543823242,0.014121651649475098,0.0011840952626359647,90
llama3_8b,pavlick_nli,1,ccd2853de0950a31,1,0.5952635407447815,0.927829384803772,0.5881353616714478,0.9192370772361755,0.00712817907333374,0.008592307567596436,-0.0002136893390909944,181
llama3_8b,pavlick_nli,1,0c86df488908c9cd,0,0.5818018913269043,0.9423549771308899,0.5779528617858887,0.8923381567001343,0.003849029541015625,0.050016820430755615,-0.0030754560168915757,34
llama3_8b,pavlick_nli,1,059bd1ee2f27b99f,0,0.5925580263137817,0.9248223900794983,0.6026782393455505,0.9258068203926086,-0.010120213031768799,-0.0009844303131103516,0.0007288724888386278,133
llama3_8b,pavlick_nli,1,50f3bcab9c67ffb1,0,0.5836239457130432,0.9362098574638367,0.6034459471702576,0.9569677710533142,-0.019822001457214355,-0.02075791358947754,0.0010849064711976886,103
llama3_8b,pavlick_nli,1,3663579cb2648688,0,0.5799848437309265,0.9224313497543335,0.579511284828186,0.9344098567962646,0.0004735589027404785,-0.011978507041931152,0.0013234534453215319,71
llama3_8b,pavlick_nli,1,bf37da770008651d,0,0.6133672595024109,0.9523588418960571,0.6186063289642334,0.9283158779144287,-0.00523906946182251,0.024042963981628418,-0.00044070726292916307,163
llama3_8b,pavlick_nli,1,9d69f7bde5096067,0,0.6125196814537048,0.9018771648406982,0.6051914095878601,0.858040452003479,0.0073282718658447266,0.04383671283721924,-0.0010218871838701682,109
llama3_8b,pavlick_nli,1,8c5bbb8826cf2260,0,0.6014379858970642,0.9338082075119019,0.6060539484024048,0.9099157452583313,-0.004615962505340576,0.023892462253570557,-0.00044070726292916307,162
llama3_8b,pavlick_nli,1,da8430ed58122c15,0,0.576795220375061,0.9356910586357117,0.5810451507568359,0.8958330750465393,-0.004249930381774902,0.03985798358917236,-0.0026215410638378567,40
llama3_8b,pavlick_nli,1,3b0c0e1e70bc5b9e,1,0.5889101028442383,0.9495099782943726,0.5809089541435242,0.9085903167724609,0.008001148700714111,0.04091966152191162,0.0010136263781361232,110
llama3_8b,pavlick_nli,1,6ffc4257d98400db,0,0.5817887187004089,0.9091706275939941,0.583645761013031,0.8556005954742432,-0.0018570423126220703,0.05357003211975098,-0.003924957890391184,22
llama3_8b,pavlick_nli,1,33c445bb2e85559d,0,0.6110959053039551,0.944378137588501,0.599692702293396,0.8813251256942749,0.011403203010559082,0.06305301189422607,-0.002235966914233639,48
llama3_8b,pavlick_nli,1,d36c6eea9dd379a4,1,0.5920208692550659,0.9446914196014404,0.5820385813713074,0.905902624130249,0.009982287883758545,0.038788795471191406,0.0005426229960894813,151
llama3_8b,pavlick_nli,1,9545b35b6d8ae307,1,0.6059942841529846,0.9319952130317688,0.5869641304016113,0.9019442200660706,0.01903015375137329,0.030050992965698242,-0.0007737442573199638,128
llama3_8b,pavlick_nli,1,5604ecaab7c1a0fc,1,0.5807047486305237,0.888596773147583,0.5741394758224487,0.8978021144866943,0.006565272808074951,-0.009205341339111328,-0.0005208151393943372,153
llama3_8b,pavlick_nli,1,9bf2f718f8b4618d,0,0.592858076095581,0.9151425957679749,0.5871788859367371,0.8884479403495789,0.005679190158843994,0.026694655418395996,0.0005048029494688078,155
llama3_8b,pavlick_nli,1,37e37e89f4c4b0f8,1,0.5743219256401062,0.9707747101783752,0.5552704334259033,0.8471490740776062,0.01905149221420288,0.12362563610076904,0.009093765912226937,3
llama3_8b,pavlick_nli,1,9196bcb45417d8a3,0,0.6043978333473206,0.936827540397644,0.5939609408378601,0.8785437941551208,0.01043689250946045,0.05828374624252319,-0.0017989322457459267,54
llama3_8b,pavlick_nli,1,f4cb3ab783d305ce,0,0.616041362285614,0.9750583171844482,0.6044888496398926,0.9466432332992554,0.011552512645721436,0.02841508388519287,0.0032077879964679534,30
llama3_8b,pavlick_nli,1,2f96e5ea05f2bd4b,0,0.5893506407737732,0.8926929235458374,0.600779116153717,0.9072794914245605,-0.011428475379943848,-0.014586567878723145,0.0010849064711976886,104
llama3_8b,pavlick_nli,1,b75f8b5e2a81d6dc,1,0.6070181131362915,0.9624682068824768,0.5868217945098877,0.8862705826759338,0.02019631862640381,0.07619762420654297,0.004039781543521748,21
llama3_8b,pavlick_nli,1,c56127ff7475c40d,1,0.6141574382781982,0.9630413055419922,0.6088851690292358,0.9402125477790833,0.005272269248962402,0.022828757762908936,0.00046572051995896757,160
llama3_8b,pavlick_nli,1,9c41a9cf5ce182a5,1,0.5898780226707458,0.9616395831108093,0.5825486183166504,0.9151281714439392,0.007329404354095459,0.04651141166687012,0.0015386838072365405,56
llama3_8b,pavlick_nli,1,a8bcd43088b28789,1,0.6158714294433594,0.9291264414787292,0.6088809967041016,0.9222526550292969,0.0069904327392578125,0.006873786449432373,-0.0002136893390909944,182
llama3_8b,pavlick_nli,1,586a0cb3c53142e4,1,0.6345365643501282,0.9698226451873779,0.617245078086853,0.9382398724555969,0.017291486263275146,0.031582772731781006,-0.0007140249381201724,137
llama3_8b,pavlick_nli,1,79bc04f19e1106be,0,0.6066277027130127,0.959907054901123,0.6000581979751587,0.8687907457351685,0.006569504737854004,0.09111630916595459,-0.00591672665762108,12
llama3_8b,pavlick_nli,1,3b070cf9d523dfbb,0,0.604736328125,0.9101914167404175,0.6092821359634399,0.8891547918319702,-0.004545807838439941,0.021036624908447266,9.024718059230663e-05,191
llama3_8b,pavlick_nli,1,b539c7fe2dc2b5b3,0,0.5688019394874573,0.8896707892417908,0.5769541263580322,0.8616764545440674,-0.008152186870574951,0.02799433469772339,-0.0007176384130997415,134
llama3_8b,pavlick_nli,1,6fbe73dbcae59ae8,1,0.5997526049613953,0.975094199180603,0.5871309638023376,0.9466842412948608,0.012621641159057617,0.028409957885742188,-0.000561024053775061,149
llama3_8b,pavlick_nli,1,8d51351ee196f0ba,0,0.5726693868637085,0.8974687457084656,0.5719290375709534,0.9120946526527405,0.000740349292755127,-0.014625906944274902,0.0014367363241382658,63
llama3_8b,pavlick_nli,1,07a9d9cf0ad07922,1,0.5729185342788696,0.9378337860107422,0.5768629312515259,0.9310247898101807,-0.00394439697265625,0.0068089962005615234,0.001234730452915056,83
llama3_8b,pavlick_nli,1,a3eec9dcb53e3a0f,1,0.6112439036369324,0.9655671119689941,0.5947816967964172,0.9150590300559998,0.016462206840515137,0.050508081912994385,0.0006915390679277933,142
llama3_8b,pavlick_nli,1,eee599cd0cdee93a,1,0.5944280624389648,0.9374138116836548,0.5813590884208679,0.8976555466651917,0.013068974018096924,0.039758265018463135,-0.00017517400642758085,186
llama3_8b,pavlick_nli,1,5d2a45e760cad8ea,0,0.6145033836364746,0.9590074419975281,0.609575092792511,0.9499574899673462,0.004928290843963623,0.009049952030181885,0.0014285202967881938,64
llama3_8b,pavlick_nli,1,460f8ffe83d34cb3,1,0.5954635143280029,0.9429053664207458,0.5780726671218872,0.8931791186332703,0.017390847206115723,0.049726247787475586,0.00030089533638105737,174
llama3_8b,pavlick_nli,1,c2268790e362cd95,1,0.6204107999801636,0.9570179581642151,0.5974014401435852,0.9354027509689331,0.02300935983657837,0.021615207195281982,-0.0014645693663313808,61
llama3_8b,pavlick_nli,1,4f8b0927e718f7e7,1,0.6130828857421875,0.9468189477920532,0.6116107106208801,0.8920617699623108,0.001472175121307373,0.05475717782974243,0.0033117951010937507,27
llama3_8b,pavlick_nli,1,0bfbf57a72b1efef,0,0.598664402961731,0.9376466870307922,0.5981953144073486,0.8361576795578003,0.0004690885543823242,0.10148900747299194,-0.007127250644130945,4
llama3_8b,pavlick_nli,1,aca3c7a58726fd80,0,0.6206520199775696,0.9390476942062378,0.6382395029067993,0.9215786457061768,-0.017587482929229736,0.017469048500061035,0.00019481388491232599,183
llama3_8b,pavlick_nli,1,0dd45a74f51aef3b,0,0.5812616944313049,0.8586313724517822,0.5985726714134216,0.843568742275238,-0.0173109769821167,0.01506263017654419,0.000309611201389004,172
llama3_8b,pavlick_nli,1,1938231aab8c08a5,0,0.6206811666488647,0.9412962198257446,0.6242789030075073,0.8875952363014221,-0.003597736358642578,0.05370098352432251,-0.004139127676521748,20
llama3_8b,pavlick_nli,1,c76123dd61b48009,1,0.6032058596611023,0.9806027412414551,0.5939521193504333,0.9264014959335327,0.009253740310668945,0.05420124530792236,0.002189938088646204,49
llama3_8b,pavlick_nli,1,ce774672a0c8c1c9,1,0.59758061170578,0.8961795568466187,0.5904044508934021,0.9269336462020874,0.00717616081237793,-0.03075408935546875,-0.0009682541711963366,113
llama3_8b,pavlick_nli,1,7fce4559ae1c0d75,0,0.5821569561958313,0.95257169008255,0.5724691152572632,0.9174622297286987,0.009687840938568115,0.03510946035385132,0.0010009231973411303,111
llama3_8b,pavlick_nli,1,506d5993173c24f4,0,0.5884304642677307,0.9468950033187866,0.5863495469093323,0.941764771938324,0.0020809173583984375,0.0051302313804626465,0.0012900586663603386,76
llama3_8b,pavlick_nli,1,f5776015a8453387,0,0.5761803984642029,0.9497512578964233,0.5647151470184326,0.8819904327392578,0.011465251445770264,0.06776082515716553,-0.002503132289601001,42
llama3_8b,pavlick_nli,1,6e15fc6e169eaf38,1,0.6015143990516663,0.9462562799453735,0.5904214978218079,0.9136921763420105,0.011092901229858398,0.03256410360336304,0.0001465874222532637,188
llama3_8b,pavlick_nli,1,b62e332651756cbd,1,0.610616147518158,0.9260073304176331,0.5921162962913513,0.8942863345146179,0.01849985122680664,0.03172099590301514,-0.0007140249381201724,135
llama3_8b,pavlick_nli,1,b26594a7698cc3f6,1,0.579738438129425,0.8797220587730408,0.5716906189918518,0.9144003391265869,0.008047819137573242,-0.03467828035354614,-0.0012202738429956672,84
llama3_8b,pavlick_nli,1,01d96a03b5bd2c7c,1,0.6301862001419067,0.9770671725273132,0.6078330874443054,0.9460116028785706,0.02235311269760132,0.031055569648742676,-0.0007140249381201724,138
llama3_8b,pavlick_nli,1,60ea0de89c45071a,0,0.6432119607925415,0.9472697377204895,0.6350155472755432,0.9491487145423889,0.008196413516998291,-0.001878976821899414,0.0032355880192541098,29
llama3_8b,pavlick_nli,1,e9e1acff40e3b8ff,1,0.6263541579246521,0.9613693356513977,0.6042402386665344,0.9224780797958374,0.022113919258117676,0.0388912558555603,-0.0004995116882883788,159
llama3_8b,pavlick_nli,1,f9a206a16c180bd2,0,0.5713992118835449,0.914567768573761,0.5771785974502563,0.8779283761978149,-0.005779385566711426,0.036639392375946045,-0.00186301244808168,52
llama3_8b,pavlick_nli,1,cd14bb22413573fc,1,0.5736770629882812,0.959654688835144,0.5680137872695923,0.9267392158508301,0.005663275718688965,0.032915472984313965,0.0010886385500704643,102
llama3_8b,pavlick_nli,1,230e565597e59589,1,0.5906222462654114,0.919912576675415,0.5888420343399048,0.9247463941574097,0.0017802119255065918,-0.004833817481994629,0.00015892244685405954,187
llama3_8b,pavlick_nli,1,914c0837eaebf51f,1,0.6041016578674316,0.8266606330871582,0.6069032549858093,0.9306378364562988,-0.0028015971183776855,-0.10397720336914062,0.0002693266054085708,178
llama3_8b,pavlick_nli,1,02a86a910ee0bc5e,1,0.5853168964385986,0.9771944284439087,0.5724828243255615,0.9437142014503479,0.01283407211303711,0.03348022699356079,-0.0003896872562593745,165
llama3_8b,pavlick_nli,1,edfc8fd48a2677cf,1,0.6099351048469543,0.9786221385002136,0.5845913887023926,0.9522426724433899,0.025343716144561768,0.02637946605682373,-0.0011470741850790334,97
llama3_8b,pavlick_nli,1,e78ae4bd6066116b,0,0.5742876529693604,0.9245091080665588,0.5777985453605652,0.9275897145271301,-0.003510892391204834,-0.003080606460571289,0.000908685042125823,118
llama3_8b,pavlick_nli,1,bca18ad1668e3c86,1,0.6095550060272217,0.9387252926826477,0.6050302386283875,0.9476531744003296,0.0045247673988342285,-0.008927881717681885,-0.00028104850489807376,175
llama3_8b,pavlick_nli,1,acf0308fe7f7928b,0,0.5696547031402588,0.971749484539032,0.5561366081237793,0.9464175701141357,0.013518095016479492,0.02533191442489624,0.004753817693359946,16
llama3_8b,pavlick_nli,1,63d1d62d1b6dd158,1,0.5999413132667542,0.9625804424285889,0.5950163006782532,0.9014742970466614,0.0049250125885009766,0.06110614538192749,0.0032703098692765664,28
llama3_8b,pavlick_nli,1,389e37d8fe9114de,1,0.5936736464500427,0.9652262926101685,0.591532826423645,0.936156153678894,0.002140820026397705,0.029070138931274414,0.0014506517267156571,62
llama3_8b,pavlick_nli,1,062774a672fb478f,0,0.5913697481155396,0.9268715381622314,0.5947045087814331,0.9097118973731995,-0.0033347606658935547,0.017159640789031982,0.0003816497264546026,168
llama3_8b,pavlick_nli,1,817a068800faa73c,0,0.5720258355140686,0.9337843060493469,0.5647024512290955,0.8877440094947815,0.0073233842849731445,0.04604029655456543,-0.0012190375004591247,85
llama3_8b,pavlick_nli,1,e4de016fb559b272,1,0.5812242031097412,0.9405775666236877,0.5649917721748352,0.9097135066986084,0.016232430934906006,0.030864059925079346,-0.0007140249381201724,136
llama3_8b,pavlick_nli,1,6ebc2005f89ebe57,0,0.5926792621612549,0.8983747959136963,0.5923455357551575,0.8583433032035828,0.0003337264060974121,0.040031492710113525,-0.0023557038134192076,44
llama3_8b,pavlick_nli,1,e333f817bb86c464,0,0.6107128262519836,0.9476132392883301,0.6025766730308533,0.9434852004051208,0.008136153221130371,0.0041280388832092285,0.003138150864956002,32
llama3_8b,pavlick_nli,1,a0c032ac2a66fc86,1,0.6318345069885254,0.9819183349609375,0.6114454865455627,0.9421252608299255,0.020389020442962646,0.03979307413101196,-0.0004995116882883788,157
llama3_8b,pavlick_nli,1,3c9f9f9030b61498,0,0.6053394079208374,0.9811047315597534,0.5777596235275269,0.952725350856781,0.027579784393310547,0.028379380702972412,0.020057887833396265,0
llama3_8b,pavlick_nli,1,2e0b10b4f96d603a,1,0.5812194347381592,0.960874617099762,0.5675527453422546,0.934929609298706,0.013666689395904541,0.025945007801055908,-0.0009720348012176028,112
llama3_8b,pavlick_nli,1,0c5a982a1b3712b5,0,0.5895321369171143,0.9273563623428345,0.5842859745025635,0.9050514101982117,0.005246162414550781,0.022304952144622803,0.0009646681992972472,116
llama3_8b,pavlick_nli,1,8d691cc3370a92cd,0,0.601757824420929,0.9079629778862,0.6115044951438904,0.9042183756828308,-0.009746670722961426,0.0037446022033691406,0.000663161222865416,145
llama3_8b,pavlick_nli,1,774d263dc3727e25,1,0.5984918475151062,0.9084627032279968,0.5825698971748352,0.9352148175239563,0.015921950340270996,-0.026752114295959473,-0.0025062814777529474,41
llama3_8b,pavlick_nli,1,1be5dc225adb3d85,1,0.595679521560669,0.9574073553085327,0.5943308472633362,0.9439730644226074,0.0013486742973327637,0.013434290885925293,0.0006241164798297949,147
llama3_8b,pavlick_nli,1,55c6f26afa93f342,0,0.5659880638122559,0.9473869800567627,0.5728427767753601,0.9752306938171387,-0.006854712963104248,-0.027843713760375977,0.001166490978428525,95
llama3_8b,pavlick_nli,1,c2fb609b7dd791d3,1,0.6267128586769104,0.9460037350654602,0.6156894564628601,0.9074230790138245,0.011023402214050293,0.03858065605163574,0.00036110067208505736,170
llama3_8b,pavlick_nli,1,fc0b0c259a560f8b,1,0.5827243328094482,0.9483045935630798,0.5832673907279968,0.9254501461982727,-0.000543057918548584,0.02285444736480713,0.0012401439432918604,82
llama3_8b,pavlick_nli,1,1f4adb332921d74a,0,0.5989099740982056,0.9117648601531982,0.6052031517028809,0.8655888438224792,-0.006293177604675293,0.046176016330718994,-0.0031509485292399164,31
llama3_8b,pavlick_nli,1,3ccb01afb900349d,1,0.5678417086601257,0.9230532050132751,0.5740441679954529,0.9006620049476624,-0.0062024593353271484,0.022391200065612793,0.0020591326828696688,51
llama3_8b,pavlick_nli,1,a707c38ef27e4d9a,1,0.5941228270530701,0.9677464962005615,0.5820900201797485,0.9504753351211548,0.012032806873321533,0.01727116107940674,-0.0012595655007439643,80
llama3_8b,pavlick_nli,1,91c3315ffbb8538d,1,0.5830574035644531,0.8768389821052551,0.5735880136489868,0.9111580848693848,0.009469389915466309,-0.03431910276412964,-0.001360312010639686,67
llama3_8b,pavlick_nli,1,d2b9b756a4705fe6,1,0.6345263123512268,0.9490689039230347,0.6141040325164795,0.9116851687431335,0.020422279834747314,0.03738373517990112,-0.0004995116882883788,158
llama3_8b,pavlick_nli,1,0bf28f4317184eb4,0,0.6090698838233948,0.9782794117927551,0.604312002658844,0.9298223853111267,0.004757881164550781,0.04845702648162842,-0.0027735031504843854,38
llama3_8b,pavlick_nli,1,3851d60a3758f8b4,1,0.6022126078605652,0.954437255859375,0.5956398844718933,0.9258873462677002,0.006572723388671875,0.028549909591674805,0.0008178574816515849,124
llama3_8b,pavlick_nli,1,5a75101f723f590e,1,0.6046031713485718,0.9235380291938782,0.6084584593772888,0.933077335357666,-0.003855288028717041,-0.009539306163787842,0.0008165678357156536,125
llama3_8b,pavlick_nli,1,95cf83b37b66affa,1,0.5753782391548157,0.9723791480064392,0.5711280107498169,0.9522752165794373,0.004250228404998779,0.020103931427001953,0.00043689919393574694,164
llama3_8b,pavlick_nli,1,d1c820d6a297f414,1,0.6049523949623108,0.9502456784248352,0.6008883714675903,0.9178102016448975,0.004064023494720459,0.032435476779937744,0.0012729078148049355,78
llama3_8b,pavlick_nli,1,b70b83cc1502fda4,1,0.5790778398513794,0.914763867855072,0.578033447265625,0.9290322661399841,0.0010443925857543945,-0.01426839828491211,-4.693377151859801e-05,194
llama3_8b,pavlick_nli,1,6d462a597b6244ff,1,0.589077889919281,0.9278566837310791,0.5833677053451538,0.9255619645118713,0.005710184574127197,0.0022947192192077637,-0.00023691049698221223,179
llama3_8b,pavlick_nli,1,0b13d5969dbcb224,0,0.6078019142150879,0.9035273790359497,0.6133028864860535,0.881278932094574,-0.005500972270965576,0.022248446941375732,-3.493117446157212e-05,195
llama3_8b,pavlick_nli,1,8797b91b6ed71915,1,0.5904402732849121,0.9377561807632446,0.584975004196167,0.900666356086731,0.005465269088745117,0.03708982467651367,0.001303151799902258,74
llama3_8b,pavlick_nli,1,2423790d858fb0bc,1,0.5789682269096375,0.9350316524505615,0.577417254447937,0.9089252948760986,0.0015509724617004395,0.02610635757446289,0.0011743267268967128,94
llama3_8b,pavlick_nli,1,d874d740aeeaf990,0,0.5917200446128845,0.90921950340271,0.592275857925415,0.834795355796814,-0.0005558133125305176,0.074424147605896,-0.006193666461815767,10
llama3_8b,pavlick_nli,1,310eb2f3cef7d3d0,0,0.6020088195800781,0.9613626599311829,0.590674877166748,0.8350372910499573,0.011333942413330078,0.12632536888122559,-0.005270014307752063,15
llama3_8b,pavlick_nli,1,95fc30fea4d96422,1,0.6073011755943298,0.9240798950195312,0.6022098064422607,0.9212942719459534,0.005091369152069092,0.002785623073577881,-8.944498398644196e-05,192
llama3_8b,pavlick_nli,1,9e02149046798b7b,0,0.5788432955741882,0.9361958503723145,0.5854417681694031,0.7812448740005493,-0.006598472595214844,0.15495097637176514,-0.009143689268279243,2
llama3_8b,pavlick_nli,1,42fc696d554ba537,1,0.5786369442939758,0.9686903357505798,0.568162739276886,0.9074415564537048,0.010474205017089844,0.061248779296875,0.002328250681557842,47
llama3_8b,pavlick_nli,1,b09fd75abba09aba,1,0.6101651787757874,0.9732279181480408,0.6107713580131531,0.9258237481117249,-0.0006061792373657227,0.04740417003631592,0.002792372707980273,37
llama3_8b,pavlick_nli,1,70364760a8abf2d6,0,0.6176173090934753,0.9458723664283752,0.609637975692749,0.9166778326034546,0.007979333400726318,0.029194533824920654,0.0013063499577769533,73
llama3_8b,pavlick_nli,1,2d0998c11e6f0d8a,1,0.623954176902771,0.9621343016624451,0.6144330501556396,0.9421301484107971,0.009521126747131348,0.02000415325164795,-0.0003059620968999255,173
llama3_8b,pavlick_nli,1,049294fd109af673,0,0.5959352850914001,0.9366763234138489,0.5981398224830627,0.9478675723075867,-0.0022045373916625977,-0.011191248893737793,0.00118458174547445,89
llama3_8b,pavlick_nli,1,536ccdbdac352df6,0,0.5857612490653992,0.9024059772491455,0.5950958728790283,0.9303063750267029,-0.00933462381362915,-0.027900397777557373,0.0011390523723096568,99
llama3_8b,pavlick_nli,1,3236a333bff2e637,0,0.6060208678245544,0.9578602313995361,0.6058111786842346,0.8897125124931335,0.00020968914031982422,0.06814771890640259,-0.0061581689643893656,11
llama3_8b,pavlick_nli,1,76fcb7ba89933222,1,0.5891868472099304,0.925834059715271,0.5778001546859741,0.9026829600334167,0.011386692523956299,0.023151099681854248,-0.0006814481878851253,144
llama3_8b,pavlick_nli,1,4792e6b081b9386a,1,0.6136766672134399,0.9641639590263367,0.6013466119766235,0.9454165101051331,0.012330055236816406,0.018747448921203613,-0.0011811683145673268,92
llama3_8b,pavlick_nli,1,22ed32f77790bf54,1,0.5772533416748047,0.8863138556480408,0.5762009024620056,0.8799262046813965,0.0010524392127990723,0.006387650966644287,0.0005161098339132031,154
llama3_8b,pavlick_nli,1,cfa2cbb0efebf31e,0,0.5828819274902344,0.9548789858818054,0.5797480940818787,0.9665505886077881,0.003133833408355713,-0.011671602725982666,0.0017135854558363584,55
llama3_8b,pavlick_nli,1,083e2f0f2626385b,0,0.583993136882782,0.9818952083587646,0.5744527578353882,0.8504316806793213,0.009540379047393799,0.13146352767944336,-0.006251235970429592,9
llama3_8b,pavlick_nli,1,f220c96de130eb21,1,0.5763649940490723,0.9238184094429016,0.566012442111969,0.9381528496742249,0.010352551937103271,-0.014334440231323242,-0.0013261999991164841,70
llama3_8b,pavlick_nli,1,aac8c72d222e6bf1,1,0.5851976871490479,0.9522851705551147,0.5789949297904968,0.9300956726074219,0.006202757358551025,0.02218949794769287,0.00028002077740379994,177
llama3_8b,pavlick_nli,1,a6dea214a3d0ca1a,0,0.5888944268226624,0.916373610496521,0.5928775668144226,0.8471660614013672,-0.003983139991760254,0.06920754909515381,-0.006424006214808015,6
llama3_8b,pavlick_nli,1,f24b368728bccccf,1,0.5566865801811218,0.8876016139984131,0.5526169538497925,0.9015014171600342,0.004069626331329346,-0.013899803161621094,-0.0003814019305692362,169
llama3_8b,pavlick_nli,1,896fd29d28327d23,0,0.6183009147644043,0.9666784405708313,0.6140957474708557,0.8737991452217102,0.004205167293548584,0.0928792953491211,-0.006606917236852583,5
llama3_8b,pavlick_nli,1,5539c5af74d05e0e,1,0.5886050462722778,0.8903443217277527,0.5856730341911316,0.8135528564453125,0.0029320120811462402,0.07679146528244019,0.006280603695355214,8
llama3_8b,pavlick_nli,1,47a09f271b1cde06,1,0.6561433672904968,0.9443356394767761,0.6443774700164795,0.9205445647239685,0.011765897274017334,0.023791074752807617,-0.0009668742761729798,115
llama3_8b,pavlick_nli,1,bf6193526c6443f4,0,0.5921053886413574,0.9327484965324402,0.5882022380828857,0.9172605276107788,0.0039031505584716797,0.015487968921661377,0.0010938742492775377,101
llama3_8b,pavlick_nli,1,c9d07db99214446c,1,0.6202341318130493,0.9523240923881531,0.5962101221084595,0.8935390710830688,0.024024009704589844,0.05878502130508423,0.0013736356891106971,65
llama3_8b,pavlick_nli,1,0be1fdef6d4034ae,0,0.5846422910690308,0.9505585432052612,0.5852903127670288,0.9606170654296875,-0.0006480216979980469,-0.01005852222442627,0.0012529480711228613,81
llama3_8b,pavlick_nli,1,e440fc4416e30681,1,0.6218963861465454,0.9676334261894226,0.6133235692977905,0.9213469624519348,0.008572816848754883,0.04628646373748779,0.001266775550468946,79
llama3_8b,pavlick_nli,1,371b1d2acbe1cfec,1,0.6088685393333435,0.9674988389015198,0.5987646579742432,0.9346320629119873,0.010103881359100342,0.03286677598953247,0.00032810974625768763,171
llama3_8b,pavlick_nli,1,748443c9c156f6c2,1,0.631237268447876,0.9812495708465576,0.6234256625175476,0.9260556101799011,0.007811605930328369,0.055193960666656494,0.0024618463454137984,43
llama3_8b,pavlick_nli,1,ee6f953efaf63463,1,0.5878801941871643,0.9330664873123169,0.5889162421226501,0.9161139726638794,-0.0010360479354858398,0.0169525146484375,0.0010592787696580008,105
llama3_8b,pavlick_nli,1,d41fd3c00f4c6bf1,0,0.6009140610694885,0.937099277973175,0.5981916189193726,0.8783311247825623,0.002722442150115967,0.05876815319061279,-0.0044340999821580185,17
llama3_8b,pavlick_nli,1,1215c7bc14a95d83,0,0.5551115274429321,0.9401324987411499,0.5568836331367493,0.9298642873764038,-0.0017721056938171387,0.010268211364746094,0.0006329241336139602,146
llama3_8b,pavlick_nli,1,4a8f20f3cd5ce4d3,1,0.6004650592803955,0.9452722072601318,0.5994584560394287,0.9297325611114502,0.0010066032409667969,0.01553964614868164,0.0006990421071590425,141
llama3_8b,pavlick_nli,1,443f23e17940405d,1,0.6124605536460876,0.9381214380264282,0.5983279943466187,0.903184175491333,0.014132559299468994,0.034937262535095215,-0.0005389855542587418,152
llama3_8b,pavlick_nli,1,ee3f836287d4416c,1,0.5870487093925476,0.9180474877357483,0.585605263710022,0.9415374994277954,0.0014434456825256348,-0.02349001169204712,-0.00018488056577720124,184
llama3_8b,pavlick_nli,1,d11f0bdf4ff71e52,0,0.5915658473968506,0.9727531671524048,0.5846772193908691,0.8730887770652771,0.006888628005981445,0.09966439008712769,-0.005694785665288332,14
llama3_8b,pavlick_nli,1,b84b9ecaa4fbd7e1,1,0.6003575325012207,0.9588059186935425,0.5849413871765137,0.9279780387878418,0.015416145324707031,0.030827879905700684,-0.0007140249381201724,139
llama3_8b,pavlick_nli,2,c6a1bc0f57a82e9c,0,0.600692629814148,0.947654664516449,0.5959873795509338,0.923114538192749,0.004705250263214111,0.02454012632369995,0.0007366806608813392,135
llama3_8b,pavlick_nli,2,7c7deb537a4889f2,1,0.6284359097480774,0.9161245822906494,0.6196783185005188,0.9066978693008423,0.008757591247558594,0.009426712989807129,-0.0005238928825198608,152
llama3_8b,pavlick_nli,2,d61f389aa9f8cfbd,1,0.5988420248031616,0.9417405724525452,0.5877233147621155,0.9131068587303162,0.011118710041046143,0.028633713722229004,0.0002085602229212058,172
llama3_8b,pavlick_nli,2,80c7edba40157294,1,0.5959253907203674,0.9685698747634888,0.5907198786735535,0.9392060041427612,0.005205512046813965,0.02936387062072754,0.0010228489961037202,116
llama3_8b,pavlick_nli,2,8223cad288b2870a,1,0.6196945905685425,0.9627800583839417,0.6019426584243774,0.9106419086456299,0.01775193214416504,0.05213814973831177,0.0007281890862312901,136
llama3_8b,pavlick_nli,2,724ccd63065b1bfc,1,0.5786747932434082,0.9432147145271301,0.5733833909034729,0.913216233253479,0.005291402339935303,0.029998481273651123,0.0010228489961037202,115
llama3_8b,pavlick_nli,2,1c73cc87b48f2612,1,0.6287099719047546,0.9388561248779297,0.6080031394958496,0.8958553075790405,0.02070683240890503,0.04300081729888916,6.820211225655459e-05,192
llama3_8b,pavlick_nli,2,a136423fbeba4a37,1,0.6125243902206421,0.960289716720581,0.5989928245544434,0.9390643835067749,0.01353156566619873,0.021225333213806152,-0.0009901716445378517,122
llama3_8b,pavlick_nli,2,a5a9f6835953d5e4,1,0.5866780281066895,0.9295747876167297,0.5832340121269226,0.947678804397583,0.0034440159797668457,-0.01810401678085327,-0.00010741045199336163,189
llama3_8b,pavlick_nli,2,9a52ef83427d96be,1,0.6108944416046143,0.9623602032661438,0.5988031029701233,0.9138767123222351,0.012091338634490967,0.04848349094390869,0.0016878377238098152,70
llama3_8b,pavlick_nli,2,68ca9aceca4fe4f0,1,0.5942773222923279,0.9302695989608765,0.5837393403053284,0.9239103198051453,0.010537981986999512,0.006359279155731201,-0.000676634456581171,141
llama3_8b,pavlick_nli,2,e3a61581576674da,0,0.5680133700370789,0.9170683026313782,0.5726146101951599,0.9208683967590332,-0.004601240158081055,-0.0038000941276550293,0.0012300426799711772,98
llama3_8b,pavlick_nli,2,391ac33aa700f505,1,0.6106659770011902,0.9428489804267883,0.5908733010292053,0.9385790228843689,0.019792675971984863,0.004269957542419434,-0.0022612047164494165,49
llama3_8b,pavlick_nli,2,990b729b4ab9a146,1,0.6198326349258423,0.9296382069587708,0.6174326539039612,0.9050260186195374,0.0023999810218811035,0.0246121883392334,0.0011809924061170207,102
llama3_8b,pavlick_nli,2,be4dbc853f70c52a,1,0.591799259185791,0.9417558908462524,0.5779034495353699,0.9448761940002441,0.013895809650421143,-0.0031203031539916992,-0.0018610131492775572,65
llama3_8b,pavlick_nli,2,d96e575611da17d7,1,0.6064629554748535,0.9099524617195129,0.5990740060806274,0.886879563331604,0.007388949394226074,0.023072898387908936,0.00022056754706484272,171
llama3_8b,pavlick_nli,2,f6ec39c5f0e04ce3,0,0.6042495965957642,0.9608502388000488,0.595836341381073,0.7357085943222046,0.008413255214691162,0.22514164447784424,-0.005652157064008567,5
llama3_8b,pavlick_nli,2,37329d228d8831c3,0,0.5963649153709412,0.9558230042457581,0.5821938514709473,0.9244398474693298,0.014171063899993896,0.03138315677642822,0.0045000407629467165,16
llama3_8b,pavlick_nli,2,c817bfd15e421350,1,0.5938451886177063,0.9054665565490723,0.5915491580963135,0.9020172357559204,0.0022960305213928223,0.0034493207931518555,0.00032410413290351325,164
llama3_8b,pavlick_nli,2,1a6e2e18e905b773,0,0.5765986442565918,0.9552187919616699,0.5740501284599304,0.9296832084655762,0.002548515796661377,0.02553558349609375,0.00024195529213422162,168
llama3_8b,pavlick_nli,2,56dfa86755429e52,0,0.5702354907989502,0.9335054159164429,0.5702053308486938,0.9233828186988831,3.0159950256347656e-05,0.010122597217559814,0.001009479456402007,119
llama3_8b,pavlick_nli,2,155a6d9db4130506,1,0.6034905910491943,0.9641184210777283,0.5892420411109924,0.9060271382331848,0.014248549938201904,0.05809128284454346,0.0013627068527287123,88
llama3_8b,pavlick_nli,2,b6d784650dbc6d06,1,0.5656132698059082,0.9288833141326904,0.5621157884597778,0.8549543023109436,0.003497481346130371,0.07392901182174683,0.005498152046149007,6
llama3_8b,pavlick_nli,2,abc8ee22620a618f,0,0.61370450258255,0.9200255870819092,0.6107101440429688,0.9113270044326782,0.002994358539581299,0.008698582649230957,0.001974167344109934,63
llama3_8b,pavlick_nli,2,2b24835e89a7b857,0,0.562224805355072,0.9563570618629456,0.5701745748519897,0.9143528938293457,-0.007949769496917725,0.042004168033599854,-0.0031568797452786734,27
llama3_8b,pavlick_nli,2,258fe7fc1e0f2fcf,1,0.5751997232437134,0.8546809554100037,0.5666359066963196,0.8647321462631226,0.008563816547393799,-0.010051190853118896,-0.0009574491382408068,124
llama3_8b,pavlick_nli,2,7cc5f335ec52bfd4,1,0.5789926052093506,0.9115276336669922,0.5648186802864075,0.8888745903968811,0.014173924922943115,0.022653043270111084,-0.001242492097395187,96
llama3_8b,pavlick_nli,2,c05a7920cb3da7e2,1,0.5825356841087341,0.9251146912574768,0.5759615302085876,0.9150941967964172,0.006574153900146484,0.01002049446105957,-3.9527512097459194e-05,194
llama3_8b,pavlick_nli,2,9778d9bf1ee138b6,1,0.5867691040039062,0.9627172946929932,0.580061674118042,0.9181966185569763,0.006707429885864258,0.044520676136016846,0.002307662446588199,46
llama3_8b,pavlick_nli,2,db300293af3121df,0,0.6015112400054932,0.8767310976982117,0.6145574450492859,0.8763721585273743,-0.013046205043792725,0.00035893917083740234,0.0010554946798042586,112
llama3_8b,pavlick_nli,2,2a8531a98a994bf0,1,0.6227675080299377,0.9811258912086487,0.6146265268325806,0.9421460032463074,0.008140981197357178,0.03897988796234131,0.0011700311470382863,103
llama3_8b,pavlick_nli,2,b8e5df4b5b6716ec,1,0.6184647083282471,0.9665801525115967,0.6048122644424438,0.9434217810630798,0.013652443885803223,0.023158371448516846,-0.0008974547865808757,126
llama3_8b,pavlick_nli,2,89e5f8344fd629b2,1,0.5673056244850159,0.964904248714447,0.5552231073379517,0.9283655285835266,0.012082517147064209,0.03653872013092041,0.00015990662969028735,183
llama3_8b,pavlick_nli,2,b364c89c04704453,1,0.5956399440765381,0.9622365832328796,0.5934951305389404,0.9396357536315918,0.0021448135375976562,0.022600829601287842,0.001015478485514698,117
llama3_8b,pavlick_nli,2,f69c8ac1bafc01af,0,0.5859944224357605,0.9029962420463562,0.6025753617286682,0.9560942053794861,-0.016580939292907715,-0.05309796333312988,0.0015317318434988625,77
llama3_8b,pavlick_nli,2,abd58654d08e1dd1,0,0.5964474678039551,0.9455928206443787,0.5968741774559021,0.9106845259666443,-0.0004267096519470215,0.034908294677734375,-0.0017253052155054571,69
llama3_8b,pavlick_nli,2,888f94334ef65d92,1,0.5727817416191101,0.9703551530838013,0.5542711019515991,0.9100989699363708,0.018510639667510986,0.06025618314743042,0.0008973938239639212,127
llama3_8b,pavlick_nli,2,0c0fd096799231cd,0,0.5952159762382507,0.9634067416191101,0.5917413830757141,0.9193100929260254,0.003474593162536621,0.04409664869308472,-0.001981968074426965,62
llama3_8b,pavlick_nli,2,1cf3ff297e9e838c,1,0.6021723747253418,0.9164557456970215,0.5817617774009705,0.8899767994880676,0.020410597324371338,0.026478946208953857,-0.0012763306574276045,93
llama3_8b,pavlick_nli,2,58807f3d6392870c,1,0.6139091849327087,0.8931378722190857,0.5963887572288513,0.8717367053031921,0.017520427703857422,0.021401166915893555,-0.001800521984116954,68
llama3_8b,pavlick_nli,2,6bf697bf769b06d9,0,0.5853849053382874,0.9112938046455383,0.585600733757019,0.8807467818260193,-0.00021582841873168945,0.030547022819519043,-0.0011511210354498425,105
llama3_8b,pavlick_nli,2,9c551b440313eda5,1,0.6103602051734924,0.9764376878738403,0.5926855206489563,0.9345035552978516,0.017674684524536133,0.04193413257598877,-0.00015495196214443396,186
llama3_8b,pavlick_nli,2,94c549f29c52ea7a,1,0.5976837277412415,0.9357778429985046,0.5962064862251282,0.9182414412498474,0.0014772415161132812,0.017536401748657227,0.0008341312655809063,129
llama3_8b,pavlick_nli,2,30cf99ebca98c12d,1,0.5909284949302673,0.9716038703918457,0.5777799487113953,0.9199510216712952,0.01314854621887207,0.05165284872055054,0.0016878377238098152,72
llama3_8b,pavlick_nli,2,ca049b65cbb86083,1,0.5807433128356934,0.9340463280677795,0.5674952864646912,0.9103015661239624,0.013248026371002197,0.02374476194381714,-0.0006978976555916394,140
llama3_8b,pavlick_nli,2,518b6ea0735a0b8a,0,0.6060680150985718,0.9148719906806946,0.6129316091537476,0.9331169128417969,-0.006863594055175781,-0.018244922161102295,0.0014805350301416165,81
llama3_8b,pavlick_nli,2,dbbe9ed33390759b,1,0.5890088677406311,0.9560052752494812,0.5905811786651611,0.9146737456321716,-0.0015723109245300293,0.04133152961730957,0.0029415056577320464,30
llama3_8b,pavlick_nli,2,12700160482cf7db,0,0.5752927660942078,0.9288485646247864,0.581378698348999,0.9351321458816528,-0.00608593225479126,-0.006283581256866455,0.001229866204473462,99
llama3_8b,pavlick_nli,2,cb37398a880b05e8,0,0.5945544242858887,0.9039677977561951,0.5966074466705322,0.8394735455513,-0.0020530223846435547,0.06449425220489502,-0.004716440632786478,12
llama3_8b,pavlick_nli,2,1526f8f0bab50da6,0,0.5704094171524048,0.9331767559051514,0.578057050704956,0.9293484687805176,-0.0076476335525512695,0.003828287124633789,0.0009935882057647838,120
llama3_8b,pavlick_nli,2,79b4860c4cca66c2,0,0.5896782875061035,0.9287792444229126,0.5918881893157959,0.9280732870101929,-0.002209901809692383,0.0007059574127197266,0.0012977379035031267,90
llama3_8b,pavlick_nli,2,f1aa856fe06b6da8,1,0.6124153733253479,0.9478890299797058,0.5998154282569885,0.8916053771972656,0.012599945068359375,0.056283652782440186,0.0016878377238098152,71
llama3_8b,pavlick_nli,2,81db6b25ecfa83eb,1,0.6054841876029968,0.8863362073898315,0.5935146808624268,0.8528889417648315,0.011969506740570068,0.033447265625,8.181213535213283e-05,190
llama3_8b,pavlick_nli,2,f4bd4d64cf7846ee,0,0.6071076989173889,0.9402056932449341,0.5991068482398987,0.8741969466209412,0.008000850677490234,0.06600874662399292,-0.0022828144030861974,47
llama3_8b,pavlick_nli,2,c26e5d4f3cf9ae3d,1,0.5851824879646301,0.9104606509208679,0.5778511762619019,0.9155989289283752,0.0073313117027282715,-0.005138278007507324,-0.0005410748544080746,149
llama3_8b,pavlick_nli,2,e35a89533fcdb71c,1,0.6003583669662476,0.8555271029472351,0.5840273499488831,0.8678300976753235,0.016331017017364502,-0.012302994728088379,-0.0026225392692819094,37
llama3_8b,pavlick_nli,2,d4a92f3bc67c2d19,1,0.5882347226142883,0.9055222868919373,0.5718782544136047,0.8905947804450989,0.016356468200683594,0.014927506446838379,-0.002050787346800198,59
llama3_8b,pavlick_nli,2,7ff07ab1d4540c2c,1,0.5711068511009216,0.9341816902160645,0.5617683529853821,0.9066109657287598,0.00933849811553955,0.027570724487304688,0.00036071448945884654,161
llama3_8b,pavlick_nli,2,ccd2853de0950a31,1,0.5952635407447815,0.927829384803772,0.5881353616714478,0.9192370772361755,0.00712817907333374,0.008592307567596436,-0.0001695708896336523,181
llama3_8b,pavlick_nli,2,9890b488a50cb8ac,0,0.5818559527397156,0.9116537570953369,0.572104811668396,0.8094980120658875,0.00975114107131958,0.10215574502944946,-0.0026341031488301136,36
llama3_8b,pavlick_nli,2,784c7ce6ba764f16,0,0.5410906672477722,0.9221831560134888,0.5362005829811096,0.8553173542022705,0.004890084266662598,0.06686580181121826,-0.0032673964499106423,26
llama3_8b,pavlick_nli,2,bf37da770008651d,0,0.6133672595024109,0.9523588418960571,0.6186063289642334,0.9283158779144287,-0.00523906946182251,0.024042963981628418,-0.000786525843898378,131
llama3_8b,pavlick_nli,2,b1dc8963b8c9362d,1,0.662814199924469,0.9683564901351929,0.6471948027610779,0.9278845191001892,0.015619397163391113,0.04047197103500366,-6.897816628381737e-06,196
llama3_8b,pavlick_nli,2,8c5bbb8826cf2260,0,0.6014379858970642,0.9338082075119019,0.6060539484024048,0.9099157452583313,-0.004615962505340576,0.023892462253570557,-0.000786525843898378,132
llama3_8b,pavlick_nli,2,e400e52a9a8880b9,0,0.6093689203262329,0.9697846174240112,0.5874543190002441,0.9302985668182373,0.02191460132598877,0.039486050605773926,0.010550008870499006,1
llama3_8b,pavlick_nli,2,7549b2903aa94d9e,0,0.6220202445983887,0.9219154119491577,0.6150432229042053,0.8383966684341431,0.00697702169418335,0.08351874351501465,-0.0037241015700693603,19
llama3_8b,pavlick_nli,2,da8430ed58122c15,0,0.576795220375061,0.9356910586357117,0.5810451507568359,0.8958330750465393,-0.004249930381774902,0.03985798358917236,-0.002531960997856686,38
llama3_8b,pavlick_nli,2,3b0c0e1e70bc5b9e,1,0.5889101028442383,0.9495099782943726,0.5809089541435242,0.9085903167724609,0.008001148700714111,0.04091966152191162,0.0015256708163368105,79
llama3_8b,pavlick_nli,2,33c445bb2e85559d,0,0.6110959053039551,0.944378137588501,0.599692702293396,0.8813251256942749,0.011403203010559082,0.06305301189422607,-0.0011051104598572836,109
llama3_8b,pavlick_nli,2,6377ffcd6a12dbd9,0,0.5692175030708313,0.9115169048309326,0.5899819135665894,0.9290480613708496,-0.020764410495758057,-0.017531156539916992,0.00142609566800167,86
llama3_8b,pavlick_nli,2,33228c81b8a02d49,1,0.6079694628715515,0.9427486658096313,0.5959508419036865,0.907459557056427,0.01201862096786499,0.035289108753204346,0.00015990662969028735,182
llama3_8b,pavlick_nli,2,62a7e1d4ba37b3c9,1,0.5778694748878479,0.8665542006492615,0.5804469585418701,0.8362981677055359,-0.002577483654022217,0.030256032943725586,0.0021775633621076707,56
llama3_8b,pavlick_nli,2,ca479cb5e5a76c7a,0,0.5907549262046814,0.9207165241241455,0.5897942185401917,0.8928810954093933,0.0009607076644897461,0.027835428714752197,-0.0006753907150455762,142
llama3_8b,pavlick_nli,2,a784663e86455713,0,0.5717896223068237,0.899006187915802,0.5786851644515991,0.8361759781837463,-0.006895542144775391,0.06283020973205566,-0.004931245250366534,10
llama3_8b,pavlick_nli,2,43ff0f2f6390288c,1,0.5948622226715088,0.9409059286117554,0.5900962352752686,0.9482513666152954,0.004765987396240234,-0.007345438003540039,-0.00027711683786979524,167
llama3_8b,pavlick_nli,2,b75f8b5e2a81d6dc,1,0.6070181131362915,0.9624682068824768,0.5868217945098877,0.8862705826759338,0.02019631862640381,0.07619762420654297,0.0033417281399078513,23
llama3_8b,pavlick_nli,2,4d88fecdad79a1af,0,0.5774579644203186,0.943787157535553,0.5845053791999817,0.7846949696540833,-0.007047414779663086,0.15909218788146973,-0.005909682310469899,2
llama3_8b,pavlick_nli,2,6577d9b4b26efe72,0,0.6654077172279358,0.8863053321838379,0.6722853779792786,0.8668074011802673,-0.0068776607513427734,0.019497931003570557,-0.00015749424718997096,185
llama3_8b,pavlick_nli,2,dbe38d9ec8613af0,0,0.5885095596313477,0.9676325917243958,0.5769224166870117,0.8844082355499268,0.011587142944335938,0.083224356174469,-0.002083547519960649,58
llama3_8b,pavlick_nli,2,adf6c523fc641637,1,0.5898864269256592,0.9734851121902466,0.5958304405212402,0.9578914046287537,-0.005944013595581055,0.01559370756149292,0.0018236119930443717,67
llama3_8b,pavlick_nli,2,c8ea8d55a4607b3d,0,0.5907197594642639,0.9215738773345947,0.6153556704521179,0.9428887367248535,-0.024635910987854004,-0.02131485939025879,0.001453096424022804,83
llama3_8b,pavlick_nli,2,07fe6e13b4ca754d,1,0.6179015636444092,0.9672266244888306,0.6051093339920044,0.9507681131362915,0.012792229652404785,0.016458511352539062,-0.0010127415230450354,118
llama3_8b,pavlick_nli,2,586a0cb3c53142e4,1,0.6345365643501282,0.9698226451873779,0.617245078086853,0.9382398724555969,0.017291486263275146,0.031582772731781006,-0.0010239806108314209,114
llama3_8b,pavlick_nli,2,3b070cf9d523dfbb,0,0.604736328125,0.9101914167404175,0.6092821359634399,0.8891547918319702,-0.004545807838439941,0.021036624908447266,-0.00015818523891752978,184
llama3_8b,pavlick_nli,2,b539c7fe2dc2b5b3,0,0.5688019394874573,0.8896707892417908,0.5769541263580322,0.8616764545440674,-0.008152186870574951,0.02799433469772339,-0.0011276066565115705,107
llama3_8b,pavlick_nli,2,6fbe73dbcae59ae8,1,0.5997526049613953,0.975094199180603,0.5871309638023376,0.9466842412948608,0.012621641159057617,0.028409957885742188,-0.00019793779213800322,178
llama3_8b,pavlick_nli,2,07a9d9cf0ad07922,1,0.5729185342788696,0.9378337860107422,0.5768629312515259,0.9310247898101807,-0.00394439697265625,0.0068089962005615234,0.0012970465089088834,92
llama3_8b,pavlick_nli,2,5d2a45e760cad8ea,0,0.6145033836364746,0.9590074419975281,0.609575092792511,0.9499574899673462,0.004928290843963623,0.009049952030181885,0.002388109461234078,42
llama3_8b,pavlick_nli,2,c2268790e362cd95,1,0.6204107999801636,0.9570179581642151,0.5974014401435852,0.9354027509689331,0.02300935983657837,0.021615207195281982,-0.0034502681770103294,22
llama3_8b,pavlick_nli,2,4f8b0927e718f7e7,1,0.6130828857421875,0.9468189477920532,0.6116107106208801,0.8920617699623108,0.001472175121307373,0.05475717782974243,0.003493773882339124,21
llama3_8b,pavlick_nli,2,3f9d502d726f48d0,1,0.5833677053451538,0.941261351108551,0.5907502770423889,0.930716872215271,-0.007382571697235107,0.01054447889328003,0.0018959033185724783,64
llama3_8b,pavlick_nli,2,826f27e67566e359,0,0.5955564975738525,0.9310330152511597,0.6032322645187378,0.9089826345443726,-0.007675766944885254,0.02205038070678711,-0.0004088083852316071,160
llama3_8b,pavlick_nli,2,0dd45a74f51aef3b,0,0.5812616944313049,0.8586313724517822,0.5985726714134216,0.843568742275238,-0.0173109769821167,0.01506263017654419,0.0001853767090497227,179
llama3_8b,pavlick_nli,2,1c0a50a74244dcd4,1,0.6009052395820618,0.9682427048683167,0.5776416659355164,0.9365138411521912,0.02326357364654541,0.03172886371612549,-0.0026737268037247963,33
llama3_8b,pavlick_nli,2,180492ee3b1f6678,0,0.5892990231513977,0.9121140837669373,0.5928232669830322,0.9072602987289429,-0.0035242438316345215,0.004853785037994385,0.0011384046727131447,106
llama3_8b,pavlick_nli,2,3c6e949df3166ee3,0,0.6024283766746521,0.9404482841491699,0.5911684036254883,0.8631108999252319,0.011259973049163818,0.07733738422393799,-0.002185070362600239,53
llama3_8b,pavlick_nli,2,ce774672a0c8c1c9,1,0.59758061170578,0.8961795568466187,0.5904044508934021,0.9269336462020874,0.00717616081237793,-0.03075408935546875,-0.0007600821934164448,134
llama3_8b,pavlick_nli,2,1bf1869651839910,0,0.5452978610992432,0.9413890242576599,0.5482659935951233,0.9657886028289795,-0.002968132495880127,-0.02439957857131958,0.0016562765534555157,73
llama3_8b,pavlick_nli,2,b46d2a3114332bb3,1,0.5850769281387329,0.9370617866516113,0.5827138423919678,0.9367417693138123,0.0023630857467651367,0.00032001733779907227,0.0002321768165925997,169
llama3_8b,pavlick_nli,2,5523008246bc3e91,0,0.5974315404891968,0.9412662386894226,0.5983356237411499,0.943413257598877,-0.000904083251953125,-0.0021470189094543457,0.0014303936299165931,85
llama3_8b,pavlick_nli,2,0c8ccd9c612b5484,1,0.616655707359314,0.9743166565895081,0.5892432928085327,0.9368475079536438,0.02741241455078125,0.03746914863586426,-0.0023676149405883473,44
llama3_8b,pavlick_nli,2,e9e1acff40e3b8ff,1,0.6263541579246521,0.9613693356513977,0.6042402386665344,0.9224780797958374,0.022113919258117676,0.0388912558555603,-0.002281578633266723,48
llama3_8b,pavlick_nli,2,f9a206a16c180bd2,0,0.5713992118835449,0.914567768573761,0.5771785974502563,0.8779283761978149,-0.005779385566711426,0.036639392375946045,-0.002215663138766588,51
llama3_8b,pavlick_nli,2,cd14bb22413573fc,1,0.5736770629882812,0.959654688835144,0.5680137872695923,0.9267392158508301,0.005663275718688965,0.032915472984313965,0.0012279497745941725,100
llama3_8b,pavlick_nli,2,230e565597e59589,1,0.5906222462654114,0.919912576675415,0.5888420343399048,0.9247463941574097,0.0017802119255065918,-0.004833817481994629,0.00022845537338184174,170
llama3_8b,pavlick_nli,2,32c8fa34ca7f71c0,1,0.613889753818512,0.9266411066055298,0.608285665512085,0.9145267009735107,0.005604088306427002,0.012114405632019043,5.499489384030998e-05,193
llama3_8b,pavlick_nli,2,c12fbe8bd002d448,1,0.6275971531867981,0.8974569439888,0.6261664032936096,0.9058105945587158,0.0014307498931884766,-0.008353650569915771,0.00019944884691330822,176
llama3_8b,pavlick_nli,2,01cfcab1b7b29ac5,0,0.5644497871398926,0.9277591109275818,0.5536737442016602,0.8599258661270142,0.010776042938232422,0.06783324480056763,-0.0013024095691380189,89
llama3_8b,pavlick_nli,2,e78ae4bd6066116b,0,0.5742876529693604,0.9245091080665588,0.5777985453605652,0.9275897145271301,-0.003510892391204834,-0.003080606460571289,0.0012624517007042146,94
llama3_8b,pavlick_nli,2,dce4b6a8ac431455,1,0.6214871406555176,0.9633239507675171,0.6000055074691772,0.9299330711364746,0.021481633186340332,0.03339087963104248,-0.0015123542687238145,80
llama3_8b,pavlick_nli,2,afee6844cc3061d7,1,0.5961706042289734,0.9389782547950745,0.581647515296936,0.9070530533790588,0.014523088932037354,0.031925201416015625,-0.0005586675820666298,147
llama3_8b,pavlick_nli,2,acf0308fe7f7928b,0,0.5696547031402588,0.971749484539032,0.5561366081237793,0.9464175701141357,0.013518095016479492,0.02533191442489624,0.004521514210338223,14
llama3_8b,pavlick_nli,2,c06479e16f75c996,1,0.5765501260757446,0.9462853074073792,0.5781050324440002,0.9315820336341858,-0.0015549063682556152,0.01470327377319336,0.0011514232341592323,104
llama3_8b,pavlick_nli,2,453b0595c1235a24,0,0.5654048323631287,0.9550572037696838,0.5580222606658936,0.9089153409004211,0.007382571697235107,0.046141862869262695,-0.0011060822923351643,108
llama3_8b,pavlick_nli,2,389e37d8fe9114de,1,0.5936736464500427,0.9652262926101685,0.591532826423645,0.936156153678894,0.002140820026397705,0.029070138931274414,0.0015656971819581478,76
llama3_8b,pavlick_nli,2,50efe3706b2e29ad,0,0.5950481295585632,0.9775570631027222,0.598836362361908,0.9385904669761658,-0.0037882328033447266,0.038966596126556396,-0.0023792215402021477,43
llama3_8b,pavlick_nli,2,062774a672fb478f,0,0.5913697481155396,0.9268715381622314,0.5947045087814331,0.9097118973731995,-0.0033347606658935547,0.017159640789031982,0.0002015956353459969,175
llama3_8b,pavlick_nli,2,a511f8875c6abefb,0,0.5900105834007263,0.9205852746963501,0.5879964232444763,0.9289859533309937,0.00201416015625,-0.008400678634643555,0.002194054362006148,52
llama3_8b,pavlick_nli,2,2867753d97938d5a,1,0.6031688451766968,0.9452900886535645,0.5986114740371704,0.9247111678123474,0.004557371139526367,0.02057892084121704,0.0006009747760670203,143
llama3_8b,pavlick_nli,2,e333f817bb86c464,0,0.6107128262519836,0.9476132392883301,0.6025766730308533,0.9434852004051208,0.008136153221130371,0.0041280388832092285,0.0037419739753350445,18
llama3_8b,pavlick_nli,2,badb74d295b40eed,1,0.5700393319129944,0.9719897508621216,0.5685171484947205,0.9516026377677917,0.0015221834182739258,0.020387113094329834,0.0009205352494296437,125
llama3_8b,pavlick_nli,2,ded5310c8709cf1b,0,0.617139458656311,0.9362887740135193,0.6277146935462952,0.9338235259056091,-0.01057523488998413,0.0024652481079101562,0.0010247301820346388,113
llama3_8b,pavlick_nli,2,8576ebf08da03e11,0,0.5722576379776001,0.8907729387283325,0.5783002972602844,0.8253200650215149,-0.006042659282684326,0.06545287370681763,-0.004902727597939693,11
llama3_8b,pavlick_nli,2,8d691cc3370a92cd,0,0.601757824420929,0.9079629778862,0.6115044951438904,0.9042183756828308,-0.009746670722961426,0.0037446022033691406,0.0009935882057647838,121
llama3_8b,pavlick_nli,2,774d263dc3727e25,1,0.5984918475151062,0.9084627032279968,0.5825698971748352,0.9352148175239563,0.015921950340270996,-0.026752114295959473,-0.00250232965513536,40
llama3_8b,pavlick_nli,2,1be5dc225adb3d85,1,0.595679521560669,0.9574073553085327,0.5943308472633362,0.9439730644226074,0.0013486742973327637,0.013434290885925293,0.0007147974493076359,138
llama3_8b,pavlick_nli,2,d40ef3821b3e7923,0,0.6157137155532837,0.9396457076072693,0.6096890568733215,0.920154869556427,0.006024658679962158,0.019490838050842285,0.0018467785715953755,66
llama3_8b,pavlick_nli,2,238b4f0a76ccd82b,1,0.6044917106628418,0.94942307472229,0.5907282829284668,0.910938560962677,0.013763427734375,0.03848451375961304,-7.126492850229038e-05,191
llama3_8b,pavlick_nli,2,471ac87f04d818d1,0,0.5877380967140198,0.9539633989334106,0.5739801526069641,0.6603118777275085,0.013757944107055664,0.2936515212059021,-0.0026860506591058486,32
llama3_8b,pavlick_nli,2,04a31f6e7353f7fd,1,0.6260080933570862,0.9525432586669922,0.6185764074325562,0.9351518750190735,0.007431685924530029,0.0173913836479187,-3.080857302106832e-06,197
llama3_8b,pavlick_nli,2,fc0b0c259a560f8b,1,0.5827243328094482,0.9483045935630798,0.5832673907279968,0.9254501461982727,-0.000543057918548584,0.02285444736480713,0.0013903312235842846,87
llama3_8b,pavlick_nli,2,259cd65b63e94803,0,0.5902469158172607,0.9493653178215027,0.5901605486869812,0.8685771226882935,8.636713027954102e-05,0.08078819513320923,-0.0054849049751227175,8
llama3_8b,pavlick_nli,2,51afae6fb8628e36,1,0.5868003368377686,0.8914875984191895,0.5873273611068726,0.9522370100021362,-0.0005270242691040039,-0.06074941158294678,0.00031610090366301913,166
llama3_8b,pavlick_nli,2,1f4adb332921d74a,0,0.5989099740982056,0.9117648601531982,0.6052031517028809,0.8655888438224792,-0.006293177604675293,0.046176016330718994,-0.0036163804307297043,20
llama3_8b,pavlick_nli,2,3ccb01afb900349d,1,0.5678417086601257,0.9230532050132751,0.5740441679954529,0.9006620049476624,-0.0062024593353271484,0.022391200065612793,0.0021457175132741924,57
llama3_8b,pavlick_nli,2,25f5261865753be4,1,0.5642114281654358,0.9609513878822327,0.5551816821098328,0.8904252052307129,0.009029746055603027,0.07052618265151978,0.004640363811328929,13
llama3_8b,pavlick_nli,2,90b4729f2fa4e26e,1,0.611869752407074,0.9578890204429626,0.6082125902175903,0.7793519496917725,0.0036571621894836426,0.17853707075119019,0.014365159263410088,0
llama3_8b,pavlick_nli,2,ad3fbf30207bcca5,0,0.59820157289505,0.9195418357849121,0.5957579016685486,0.9426428079605103,0.002443671226501465,-0.023100972175598145,0.002650226898819219,34
llama3_8b,pavlick_nli,2,27b2cf337edda2e3,1,0.6116384863853455,0.9368239641189575,0.6044648885726929,0.9442506432533264,0.007173597812652588,-0.0074266791343688965,-0.0005700813808766081,146
llama3_8b,pavlick_nli,2,063203d11c1dd933,0,0.5831444263458252,0.9279814958572388,0.5860388278961182,0.9026401042938232,-0.0028944015502929688,0.025341391563415527,-0.0007784332935001914,133
llama3_8b,pavlick_nli,2,b9b80656183e4eab,1,0.5476568341255188,0.9161117672920227,0.5454714298248291,0.9041517376899719,0.0021854043006896973,0.011960029602050781,0.0005544572495068678,148
llama3_8b,pavlick_nli,2,0bf28f4317184eb4,0,0.6090698838233948,0.9782794117927551,0.604312002658844,0.9298223853111267,0.004757881164550781,0.04845702648162842,-0.002005964705347252,61
llama3_8b,pavlick_nli,2,8a26ee59f20b2e5e,1,0.5790080428123474,0.9694377779960632,0.5726028680801392,0.9612396359443665,0.006405174732208252,0.008198142051696777,-0.00010766671729245392,188
llama3_8b,pavlick_nli,2,4fcaef9420990fe3,0,0.5756592750549316,0.9382217526435852,0.5758503079414368,0.9052848815917969,-0.00019103288650512695,0.03293687105178833,-0.0015726306556788638,74
llama3_8b,pavlick_nli,2,e9967612a82c1afd,0,0.6004499197006226,0.9194347262382507,0.5897272229194641,0.8932186961174011,0.010722696781158447,0.02621603012084961,0.0026446975254408867,35
llama3_8b,pavlick_nli,2,a6455b4218983d7c,1,0.5819023847579956,0.949190080165863,0.5728673338890076,0.9376618266105652,0.009035050868988037,0.011528253555297852,-0.0004883953850934875,156
llama3_8b,pavlick_nli,2,e7e3b49fd7f567f3,0,0.5971148014068604,0.9342654347419739,0.5925158858299255,0.8654175400733948,0.0045989155769348145,0.0688478946685791,-0.0033208295249840813,24
llama3_8b,pavlick_nli,2,b70b83cc1502fda4,1,0.5790778398513794,0.914763867855072,0.578033447265625,0.9290322661399841,0.0010443925857543945,-0.01426839828491211,0.00014304552682592453,187
llama3_8b,pavlick_nli,2,6d462a597b6244ff,1,0.589077889919281,0.9278566837310791,0.5833677053451538,0.9255619645118713,0.005710184574127197,0.0022947192192077637,-0.00020631030893358826,174
llama3_8b,pavlick_nli,2,0b13d5969dbcb224,0,0.6078019142150879,0.9035273790359497,0.6133028864860535,0.881278932094574,-0.005500972270965576,0.022248446941375732,-0.0003238456002175316,165
llama3_8b,pavlick_nli,2,d9c67a8e146c6278,1,0.5769927501678467,0.9705418348312378,0.5750711560249329,0.9294655323028564,0.0019215941429138184,0.04107630252838135,0.00250487987288045,39
llama3_8b,pavlick_nli,2,2423790d858fb0bc,1,0.5789682269096375,0.9350316524505615,0.577417254447937,0.9089252948760986,0.0015509724617004395,0.02610635757446289,0.0014322188338265485,84
llama3_8b,pavlick_nli,2,ad050343c1812fff,1,0.5981354713439941,0.9514795541763306,0.584976851940155,0.9214940071105957,0.013158619403839111,0.029985547065734863,-0.00019793779213800322,177
llama3_8b,pavlick_nli,2,d874d740aeeaf990,0,0.5917200446128845,0.90921950340271,0.592275857925415,0.834795355796814,-0.0005558133125305176,0.074424147605896,-0.00522985551735855,9
llama3_8b,pavlick_nli,2,310eb2f3cef7d3d0,0,0.6020088195800781,0.9613626599311829,0.590674877166748,0.8350372910499573,0.011333942413330078,0.12632536888122559,-0.002185070362600239,54
llama3_8b,pavlick_nli,2,9e02149046798b7b,0,0.5788432955741882,0.9361958503723145,0.5854417681694031,0.7812448740005493,-0.006598472595214844,0.15495097637176514,-0.005909682310469899,3
llama3_8b,pavlick_nli,2,42fc696d554ba537,1,0.5786369442939758,0.9686903357505798,0.568162739276886,0.9074415564537048,0.010474205017089844,0.061248779296875,0.0024498366019840567,41
llama3_8b,pavlick_nli,2,9ea7cd2cee11d241,0,0.5498518943786621,0.9425902366638184,0.5496517419815063,0.8535880446434021,0.00020015239715576172,0.08900219202041626,-0.0054849049751227175,7
llama3_8b,pavlick_nli,2,049294fd109af673,0,0.5959352850914001,0.9366763234138489,0.5981398224830627,0.9478675723075867,-0.0022045373916625977,-0.011191248893737793,0.001530392097441935,78
llama3_8b,pavlick_nli,2,2fbd8a108269911c,0,0.5573253035545349,0.937466561794281,0.5628106594085693,0.894794762134552,-0.005485355854034424,0.042671799659729004,-0.003071916960264598,29
llama3_8b,pavlick_nli,2,d7f359a5c7fca571,1,0.5732212662696838,0.9094865322113037,0.5687705874443054,0.8968197703361511,0.004450678825378418,0.012666761875152588,0.00035763592311555126,162
llama3_8b,pavlick_nli,2,81cb86f5f1b348d5,1,0.6194268465042114,0.9321215748786926,0.6106359362602234,0.9215297698974609,0.008790910243988037,0.01059180498123169,-0.0004883953850934875,155
llama3_8b,pavlick_nli,2,5f8881f8ecd5ce58,1,0.5958957076072693,0.9252349734306335,0.5999816656112671,0.9185484051704407,-0.004085958003997803,0.006686568260192871,0.0012970465089088834,91
llama3_8b,pavlick_nli,2,0c93ac988567554e,0,0.5992119312286377,0.9633315205574036,0.5784258842468262,0.8727090358734131,0.020786046981811523,0.09062248468399048,0.005688309928113866,4
llama3_8b,pavlick_nli,2,3236a333bff2e637,0,0.6060208678245544,0.9578602313995361,0.6058111786842346,0.8897125124931335,0.00020968914031982422,0.06814771890640259,-0.004506467915019352,15
llama3_8b,pavlick_nli,2,60ec68263f991681,0,0.5821652412414551,0.9294405579566956,0.5834751129150391,0.9061006307601929,-0.0013098716735839844,0.023339927196502686,-0.0004371884784117319,157
llama3_8b,pavlick_nli,2,5efdf39a8bb9c45f,0,0.6074661016464233,0.9625928997993469,0.5997951626777649,0.9237908720970154,0.007670938968658447,0.03880202770233154,0.00020742571596565895,173
llama3_8b,pavlick_nli,2,76fcb7ba89933222,1,0.5891868472099304,0.925834059715271,0.5778001546859741,0.9026829600334167,0.011386692523956299,0.023151099681854248,-0.0005388087901112004,150
llama3_8b,pavlick_nli,2,22ed32f77790bf54,1,0.5772533416748047,0.8863138556480408,0.5762009024620056,0.8799262046813965,0.0010524392127990723,0.006387650966644287,0.0005365075615065273,151
llama3_8b,pavlick_nli,2,8fe960c85a96ce97,1,0.5956125855445862,0.9524171352386475,0.5708554983139038,0.9287495613098145,0.024757087230682373,0.023667573928833008,-0.00330729248606354,25
llama3_8b,pavlick_nli,2,8412d97596d20a13,1,0.5726609230041504,0.9674919843673706,0.5684499144554138,0.9490991234779358,0.004211008548736572,0.018392860889434814,0.000514570792218283,153
llama3_8b,pavlick_nli,2,5cc1937070677d99,0,0.5883845686912537,0.9271863698959351,0.5908644795417786,0.9149744510650635,-0.0024799108505249023,0.012211918830871582,0.0005852354840411578,145
llama3_8b,pavlick_nli,2,935518d8cc496f68,1,0.5903070569038391,0.9477561712265015,0.5830572247505188,0.9035481810569763,0.0072498321533203125,0.044207990169525146,0.002182306497597264,55
llama3_8b,pavlick_nli,2,7d894dce641e6e65,0,0.6086360812187195,0.9696681499481201,0.6015059947967529,0.937619686126709,0.007130086421966553,0.03204846382141113,0.00043370840284079337,158
llama3_8b,pavlick_nli,2,f220c96de130eb21,1,0.5763649940490723,0.9238184094429016,0.566012442111969,0.9381528496742249,0.010352551937103271,-0.014334440231323242,-0.0010700964912617739,111
llama3_8b,pavlick_nli,2,8ccd3b4f69dfa1f3,0,0.5878497362136841,0.927437424659729,0.5882341265678406,0.8878999352455139,-0.00038439035415649414,0.03953748941421509,-0.0022311765217498114,50
llama3_8b,pavlick_nli,2,3ac459e03588f618,1,0.6098334193229675,0.9159263372421265,0.5981916785240173,0.9072191715240479,0.011641740798950195,0.008707165718078613,-0.001235587649476233,97
llama3_8b,pavlick_nli,2,f24b368728bccccf,1,0.5566865801811218,0.8876016139984131,0.5526169538497925,0.9015014171600342,0.004069626331329346,-0.013899803161621094,-0.00017651494653669886,180
llama3_8b,pavlick_nli,2,47a09f271b1cde06,1,0.6561433672904968,0.9443356394767761,0.6443774700164795,0.9205445647239685,0.011765897274017334,0.023791074752807617,-0.0006978976555916394,139
llama3_8b,pavlick_nli,2,68a718d6dbd63111,1,0.603010892868042,0.9711158871650696,0.6002061367034912,0.9618086218833923,0.0028047561645507812,0.009307265281677246,0.0004279060442755056,159
llama3_8b,pavlick_nli,2,bf6193526c6443f4,0,0.5921053886413574,0.9327484965324402,0.5882022380828857,0.9172605276107788,0.0039031505584716797,0.015487968921661377,0.0015718875906386987,75
llama3_8b,pavlick_nli,2,e1b54b0f406e0937,0,0.585175633430481,0.9374089241027832,0.5830053091049194,0.8955835103988647,0.0021703243255615234,0.04182541370391846,-0.002029095633076683,60
llama3_8b,pavlick_nli,2,ae8bd7cda52013cc,0,0.5912742614746094,0.9346402883529663,0.596230149269104,0.8783347606658936,-0.004955887794494629,0.056305527687072754,-0.004299700591327227,17
llama3_8b,pavlick_nli,2,c309305bd9d59643,1,0.6004160046577454,0.9263054132461548,0.5962714552879333,0.9073203802108765,0.004144549369812012,0.01898503303527832,0.000514570792218283,154
llama3_8b,pavlick_nli,2,3e45dad449ce295d,1,0.5863552689552307,0.9279970526695251,0.586333692073822,0.9206911325454712,2.1576881408691406e-05,0.007305920124053955,0.0007245334610827547,137
llama3_8b,pavlick_nli,2,371b1d2acbe1cfec,1,0.6088685393333435,0.9674988389015198,0.5987646579742432,0.9346320629119873,0.010103881359100342,0.03286677598953247,0.0005999571267940595,144
llama3_8b,pavlick_nli,2,30852fc6e5cfe666,0,0.6219022870063782,0.9679355025291443,0.6057539582252502,0.8909178972244263,0.01614832878112793,0.07701760530471802,0.0014757083327507081,82
llama3_8b,pavlick_nli,2,75a261eadf9b2ec2,1,0.5588216185569763,0.9140861630439758,0.5535275936126709,0.8691758513450623,0.00529402494430542,0.044910311698913574,0.002366687355099595,45
llama3_8b,pavlick_nli,2,ee6f953efaf63463,1,0.5878801941871643,0.9330664873123169,0.5889162421226501,0.9161139726638794,-0.0010360479354858398,0.0169525146484375,0.001195522162687368,101
llama3_8b,pavlick_nli,2,542c399bf8027d05,0,0.5823600888252258,0.8828991651535034,0.5942490100860596,0.8697087168693542,-0.01188892126083374,0.01319044828414917,0.00033862964773834214,163
llama3_8b,pavlick_nli,2,9ec511628c139f5c,1,0.5905932784080505,0.9520614147186279,0.5959784984588623,0.9652844071388245,-0.005385220050811768,-0.013222992420196533,0.0010854353374522008,110
llama3_8b,pavlick_nli,2,cf1347776e63d058,0,0.6036481857299805,0.8978410363197327,0.5889468193054199,0.8509520888328552,0.014701366424560547,0.04688894748687744,0.0030758535934901077,28
llama3_8b,pavlick_nli,2,1f55b293eca8e2f0,1,0.579147458076477,0.9452506303787231,0.5814570784568787,0.9318439960479736,-0.0023096203804016113,0.013406634330749512,0.001251613140946739,95
llama3_8b,pavlick_nli,2,4a8f20f3cd5ce4d3,1,0.6004650592803955,0.9452722072601318,0.5994584560394287,0.9297325611114502,0.0010066032409667969,0.01553964614868164,0.0007931946354842734,130
llama3_8b,pavlick_nli,2,a4040be682be5346,1,0.591525137424469,0.9436351656913757,0.5699037313461304,0.9339894652366638,0.021621406078338623,0.009645700454711914,-0.002795455795903734,31
llama3_8b,pavlick_nli,2,ee3f836287d4416c,1,0.5870487093925476,0.9180474877357483,0.585605263710022,0.9415374994277954,0.0014434456825256348,-0.02349001169204712,3.574928894328755e-05,195
llama3_8b,pavlick_nli,2,b84b9ecaa4fbd7e1,1,0.6003575325012207,0.9588059186935425,0.5849413871765137,0.9279780387878418,0.015416145324707031,0.030827879905700684,-0.0008378553993255156,128
llama3_8b,pavlick_nli,2,c75ebe8a58bcebf6,1,0.6226754188537598,0.947105884552002,0.6102966070175171,0.9296852946281433,0.012378811836242676,0.017420589923858643,-0.0009718048929484024,123
