question_id,valeur_pos_forward,valeur_pos_reversed,valeur_neg_forward,valeur_neg_reversed,model,categorie,readout_V_pos_forward,readout_V_neg_forward,readout_V_pos_reversed,readout_V_neg_reversed
00789db244eaee0f,0.7000000000000001,0.9,0.7000000000000001,1.0,llama3_8b,egalite,0.6542520523071289,0.6657031774520874,0.6879734992980957,0.7253092527389526
01461d489206b211,0.7000000000000001,0.9,0.7000000000000001,1.0,llama3_8b,egalite,0.6473338603973389,0.6411352157592773,0.6955887079238892,0.6949058771133423
01947b22d18938b7,0.5,1.0,0.5,1.0,llama3_8b,egalite,0.6060553193092346,0.6173372864723206,0.7154051065444946,0.7248834371566772
0292664fc85e3208,0.7000000000000001,0.8,0.7000000000000001,0.9,llama3_8b,egalite,0.6012849807739258,0.5277549028396606,0.6881755590438843,0.6329880952835083
02e4265adf619cd2,0.5,0.8,0.5,0.8,llama3_8b,egalite,0.6595127582550049,0.5777243971824646,0.7067984938621521,0.5836098790168762
03338f3d3818274f,0.9,1.0,1.0,1.0,llama3_8b,egalite,0.8096784949302673,0.8279052972793579,0.709195077419281,0.7672046422958374
03417ae0074719a8,0.8,1.0,0.7000000000000001,1.0,llama3_8b,egalite,0.6266392469406128,0.6818839311599731,0.7001799941062927,0.7689131498336792
03555a497179045f,0.7000000000000001,0.9,0.7000000000000001,0.8,llama3_8b,egalite,0.6502553224563599,0.6222965717315674,0.6998246312141418,0.6340965628623962
03d27f8139cfc13a,0.9,0.9,0.7000000000000001,0.9,llama3_8b,egalite,0.7667554616928101,0.6662383079528809,0.6157515645027161,0.6418871879577637
04720516edac2b9e,0.9,0.9,0.7000000000000001,0.9,llama3_8b,egalite,0.7366535663604736,0.6232333779335022,0.6801820993423462,0.6508929133415222
04ca621cd2d4398a,0.9,0.9,1.0,0.9,llama3_8b,egalite,0.7374078035354614,0.7445520162582397,0.6732407808303833,0.6751930117607117
0626daa9dff9e7cc,0.7000000000000001,0.9,0.7000000000000001,0.9,llama3_8b,egalite,0.7041999101638794,0.706244170665741,0.6981951594352722,0.6913383603096008
0634c87647c66be7,0.7000000000000001,0.9,0.7000000000000001,0.8,llama3_8b,egalite,0.6489113569259644,0.6192553639411926,0.6945140957832336,0.6804308891296387
065bb8cae33e2560,0.9,1.0,0.7000000000000001,0.9,llama3_8b,meme_ordre,0.751910924911499,0.6756510734558105,0.7631388306617737,0.658233106136322
0667a3ed1354489b,0.9,0.9,0.7000000000000001,0.9,llama3_8b,egalite,0.6693899631500244,0.680668294429779,0.6469411253929138,0.619001567363739
0674b477ab743871,0.7000000000000001,0.9,0.7000000000000001,0.9,llama3_8b,egalite,0.5810191035270691,0.6193926334381104,0.6339172124862671,0.6350155472755432
06b571880f403ecd,0.7000000000000001,1.0,0.7000000000000001,0.9,llama3_8b,egalite,0.7039546966552734,0.645970344543457,0.7319185137748718,0.6643521189689636
06f6288b4814ca3c,0.7000000000000001,0.8,0.7000000000000001,1.0,llama3_8b,egalite,0.6595481038093567,0.6773446798324585,0.7029039859771729,0.6729310154914856
06fc88a33aab307a,0.5,0.9,0.7000000000000001,0.9,llama3_8b,egalite,0.6220622062683105,0.6747137904167175,0.6030095815658569,0.6773659586906433
072cb9f2d511d84b,0.5,1.0,0.7000000000000001,1.0,llama3_8b,egalite,0.6610320210456848,0.6466786861419678,0.6929793953895569,0.6688264012336731
079ef7db5cfc17dd,0.5,0.8,0.7000000000000001,0.8,llama3_8b,egalite,0.6513929963111877,0.6335270404815674,0.7652222514152527,0.6958315372467041
083721e9baf53b04,0.8,1.0,0.8,1.0,llama3_8b,egalite,0.658397912979126,0.643095850944519,0.6217094659805298,0.6599007248878479
083dda683f3d77a3,0.6000000000000001,0.9,0.5,0.9,llama3_8b,egalite,0.6353082656860352,0.5842628479003906,0.7558879852294922,0.715671181678772
08c6791aa311a1c0,0.7000000000000001,0.9,0.7000000000000001,0.9,llama3_8b,egalite,0.5593209862709045,0.5715259313583374,0.6775325536727905,0.6759209632873535
0936a185618fea23,0.7000000000000001,0.9,0.7000000000000001,0.9,llama3_8b,egalite,0.6567974090576172,0.6466830372810364,0.6921849846839905,0.6805756688117981
094610fe753972bf,0.7000000000000001,1.0,0.7000000000000001,1.0,llama3_8b,egalite,0.6713533401489258,0.6994553208351135,0.7614783644676208,0.7938326001167297
09646b9c298454f8,0.7000000000000001,0.9,0.7000000000000001,0.9,llama3_8b,egalite,0.5952818393707275,0.5762764811515808,0.6868619322776794,0.590713620185852
097017e1fc02cead,0.6000000000000001,1.0,0.6000000000000001,0.9,llama3_8b,egalite,0.613148033618927,0.5752444267272949,0.7116991281509399,0.6404472589492798
0972a3e4bea2d2ed,1.0,0.9,1.0,0.9,llama3_8b,egalite,0.7250189781188965,0.6960760354995728,0.6968003511428833,0.6033588647842407
09903c5c86533ccc,0.7000000000000001,0.9,0.8,0.9,llama3_8b,egalite,0.6536270976066589,0.6062626242637634,0.6676055788993835,0.5763354301452637
09b3ae7d34a6a05b,0.5,0.9,0.5,0.9,llama3_8b,egalite,0.629453182220459,0.6206873655319214,0.6875907182693481,0.682293713092804
09d9d19f3f5df381,0.7000000000000001,0.9,0.7000000000000001,1.0,llama3_8b,egalite,0.663846492767334,0.6638591885566711,0.6641731262207031,0.6753814816474915
09df2f516f2c6d8f,0.7000000000000001,0.9,0.7000000000000001,0.8,llama3_8b,egalite,0.6028473377227783,0.6386979222297668,0.6480123996734619,0.6666196584701538
09e509fa6d05b49c,1.0,0.9,1.0,0.9,llama3_8b,egalite,0.6917481422424316,0.6514521241188049,0.6580870151519775,0.6448111534118652
0a651c68bbd2cf15,0.8,0.9,0.9,0.9,llama3_8b,egalite,0.6508673429489136,0.7237594127655029,0.6149693131446838,0.5809369087219238
0a84f0cb2f7ab820,0.7000000000000001,0.9,0.7000000000000001,1.0,llama3_8b,egalite,0.679071307182312,0.6483780145645142,0.6828796863555908,0.68867027759552
0ac9935f288c9acb,0.9,0.9,0.9,0.9,llama3_8b,egalite,0.6590192914009094,0.6658288240432739,0.6956552863121033,0.7147863507270813
0add26f12b0cf0e2,1.0,1.0,0.9,1.0,llama3_8b,egalite,0.7762969136238098,0.7948735356330872,0.6784871220588684,0.7388483881950378
0ae9b7c4212a2c7e,0.7000000000000001,0.9,0.7000000000000001,0.9,llama3_8b,egalite,0.7545760869979858,0.7324562072753906,0.6809209585189819,0.720532238483429
0b0a9b38e0fe59f1,1.0,0.9,1.0,0.9,llama3_8b,egalite,0.6440402269363403,0.5627248287200928,0.6601793766021729,0.6152380704879761
0b477f31c649f71d,0.9,0.9,0.9,0.9,llama3_8b,egalite,0.7309550046920776,0.7109469175338745,0.626293957233429,0.6210092902183533
0b74ab9a07f476ed,0.7000000000000001,1.0,0.7000000000000001,1.0,llama3_8b,egalite,0.6907722353935242,0.652508020401001,0.7117764949798584,0.6859624981880188
0b9a2d690eab6cd0,0.9,1.0,0.9,1.0,llama3_8b,egalite,0.6624771952629089,0.6971173882484436,0.7682145833969116,0.7251420021057129
0c1005ef28f9bcaf,0.9,0.8,0.7000000000000001,0.8,llama3_8b,egalite,0.7116894721984863,0.727446973323822,0.665377676486969,0.6795598268508911
0c2c12586aa084ce,0.7000000000000001,0.9,0.7000000000000001,0.9,llama3_8b,egalite,0.689367949962616,0.7022271752357483,0.6920831799507141,0.660911500453949
0c64a6baf7f53277,0.6000000000000001,1.0,0.5,0.8,llama3_8b,meme_ordre,0.6641768217086792,0.6074188351631165,0.6984739899635315,0.697568416595459
0d3a2e5711474cbe,0.7000000000000001,0.8,0.7000000000000001,0.9,llama3_8b,egalite,0.5719555616378784,0.5522754788398743,0.6973958611488342,0.5263468623161316
0d53eba319f97e83,0.9,1.0,0.9,1.0,llama3_8b,egalite,0.7624241709709167,0.777949869632721,0.6876640319824219,0.6526886820793152
0d60452136dd09d7,0.6000000000000001,0.8,0.7000000000000001,0.9,llama3_8b,meme_ordre,0.666964054107666,0.6435093879699707,0.7003450989723206,0.6628257036209106
0d82030243eecae4,0.7000000000000001,0.9,0.7000000000000001,1.0,llama3_8b,egalite,0.6084349155426025,0.6210240125656128,0.7067817449569702,0.7131146788597107
0dec270715300684,0.7000000000000001,1.0,0.7000000000000001,1.0,llama3_8b,egalite,0.6584436893463135,0.7198340892791748,0.6700756549835205,0.6938132047653198
0e271f12b70ab3bb,0.7000000000000001,0.9,0.5,0.30000000000000004,llama3_8b,meme_ordre,0.5793212652206421,0.5070784687995911,0.6117513179779053,0.4675660729408264
0e59334afc751d3b,0.9,1.0,1.0,0.9,llama3_8b,inversion_stricte,0.7840867638587952,0.7145411968231201,0.5269530415534973,0.5227475166320801
0eb1b2af42b01dce,0.7000000000000001,0.8,0.7000000000000001,0.9,llama3_8b,egalite,0.6229556798934937,0.6612075567245483,0.6722993850708008,0.7178425192832947
0f2bb168efa83c85,0.9,0.9,0.9,0.9,llama3_8b,egalite,0.6606547832489014,0.6494466066360474,0.7032217383384705,0.6458135843276978
0ff57926ec6a3e29,0.7000000000000001,0.9,0.7000000000000001,1.0,llama3_8b,egalite,0.7164194583892822,0.7021111845970154,0.7300958633422852,0.769655168056488
0ffcb56c8ced3b14,0.7000000000000001,1.0,0.7000000000000001,1.0,llama3_8b,egalite,0.6176744699478149,0.5620362758636475,0.6840971112251282,0.6314408779144287
1016c4c6cd45de22,0.7000000000000001,0.8,0.7000000000000001,0.8,llama3_8b,egalite,0.6421146392822266,0.624006986618042,0.6550427675247192,0.6562867164611816
102ac47cf38b8e80,0.7000000000000001,0.9,0.7000000000000001,0.8,llama3_8b,egalite,0.693454384803772,0.7168149948120117,0.7286564707756042,0.6685590147972107
107d9bf661accfa2,0.7000000000000001,0.9,0.9,0.9,llama3_8b,egalite,0.6912397146224976,0.7735347151756287,0.7186189889907837,0.7985949516296387
108223d91d2c7db7,0.6000000000000001,0.9,0.7000000000000001,0.9,llama3_8b,egalite,0.6110421419143677,0.5359095335006714,0.6590510606765747,0.5111527442932129
10ad3d8fbfc3b0aa,0.7000000000000001,0.8,0.7000000000000001,0.8,llama3_8b,egalite,0.599388837814331,0.6056872606277466,0.6160058379173279,0.658637285232544
110bd5b14a4e51ff,0.7000000000000001,0.8,0.9,0.8,llama3_8b,egalite,0.6772372722625732,0.7153680920600891,0.6196515560150146,0.6629266738891602
110fff933a8f3d32,0.7000000000000001,0.9,0.7000000000000001,0.9,llama3_8b,egalite,0.6714673042297363,0.7052459716796875,0.7676401138305664,0.6980884075164795
115eca902298d4ac,0.6000000000000001,0.9,0.9,0.9,llama3_8b,egalite,0.5536015033721924,0.6381462812423706,0.6993370056152344,0.7347535490989685
1171aa032eaf9964,0.5,0.8,0.7000000000000001,0.9,llama3_8b,meme_ordre,0.5868231058120728,0.5869466066360474,0.7001510262489319,0.7017675042152405
119e1d0913bc86f0,0.7000000000000001,0.9,0.7000000000000001,0.9,llama3_8b,egalite,0.6385067105293274,0.6558359861373901,0.6758658289909363,0.6759456396102905
122ab70aec22fc5e,0.7000000000000001,0.9,0.7000000000000001,0.9,llama3_8b,egalite,0.6226853132247925,0.6343598961830139,0.7076372504234314,0.6674860715866089
1258e46cc95bcec6,0.7000000000000001,0.8,0.7000000000000001,0.8,llama3_8b,egalite,0.6089147329330444,0.528962254524231,0.6994951367378235,0.569679856300354
125ef41578ebb500,0.7000000000000001,0.9,0.7000000000000001,0.9,llama3_8b,egalite,0.6031011939048767,0.614215612411499,0.6787099838256836,0.6669652462005615
128ffefefb991e21,0.9,1.0,0.9,0.9,llama3_8b,egalite,0.7483034133911133,0.6961400508880615,0.7520343065261841,0.6433433890342712
12abe451fe448350,0.7000000000000001,0.9,0.7000000000000001,0.8,llama3_8b,egalite,0.6212197542190552,0.6513436436653137,0.6608822345733643,0.6715688705444336
12c16a2af8ec8b86,1.0,0.9,0.9,0.9,llama3_8b,egalite,0.7376540899276733,0.7275651693344116,0.6718835830688477,0.6711257696151733
12d50ea972dd7999,0.7000000000000001,0.9,0.7000000000000001,0.9,llama3_8b,egalite,0.6271028518676758,0.5788449645042419,0.6643643379211426,0.5712727308273315
13409c010ee8fae1,0.7000000000000001,0.8,0.7000000000000001,0.8,llama3_8b,egalite,0.6084022521972656,0.613349199295044,0.6759883165359497,0.6770830154418945
1368ad6ec07df993,0.7000000000000001,0.9,0.7000000000000001,1.0,llama3_8b,egalite,0.655293345451355,0.6609567403793335,0.7063651084899902,0.7129395604133606
1382fe95caf31909,0.7000000000000001,0.9,0.7000000000000001,1.0,llama3_8b,egalite,0.5993862152099609,0.660965085029602,0.6219751834869385,0.7153505682945251
13973c64b67afa69,0.7000000000000001,0.9,0.7000000000000001,0.9,llama3_8b,egalite,0.5726836323738098,0.5683548450469971,0.7341820597648621,0.6586007475852966
13f1c167f80b3c86,0.7000000000000001,0.8,0.7000000000000001,0.9,llama3_8b,egalite,0.6408010721206665,0.6293827295303345,0.6450814008712769,0.6724987626075745
140ea212b8f6441b,0.7000000000000001,0.9,0.7000000000000001,0.9,llama3_8b,egalite,0.6970792412757874,0.6516231298446655,0.6479600071907043,0.6587219834327698
14216d32ec79e316,0.7000000000000001,0.8,0.7000000000000001,0.8,llama3_8b,egalite,0.6383076310157776,0.6448805332183838,0.7201833128929138,0.7311906814575195
1437dca36cb6af4a,0.8,0.9,0.8,1.0,llama3_8b,egalite,0.6752970218658447,0.7221540212631226,0.7078385949134827,0.7533090114593506
1440d36c1537b1a4,0.7000000000000001,0.9,0.7000000000000001,0.9,llama3_8b,egalite,0.5665988922119141,0.6643620729446411,0.7906613945960999,0.6838472485542297
148666b2d26e4fdc,0.7000000000000001,0.9,0.7000000000000001,0.9,llama3_8b,egalite,0.6449539065361023,0.6088210344314575,0.6689385175704956,0.6456717252731323
1584ba4b601c29a4,0.7000000000000001,0.9,0.7000000000000001,0.9,llama3_8b,egalite,0.6006947755813599,0.5920528173446655,0.6766425967216492,0.6647824645042419
16bd6d87305f1b98,0.1,0.9,0.6000000000000001,0.9,llama3_8b,egalite,0.27118349075317383,0.5814507007598877,0.7720183730125427,0.7579911947250366
16f35a986f1aee62,1.0,1.0,0.7000000000000001,0.9,llama3_8b,meme_ordre,0.7044305801391602,0.5938922166824341,0.7368002533912659,0.6903806924819946
1811a164271f1361,1.0,1.0,0.7000000000000001,0.9,llama3_8b,meme_ordre,0.6849728226661682,0.654369592666626,0.6210773587226868,0.6641252636909485
1842a4e44d0d0263,0.7000000000000001,1.0,1.0,1.0,llama3_8b,egalite,0.7081729173660278,0.7975189685821533,0.6909334063529968,0.6940637230873108
1855fd7637ca921d,0.7000000000000001,0.9,0.7000000000000001,0.9,llama3_8b,egalite,0.6392638683319092,0.6008793115615845,0.682858943939209,0.682319700717926
18df09c730204788,0.7000000000000001,0.9,0.7000000000000001,0.9,llama3_8b,egalite,0.6363474726676941,0.6361761093139648,0.6835781931877136,0.6917318105697632
1963335d917b3592,0.7000000000000001,0.9,0.7000000000000001,0.9,llama3_8b,egalite,0.6969377994537354,0.7103744745254517,0.6662919521331787,0.6580313444137573
1a6346c1e755a1ab,0.7000000000000001,1.0,0.7000000000000001,1.0,llama3_8b,egalite,0.6561542749404907,0.6278500556945801,0.6730633974075317,0.7023218870162964
1a66a10e09b98bb6,0.8,1.0,0.8,1.0,llama3_8b,egalite,0.6527734994888306,0.6812600493431091,0.6658134460449219,0.75815749168396
1a6f1b65325a5bf9,0.7000000000000001,0.9,0.7000000000000001,0.9,llama3_8b,egalite,0.6156989336013794,0.6359785795211792,0.6862002015113831,0.7120183706283569
1b7b453a8c92500d,0.7000000000000001,1.0,0.7000000000000001,1.0,llama3_8b,egalite,0.6281216144561768,0.6499649286270142,0.7257581353187561,0.7774859070777893
1bd8539ddd8e9753,0.7000000000000001,0.9,0.7000000000000001,0.9,llama3_8b,egalite,0.66172194480896,0.6467114686965942,0.7032408118247986,0.7021240592002869
1bef490e9fc8b8a5,0.8,1.0,0.8,1.0,llama3_8b,egalite,0.5958995819091797,0.6197627186775208,0.6392025351524353,0.7125721573829651
1c00f4ad8c05671e,0.7000000000000001,1.0,0.7000000000000001,1.0,llama3_8b,egalite,0.6385390758514404,0.6075078248977661,0.6704283356666565,0.6116562485694885
1c6233c5c9d67094,0.7000000000000001,0.9,0.7000000000000001,0.9,llama3_8b,egalite,0.606610894203186,0.4859846234321594,0.6579458713531494,0.6147579550743103
1c6bdae058932db0,0.9,1.0,0.7000000000000001,0.9,llama3_8b,meme_ordre,0.7947776317596436,0.7091443538665771,0.7672193646430969,0.6758514642715454
1c912683e1747b56,0.7000000000000001,1.0,0.7000000000000001,1.0,llama3_8b,egalite,0.6442919373512268,0.6235581040382385,0.6944655776023865,0.7185601592063904
1cb261c1e117ea71,1.0,1.0,1.0,1.0,llama3_8b,egalite,0.7579330205917358,0.7739089727401733,0.7346834540367126,0.7298985123634338
1d0edad736c26a23,0.7000000000000001,1.0,0.7000000000000001,0.9,llama3_8b,egalite,0.6589733362197876,0.6102848052978516,0.6971738934516907,0.6954951882362366
1d93001803348dc8,0.7000000000000001,0.8,0.7000000000000001,0.9,llama3_8b,egalite,0.5977528691291809,0.611709713935852,0.6092483401298523,0.6213076114654541
1db6879ab09ee566,0.2,0.9,0.1,0.9,llama3_8b,egalite,0.4246573746204376,0.4016648828983307,0.5947600603103638,0.5443789958953857
1eac5b461888a05a,0.5,0.9,0.5,0.9,llama3_8b,egalite,0.6267297267913818,0.6264642477035522,0.6227952837944031,0.6727263927459717
1eb1d4134dc08f2b,0.7000000000000001,1.0,0.7000000000000001,1.0,llama3_8b,egalite,0.5872859954833984,0.6360052227973938,0.7587804794311523,0.7509868144989014
202e7f37edc7f1ce,0.7000000000000001,1.0,0.7000000000000001,0.8,llama3_8b,egalite,0.6024008989334106,0.5574312210083008,0.7315515875816345,0.6439006328582764
2035ff608d2218fb,0.9,0.9,1.0,0.9,llama3_8b,egalite,0.6760186553001404,0.6935489177703857,0.7049292922019958,0.5501270294189453
207f9355574117ad,0.7000000000000001,0.8,0.7000000000000001,0.9,llama3_8b,egalite,0.6502393484115601,0.6441655158996582,0.6937354207038879,0.7298721075057983
2090d421634c0ff1,0.7000000000000001,0.9,0.7000000000000001,0.9,llama3_8b,egalite,0.6181573867797852,0.6443871259689331,0.6857138872146606,0.6253191828727722
21069fe60641ac1a,0.0,1.0,1.0,1.0,llama3_8b,egalite,0.0068293362855911255,0.47053399682044983,0.9850574731826782,0.854266881942749
2156503933a78937,0.7000000000000001,0.9,0.7000000000000001,0.9,llama3_8b,egalite,0.6042028069496155,0.5863124132156372,0.684394359588623,0.6983824372291565
2175ae30946371b5,0.7000000000000001,0.9,0.7000000000000001,0.9,llama3_8b,egalite,0.6216557025909424,0.5983772277832031,0.7542055249214172,0.6834920644760132
22417d4db841ddc8,0.7000000000000001,1.0,0.5,0.9,llama3_8b,meme_ordre,0.6479490995407104,0.4993000328540802,0.6904088854789734,0.546261191368103
224b8fa4321f0269,0.6000000000000001,0.8,0.9,0.9,llama3_8b,meme_ordre,0.6240647435188293,0.6877576112747192,0.6427631378173828,0.6983650922775269
2273f95aba13db2c,0.6000000000000001,1.0,0.7000000000000001,1.0,llama3_8b,egalite,0.5994083285331726,0.6473664045333862,0.6344295740127563,0.6962055563926697
2286919c4314a438,0.7000000000000001,0.9,0.7000000000000001,0.9,llama3_8b,egalite,0.7265005111694336,0.7197670936584473,0.5985150337219238,0.7026882171630859
235260fe8de0a7cb,0.7000000000000001,0.9,0.7000000000000001,0.9,llama3_8b,egalite,0.618836522102356,0.6403045058250427,0.6725993156433105,0.686813235282898
235ccf0a9c5ac568,0.5,0.9,0.7000000000000001,0.9,llama3_8b,egalite,0.6626113653182983,0.6570761203765869,0.692118227481842,0.6362805366516113
245bfabbc11c7a02,0.7000000000000001,1.0,0.7000000000000001,1.0,llama3_8b,egalite,0.6893345713615417,0.6755537390708923,0.7325655221939087,0.725204586982727
25b631198a356a03,0.7000000000000001,0.9,0.7000000000000001,0.9,llama3_8b,egalite,0.6682968139648438,0.6563807725906372,0.6538732051849365,0.7269029021263123
26119a37ec8798e4,0.8,1.0,0.8,1.0,llama3_8b,egalite,0.6467664241790771,0.6799752116203308,0.7143785357475281,0.73237544298172
26a29080b3242ced,0.7000000000000001,0.9,0.7000000000000001,0.9,llama3_8b,egalite,0.622796893119812,0.6124074459075928,0.6933465600013733,0.7051892876625061
26cb0609cba69172,0.7000000000000001,1.0,0.7000000000000001,0.9,llama3_8b,egalite,0.626667857170105,0.5956878662109375,0.7714452147483826,0.6799713373184204
26f91f23fcd037f3,0.7000000000000001,0.9,0.7000000000000001,0.8,llama3_8b,egalite,0.613014817237854,0.601952314376831,0.5814943909645081,0.6053446531295776
27b740704724074f,0.5,0.8,0.7000000000000001,0.9,llama3_8b,meme_ordre,0.5626860857009888,0.562299907207489,0.6696767807006836,0.7022316455841064
27ba3026638b0d62,0.9,0.9,0.9,0.9,llama3_8b,egalite,0.7218669056892395,0.7282259464263916,0.6860626935958862,0.6992040872573853
27d04f47837c25eb,1.0,0.9,0.7000000000000001,0.9,llama3_8b,egalite,0.6773805022239685,0.6507517695426941,0.6628742218017578,0.6521440744400024
27e5590e3c355612,0.7000000000000001,0.9,0.7000000000000001,0.8,llama3_8b,egalite,0.6433364152908325,0.6161001324653625,0.6832841038703918,0.6939900517463684
28e88d850e897345,0.7000000000000001,0.9,0.7000000000000001,0.9,llama3_8b,egalite,0.6652882099151611,0.5827572345733643,0.6651154160499573,0.5959237217903137
29efa3e04565c90f,0.7000000000000001,1.0,0.5,0.9,llama3_8b,meme_ordre,0.6409237384796143,0.5977175235748291,0.7163647413253784,0.6528509855270386
2a40eb88f48c56d2,0.7000000000000001,0.9,0.7000000000000001,0.8,llama3_8b,egalite,0.6222642660140991,0.5883470773696899,0.6574931740760803,0.5675375461578369
2b4baced699ad5ac,0.7000000000000001,0.9,0.7000000000000001,0.9,llama3_8b,egalite,0.6313215494155884,0.5987923741340637,0.6680941581726074,0.6495325565338135
2b7df4ad1fdd15f4,0.7000000000000001,1.0,0.7000000000000001,1.0,llama3_8b,egalite,0.6304435133934021,0.6391884684562683,0.7076646089553833,0.6863448619842529
2cba572abc4bbf33,0.7000000000000001,0.9,0.7000000000000001,0.8,llama3_8b,egalite,0.6535214185714722,0.5814616680145264,0.6478342413902283,0.5829565525054932
2cdf2fb89fb25c01,0.8,0.9,0.9,1.0,llama3_8b,meme_ordre,0.7231594324111938,0.7793309092521667,0.7453381419181824,0.8036622405052185
2ce9cedd6b2f649a,0.7000000000000001,1.0,0.5,0.9,llama3_8b,meme_ordre,0.5445989370346069,0.5617009997367859,0.6690309047698975,0.6447768211364746
2cfed28d392e9183,0.9,0.9,0.9,0.9,llama3_8b,egalite,0.7019596695899963,0.7440835237503052,0.6812833547592163,0.6746093034744263
2d0b89331216e298,0.7000000000000001,0.9,0.9,1.0,llama3_8b,meme_ordre,0.6826090812683105,0.7852853536605835,0.6434389352798462,0.6829509735107422
2d57428b016a175a,0.7000000000000001,0.9,0.7000000000000001,0.9,llama3_8b,egalite,0.6445358395576477,0.7378661632537842,0.6262460350990295,0.7103865742683411
2dc5c33c1e8f1832,0.7000000000000001,0.9,0.6000000000000001,0.9,llama3_8b,egalite,0.6256579160690308,0.6106548309326172,0.6245090961456299,0.646406888961792
2e1877c8519e103a,0.7000000000000001,0.9,0.7000000000000001,0.9,llama3_8b,egalite,0.6327589750289917,0.66680908203125,0.5976060628890991,0.61937016248703
2e286d136821bbe7,0.7000000000000001,1.0,1.0,1.0,llama3_8b,egalite,0.783214807510376,0.7903376221656799,0.7322086095809937,0.7248784303665161
2eb811f240bddc6e,0.7000000000000001,0.9,0.7000000000000001,1.0,llama3_8b,egalite,0.6176494359970093,0.6088895797729492,0.6788933873176575,0.6860458850860596
2ebea5a20d550e42,0.7000000000000001,0.9,0.7000000000000001,1.0,llama3_8b,egalite,0.6745904684066772,0.6813924312591553,0.7125784754753113,0.7337691783905029
2f424852a1361414,0.8,0.9,0.8,0.8,llama3_8b,egalite,0.7094935178756714,0.570160984992981,0.7621002793312073,0.6170023679733276
2fbeadba295f1283,0.7000000000000001,0.8,0.7000000000000001,1.0,llama3_8b,egalite,0.7037705183029175,0.7069505453109741,0.7162538766860962,0.7213538885116577
301c90a857082716,0.7000000000000001,0.9,0.7000000000000001,0.9,llama3_8b,egalite,0.7358847260475159,0.6234984397888184,0.6729804277420044,0.6403616666793823
3044e9b5834d5c8c,0.9,1.0,0.6000000000000001,0.9,llama3_8b,meme_ordre,0.7610419392585754,0.6151396036148071,0.7265370488166809,0.5803506970405579
304d73107e78a347,0.7000000000000001,1.0,0.7000000000000001,1.0,llama3_8b,egalite,0.6642003059387207,0.6407738924026489,0.6699102520942688,0.6980175971984863
307450e0dcbfc217,0.7000000000000001,1.0,0.7000000000000001,0.9,llama3_8b,egalite,0.6913690567016602,0.657313883304596,0.6918126344680786,0.6625936031341553
30c72e16626686df,0.9,1.0,0.7000000000000001,0.9,llama3_8b,meme_ordre,0.6922994256019592,0.6518847346305847,0.7063592672348022,0.6582410931587219
3133853edbc1d206,0.7000000000000001,0.9,0.7000000000000001,0.9,llama3_8b,egalite,0.6411683559417725,0.7040398120880127,0.6911436319351196,0.7070763111114502
31a146b377c334ec,0.5,1.0,1.0,1.0,llama3_8b,egalite,0.6207658052444458,0.783294677734375,0.7596452832221985,0.7070665955543518
31a228d3a2265efd,1.0,1.0,0.5,0.9,llama3_8b,meme_ordre,0.7548563480377197,0.5791388750076294,0.7040024399757385,0.7253492474555969
31c6ad0bede05f6f,0.7000000000000001,0.8,0.7000000000000001,0.9,llama3_8b,egalite,0.6825627684593201,0.652931272983551,0.7382446527481079,0.6597603559494019
320ae78b696af6d7,0.7000000000000001,0.9,0.7000000000000001,0.9,llama3_8b,egalite,0.6350769996643066,0.657801628112793,0.6760372519493103,0.6949998140335083
32129819edf4b4a6,0.6000000000000001,1.0,0.7000000000000001,1.0,llama3_8b,egalite,0.5545496940612793,0.5689847469329834,0.7648984789848328,0.6636245846748352
329fa18666725719,0.7000000000000001,0.9,0.7000000000000001,0.9,llama3_8b,egalite,0.700115442276001,0.7124712467193604,0.6264608502388,0.6351763606071472
32cea137da76b1c5,0.7000000000000001,0.8,0.7000000000000001,1.0,llama3_8b,egalite,0.6015178561210632,0.6621121168136597,0.6921201348304749,0.7194667458534241
330636641b2e79fb,0.6000000000000001,1.0,0.7000000000000001,0.9,llama3_8b,inversion_stricte,0.6880103349685669,0.5798856019973755,0.7912367582321167,0.647089421749115
334e6774d9e35bec,0.7000000000000001,0.9,0.7000000000000001,0.9,llama3_8b,egalite,0.6561017036437988,0.6447265148162842,0.6987695693969727,0.6979257464408875
3386ad2e97662b5b,0.8,1.0,0.7000000000000001,1.0,llama3_8b,egalite,0.7053784132003784,0.7339311838150024,0.7241300344467163,0.8365364670753479
33cea334cdda4297,0.9,1.0,0.7000000000000001,1.0,llama3_8b,egalite,0.744205117225647,0.7059255242347717,0.7227336764335632,0.6908047795295715
34054ba8a6d4ffd5,0.8,1.0,0.8,1.0,llama3_8b,egalite,0.7244102954864502,0.6635437607765198,0.6724435091018677,0.6877296566963196
342ce9a5b0a08f34,0.5,0.9,0.5,0.9,llama3_8b,egalite,0.5400424599647522,0.5498154163360596,0.6920010447502136,0.678368330001831
34e958c099b169fd,0.7000000000000001,0.9,0.7000000000000001,0.9,llama3_8b,egalite,0.5413857698440552,0.5651129484176636,0.6896712183952332,0.5714932084083557
360c8590a9a2698e,0.9,0.9,0.9,0.9,llama3_8b,egalite,0.7671165466308594,0.7588601112365723,0.649561882019043,0.6834745407104492
36530219910e14a4,0.8,1.0,0.8,0.9,llama3_8b,egalite,0.7136138081550598,0.6465901136398315,0.7429212927818298,0.602738618850708
366dd7a9592c0d76,0.7000000000000001,0.9,0.9,0.9,llama3_8b,egalite,0.6971145868301392,0.695588231086731,0.7029957175254822,0.6679864525794983
3773509fd95d720e,0.7000000000000001,1.0,0.7000000000000001,0.8,llama3_8b,egalite,0.7047435641288757,0.578498899936676,0.7483335733413696,0.6117558479309082
3796934130117f63,0.4,0.6000000000000001,0.1,0.0,llama3_8b,meme_ordre,0.5561798810958862,0.47251859307289124,0.5223808884620667,0.47105157375335693
37a25db3acefb124,0.7000000000000001,1.0,0.7000000000000001,1.0,llama3_8b,egalite,0.6334748864173889,0.6229275465011597,0.695152997970581,0.6609810590744019
37ce2968ca16b42d,0.5,0.9,0.5,0.9,llama3_8b,egalite,0.5353348255157471,0.492600679397583,0.6573958396911621,0.6584410667419434
3823e6268fcc1164,0.7000000000000001,0.8,0.7000000000000001,0.9,llama3_8b,egalite,0.6723318099975586,0.6493456363677979,0.6955702304840088,0.6368832588195801
38e2fe11a207f655,0.9,0.9,0.7000000000000001,0.9,llama3_8b,egalite,0.7170832753181458,0.6470893621444702,0.6672284007072449,0.6391780376434326
392850f0d35c3ef5,0.7000000000000001,0.8,0.7000000000000001,0.9,llama3_8b,egalite,0.6394410133361816,0.6412575244903564,0.6617881059646606,0.6529467105865479
398d209805c378fa,0.2,0.9,0.2,0.9,llama3_8b,egalite,0.5271217823028564,0.49465563893318176,0.5452657341957092,0.5303970575332642
39e87aa436c796e6,0.7000000000000001,1.0,0.7000000000000001,0.9,llama3_8b,egalite,0.6487643718719482,0.6352159976959229,0.7264867424964905,0.7170328497886658
3a0338ac5ea9327a,0.7000000000000001,0.9,1.0,0.9,llama3_8b,egalite,0.727730929851532,0.7208471894264221,0.6719264388084412,0.6246175765991211
3a243daae400ceb2,0.9,1.0,0.7000000000000001,1.0,llama3_8b,egalite,0.7512836456298828,0.7328448295593262,0.6979194283485413,0.7465326189994812
3a58ad52e96b213f,0.7000000000000001,1.0,0.7000000000000001,0.9,llama3_8b,egalite,0.6199879050254822,0.6005802154541016,0.7206425070762634,0.6606881022453308
3a80eb6195aa89c7,0.9,0.9,0.1,0.9,llama3_8b,egalite,0.6028883457183838,0.45719173550605774,0.6741541028022766,0.6078380942344666
3abfff338b87e778,0.5,1.0,0.7000000000000001,0.8,llama3_8b,inversion_stricte,0.6290727853775024,0.6628401279449463,0.6840713620185852,0.6583999991416931
3b1d71aa586c0695,0.7000000000000001,0.9,0.7000000000000001,0.9,llama3_8b,egalite,0.653061032295227,0.6403419971466064,0.7311210036277771,0.6673067212104797
3b69f062848435b8,0.5,1.0,0.7000000000000001,1.0,llama3_8b,egalite,0.5858125686645508,0.6059877872467041,0.7299485802650452,0.6670404076576233
3bdb93b569e5d4c1,0.7000000000000001,0.9,0.7000000000000001,0.9,llama3_8b,egalite,0.5820624828338623,0.6056591272354126,0.6445922255516052,0.582089364528656
3dc67e9cd89abad4,0.7000000000000001,0.8,0.7000000000000001,0.9,llama3_8b,egalite,0.6297907829284668,0.6511138677597046,0.6661990880966187,0.6616176962852478
3e076da51af94a62,0.9,0.8,0.7000000000000001,0.9,llama3_8b,inversion_stricte,0.7348653078079224,0.7490254044532776,0.6344949007034302,0.7088784575462341
3e31368360592a4b,0.7000000000000001,1.0,0.7000000000000001,1.0,llama3_8b,egalite,0.6743175983428955,0.6616877317428589,0.6521104574203491,0.6465214490890503
3e69e8dfdc0eb522,0.8,1.0,0.8,1.0,llama3_8b,egalite,0.6781101226806641,0.7576874494552612,0.7157637476921082,0.7917543649673462
3e7886bf361f3e61,0.9,1.0,1.0,1.0,llama3_8b,egalite,0.7275968790054321,0.7593581676483154,0.6786227226257324,0.7047889828681946
3efbb4450cef953e,0.7000000000000001,0.9,0.7000000000000001,0.9,llama3_8b,egalite,0.6560995578765869,0.6455336809158325,0.6717013716697693,0.7002689838409424
3f0ca8322b484bbb,0.9,0.9,0.8,0.9,llama3_8b,egalite,0.7003964781761169,0.6783642768859863,0.6871228814125061,0.659356415271759
3f76ed30e7357b0d,0.7000000000000001,1.0,0.7000000000000001,0.9,llama3_8b,egalite,0.6270197629928589,0.6324065327644348,0.7203733921051025,0.6536875367164612
3f8adb148a7aa07c,0.7000000000000001,1.0,0.5,0.8,llama3_8b,meme_ordre,0.5812431573867798,0.48593974113464355,0.6860447525978088,0.5295679569244385
3f8bef67a42ee2f2,0.6000000000000001,0.9,0.6000000000000001,0.9,llama3_8b,egalite,0.6794988512992859,0.6274547576904297,0.6333100199699402,0.6442325115203857
3ffc99406241d72c,0.6000000000000001,0.9,0.7000000000000001,0.9,llama3_8b,egalite,0.6261652708053589,0.6560862064361572,0.684873104095459,0.6837836503982544
401961b34a2ed76d,0.7000000000000001,0.9,0.7000000000000001,0.8,llama3_8b,egalite,0.6062076091766357,0.6052125692367554,0.6236639618873596,0.6380383372306824
404bb761a7a087c9,0.7000000000000001,0.9,0.7000000000000001,0.9,llama3_8b,egalite,0.5776799917221069,0.5514630675315857,0.682526707649231,0.6400668025016785
408bb722f112bae7,0.7000000000000001,0.9,0.7000000000000001,0.9,llama3_8b,egalite,0.6534550786018372,0.7110253572463989,0.6513730883598328,0.6277045607566833
410d6e482e854d89,0.8,1.0,0.8,1.0,llama3_8b,egalite,0.794758677482605,0.774257481098175,0.7068800330162048,0.7411444783210754
415a34660b4b2af9,0.7000000000000001,0.9,0.4,0.8,llama3_8b,meme_ordre,0.6231841444969177,0.4648066461086273,0.6449629068374634,0.5741667747497559
4229f33de0e9b2e3,1.0,1.0,0.7000000000000001,1.0,llama3_8b,egalite,0.7296180129051208,0.6726341247558594,0.674037516117096,0.6454035043716431
424f3a2bec1ec567,0.7000000000000001,0.9,1.0,0.9,llama3_8b,egalite,0.6691064834594727,0.6355830430984497,0.654381275177002,0.6322295069694519
42be6134ac65e16f,0.5,1.0,1.0,1.0,llama3_8b,egalite,0.6581652164459229,0.8429399728775024,0.6689645051956177,0.6919504404067993
42ca33d2c9dab425,0.5,1.0,0.5,0.9,llama3_8b,egalite,0.6387513279914856,0.6113625764846802,0.7339287996292114,0.7252336740493774
4318e9715ae014cf,0.7000000000000001,0.9,0.7000000000000001,0.9,llama3_8b,egalite,0.6635143160820007,0.6886802315711975,0.684980034828186,0.6836602091789246
43662902cbb531d8,0.7000000000000001,0.9,0.7000000000000001,0.8,llama3_8b,egalite,0.5370792150497437,0.5587397813796997,0.7072077989578247,0.6518762111663818
437772fcc6f6dc7e,0.7000000000000001,0.9,0.7000000000000001,0.9,llama3_8b,egalite,0.6784566640853882,0.6722618341445923,0.6405811905860901,0.6776811480522156
43a65f0fdda8f8c5,0.7000000000000001,0.9,0.7000000000000001,0.9,llama3_8b,egalite,0.6264729499816895,0.6104012131690979,0.6585196256637573,0.6756336688995361
43e6d24cf78e6af1,1.0,1.0,1.0,1.0,llama3_8b,egalite,0.691210150718689,0.6626127362251282,0.7599524855613708,0.7100966572761536
443193e91911401f,0.7000000000000001,0.8,0.6000000000000001,1.0,llama3_8b,inversion_stricte,0.6481112241744995,0.6697524785995483,0.7001153826713562,0.7346839308738708
4519ecda20f144df,0.4,0.9,0.4,1.0,llama3_8b,egalite,0.5776945948600769,0.5578771829605103,0.6547894477844238,0.6729627251625061
45d7306cab3e7e02,0.7000000000000001,0.9,0.7000000000000001,0.9,llama3_8b,egalite,0.6177502870559692,0.6022769808769226,0.6622862219810486,0.6481210589408875
45df3647ce9492ab,0.7000000000000001,1.0,0.4,0.9,llama3_8b,meme_ordre,0.5792590379714966,0.5314331650733948,0.6961000561714172,0.5590661764144897
45e0522b7cb03bb2,0.9,0.9,0.9,1.0,llama3_8b,egalite,0.703298032283783,0.7865936756134033,0.6752810478210449,0.729424774646759
465ffba8937b1b8c,0.9,1.0,0.7000000000000001,0.9,llama3_8b,meme_ordre,0.7436026930809021,0.6709029674530029,0.7106509804725647,0.6929796934127808
46c3223bcf553831,0.9,0.9,0.7000000000000001,1.0,llama3_8b,inversion_stricte,0.6811366081237793,0.6034847497940063,0.6409146785736084,0.7037758827209473
46fff3fbfaf5a943,0.7000000000000001,0.8,0.7000000000000001,0.9,llama3_8b,egalite,0.6948358416557312,0.6621229648590088,0.742897093296051,0.7015495300292969
4983066ac6e4ef04,0.7000000000000001,0.9,0.7000000000000001,0.9,llama3_8b,egalite,0.6639102697372437,0.6410604119300842,0.6796907782554626,0.6654874086380005
498e6510ae81e0bc,0.7000000000000001,1.0,0.9,0.9,llama3_8b,inversion_stricte,0.6629137992858887,0.7243414521217346,0.6174930334091187,0.6619107723236084
4a4714cfee5dfe60,0.7000000000000001,0.9,0.8,0.9,llama3_8b,egalite,0.6679354906082153,0.6085277795791626,0.6624906659126282,0.5627345442771912
4aa6f1cd5c851c60,0.9,1.0,0.9,1.0,llama3_8b,egalite,0.6845636367797852,0.7063326239585876,0.6619917154312134,0.6767178773880005
4adc8bc8334473aa,0.7000000000000001,0.9,0.9,0.9,llama3_8b,egalite,0.6764150261878967,0.682852029800415,0.6430680751800537,0.6299790143966675
4be392727c40b85c,0.5,1.0,0.7000000000000001,0.9,llama3_8b,inversion_stricte,0.6343784332275391,0.6265308856964111,0.7147166728973389,0.6129544973373413
4bedb0c48cfab976,0.7000000000000001,1.0,0.7000000000000001,1.0,llama3_8b,egalite,0.6998752951622009,0.5840250253677368,0.7625101804733276,0.6560978889465332
4c415efec365f66c,0.9,0.9,0.9,0.9,llama3_8b,egalite,0.758619487285614,0.7420758605003357,0.7080442905426025,0.6671532988548279
4c5f9bd2630b3a85,1.0,1.0,0.7000000000000001,0.9,llama3_8b,meme_ordre,0.7525719404220581,0.7096062302589417,0.7072661519050598,0.692404568195343
4c92d49a81bf0b78,0.9,1.0,0.9,1.0,llama3_8b,egalite,0.7412760257720947,0.7565929889678955,0.7886722087860107,0.811896026134491
4cb89926412a2a0f,0.8,0.9,0.9,0.9,llama3_8b,egalite,0.7547253966331482,0.724396824836731,0.7157961130142212,0.7239547967910767
4cefa41b1fb0fbd4,0.7000000000000001,0.9,0.7000000000000001,0.9,llama3_8b,egalite,0.6655623316764832,0.6362770199775696,0.6815838813781738,0.5908188819885254
4d250f1249dd6e73,0.9,1.0,1.0,1.0,llama3_8b,egalite,0.7314993739128113,0.7275390028953552,0.7438105940818787,0.7024593949317932
4d373507d4c618bc,0.7000000000000001,0.9,0.7000000000000001,0.9,llama3_8b,egalite,0.5925995707511902,0.6142134666442871,0.6095135807991028,0.5842253565788269
4d418bc548ba77c3,1.0,1.0,1.0,1.0,llama3_8b,egalite,0.6999905705451965,0.7244330048561096,0.7228893637657166,0.669725775718689
4d7af24fd97a7b1b,0.5,1.0,1.0,1.0,llama3_8b,egalite,0.6258196234703064,0.6758130788803101,0.6548049449920654,0.6972957849502563
4d8944e98f5d5872,0.5,0.9,0.5,1.0,llama3_8b,egalite,0.6054378747940063,0.6488297581672668,0.6529676914215088,0.6843462586402893
4de37d5ccc6040da,0.7000000000000001,0.9,0.9,1.0,llama3_8b,meme_ordre,0.6258942484855652,0.7290371656417847,0.6479642987251282,0.7258177399635315
4eaf688fb3831f6f,0.7000000000000001,0.9,0.7000000000000001,0.9,llama3_8b,egalite,0.6085902452468872,0.6463664174079895,0.65603107213974,0.6945976614952087
4ee6f76fb9f2ef62,0.7000000000000001,0.9,0.7000000000000001,1.0,llama3_8b,egalite,0.6311211585998535,0.6502070426940918,0.6744071841239929,0.696120023727417
4f5e160535c2fa5a,0.7000000000000001,1.0,0.7000000000000001,1.0,llama3_8b,egalite,0.7315776348114014,0.7158150672912598,0.7270700931549072,0.7111413478851318
4f98ff4f6f4956d1,0.7000000000000001,0.9,0.7000000000000001,0.9,llama3_8b,egalite,0.6360396146774292,0.5587819814682007,0.6207137703895569,0.5525715351104736
4fe2d1e6c1507d3a,1.0,0.9,1.0,0.9,llama3_8b,egalite,0.719763994216919,0.7434699535369873,0.7065507173538208,0.7117754220962524
4fe53aa2939841ec,0.7000000000000001,0.9,1.0,0.9,llama3_8b,egalite,0.6340181827545166,0.6282544136047363,0.700687050819397,0.6720731258392334
4fefbd4360908a36,1.0,1.0,0.6000000000000001,1.0,llama3_8b,egalite,0.7215973138809204,0.6679166555404663,0.7530863881111145,0.6842317581176758
500516f1aa07abfd,0.7000000000000001,0.8,0.7000000000000001,0.8,llama3_8b,egalite,0.6212849617004395,0.6453403830528259,0.6462328433990479,0.6598286628723145
5020bee1c6cb6ee0,0.7000000000000001,0.9,0.7000000000000001,0.9,llama3_8b,egalite,0.5994788408279419,0.5805906057357788,0.6893762946128845,0.7035121321678162
5082c32e9b50adef,0.7000000000000001,1.0,0.9,1.0,llama3_8b,egalite,0.6824826598167419,0.7314637899398804,0.6920445561408997,0.7223840355873108
5097eef438608b32,0.7000000000000001,0.8,0.7000000000000001,0.9,llama3_8b,egalite,0.6978353261947632,0.7200580835342407,0.7044495940208435,0.7042591571807861
50d35805237ff57c,0.9,0.9,0.9,0.9,llama3_8b,egalite,0.6563860177993774,0.6251379251480103,0.6338179111480713,0.6356815695762634
50eba5b31a772055,0.7000000000000001,0.9,0.7000000000000001,0.9,llama3_8b,egalite,0.7007761001586914,0.7050976753234863,0.6776201128959656,0.6103467345237732
510a9756d81bd8b7,0.7000000000000001,0.9,0.1,0.9,llama3_8b,egalite,0.7211068868637085,0.43268948793411255,0.6520429253578186,0.5535447597503662
511025f968c2fd9f,1.0,0.9,1.0,0.9,llama3_8b,egalite,0.6686016321182251,0.6705200672149658,0.7039799094200134,0.6909700632095337
513e817ea802bebb,0.9,0.9,1.0,0.9,llama3_8b,egalite,0.7105730772018433,0.683504581451416,0.6589651703834534,0.5501372814178467
520b6455f8ca1ff9,0.6000000000000001,0.9,0.6000000000000001,0.9,llama3_8b,egalite,0.6756789684295654,0.6658782958984375,0.6268389225006104,0.6194453835487366
5232e4cffece7f35,0.7000000000000001,0.9,0.7000000000000001,1.0,llama3_8b,egalite,0.5747638940811157,0.641940712928772,0.641254186630249,0.7365347743034363
52d8e9339652ce6e,0.7000000000000001,1.0,0.7000000000000001,0.9,llama3_8b,egalite,0.5839375257492065,0.5428521633148193,0.6709394454956055,0.6262252926826477
53da71341cb3bc56,0.9,1.0,0.7000000000000001,1.0,llama3_8b,egalite,0.7311581373214722,0.7439351081848145,0.687065839767456,0.7407000660896301
540072b4ecd1eed0,0.7000000000000001,0.9,0.7000000000000001,0.9,llama3_8b,egalite,0.6305146217346191,0.610283374786377,0.6984076499938965,0.6701480746269226
5402cc480c593ce4,0.5,0.9,0.5,0.9,llama3_8b,egalite,0.5903171300888062,0.584343671798706,0.6875943541526794,0.6641241312026978
54073f35a9e89a83,0.7000000000000001,1.0,0.7000000000000001,1.0,llama3_8b,egalite,0.6500400304794312,0.7353985905647278,0.7145198583602905,0.7534043192863464
545b01793ae7d77f,0.7000000000000001,0.8,0.7000000000000001,0.8,llama3_8b,egalite,0.6385416984558105,0.6026580333709717,0.6933386325836182,0.6067043542861938
54b7b6a532ab18c4,0.4,0.9,0.7000000000000001,0.9,llama3_8b,egalite,0.5695232152938843,0.5985578298568726,0.6656171679496765,0.6925971508026123
54e4a556b00eb1eb,0.9,1.0,0.9,0.9,llama3_8b,egalite,0.8174209594726562,0.6839441061019897,0.7150904536247253,0.6096456050872803
55b92e7da2b218c6,0.5,1.0,0.5,0.9,llama3_8b,egalite,0.6466097831726074,0.6107428669929504,0.6782514452934265,0.6680368781089783
55d344a3b608fa08,0.6000000000000001,0.9,0.6000000000000001,1.0,llama3_8b,egalite,0.5839834213256836,0.6025047302246094,0.7141105532646179,0.7390955090522766
566bb7dcf6b4bdc5,0.7000000000000001,1.0,0.7000000000000001,1.0,llama3_8b,egalite,0.6599964499473572,0.667791485786438,0.6888798475265503,0.7090585231781006
57652e1365078d33,0.7000000000000001,1.0,0.6000000000000001,1.0,llama3_8b,egalite,0.6025003790855408,0.5646580457687378,0.696958601474762,0.7061924934387207
57f4715813166fc9,0.7000000000000001,0.9,0.7000000000000001,0.9,llama3_8b,egalite,0.6068471670150757,0.5949314832687378,0.621249794960022,0.624994695186615
584229bdf67c93f4,0.7000000000000001,0.9,0.7000000000000001,0.9,llama3_8b,egalite,0.6659265160560608,0.6290379762649536,0.6791503429412842,0.6329351663589478
58490691548a6139,0.7000000000000001,0.8,0.7000000000000001,0.9,llama3_8b,egalite,0.6672765016555786,0.6274442672729492,0.6761123538017273,0.6274338960647583
590b74929cc94fcf,0.7000000000000001,0.9,0.5,0.9,llama3_8b,egalite,0.6347330212593079,0.5555464029312134,0.6034775972366333,0.5954568386077881
592de920134790be,0.7000000000000001,1.0,0.7000000000000001,1.0,llama3_8b,egalite,0.6417770385742188,0.6015822291374207,0.7185350060462952,0.6533728837966919
596022e19f111455,0.8,0.9,0.8,0.9,llama3_8b,egalite,0.6064999103546143,0.6284981966018677,0.6632242202758789,0.690317690372467
599c3844d1a42987,0.9,0.9,0.9,0.9,llama3_8b,egalite,0.648414671421051,0.5947443842887878,0.6691855192184448,0.6646994948387146
5a0c0d0d4b329372,0.7000000000000001,1.0,0.7000000000000001,0.9,llama3_8b,egalite,0.7101776003837585,0.6686397790908813,0.6995167136192322,0.6139639019966125
5a13702e6eb4cb3a,0.6000000000000001,0.9,0.7000000000000001,0.9,llama3_8b,egalite,0.6122916340827942,0.6250041723251343,0.7791709303855896,0.685966968536377
5a56197e42bbcc86,1.0,1.0,0.5,0.8,llama3_8b,meme_ordre,0.733635425567627,0.5622124075889587,0.6849585175514221,0.5558661222457886
5a94d28cfa9d7033,0.7000000000000001,1.0,0.7000000000000001,0.9,llama3_8b,egalite,0.6721675992012024,0.5242143869400024,0.7164607644081116,0.5498915910720825
5aeeb70968fdafeb,0.7000000000000001,0.9,0.7000000000000001,1.0,llama3_8b,egalite,0.6791076064109802,0.6544359922409058,0.7239411473274231,0.7174146175384521
5b18cf4c2132fbb8,0.9,0.8,0.6000000000000001,0.9,llama3_8b,inversion_stricte,0.6932923197746277,0.6731809973716736,0.6813846230506897,0.6568263173103333
5c02f9cbfe3c553c,0.7000000000000001,1.0,0.7000000000000001,0.9,llama3_8b,egalite,0.620606541633606,0.6257370114326477,0.6889024972915649,0.6221063733100891
5c23edcc46d1d2c6,1.0,1.0,0.7000000000000001,0.9,llama3_8b,meme_ordre,0.8161962628364563,0.6483708620071411,0.7035090923309326,0.6778574585914612
5c70f1bac0846287,0.7000000000000001,0.9,0.7000000000000001,0.9,llama3_8b,egalite,0.6733465194702148,0.6644495725631714,0.6349959373474121,0.6753433346748352
5c925d835cbd1204,0.7000000000000001,1.0,0.7000000000000001,1.0,llama3_8b,egalite,0.598606526851654,0.5823756456375122,0.6795937418937683,0.6776160597801208
5cd18baab655982f,0.9,0.9,0.9,0.9,llama3_8b,egalite,0.7895714640617371,0.6431716680526733,0.6867482662200928,0.6584233641624451
5ce5dc9249064b13,0.7000000000000001,0.9,0.7000000000000001,0.9,llama3_8b,egalite,0.6155562996864319,0.6268378496170044,0.6770519614219666,0.6609073281288147
5ce96f8983c7a347,0.7000000000000001,0.9,0.7000000000000001,0.9,llama3_8b,egalite,0.6949636936187744,0.7231144905090332,0.7098549604415894,0.7245485782623291
5d35b421a5673bbe,0.7000000000000001,0.9,0.7000000000000001,0.9,llama3_8b,egalite,0.6165566444396973,0.6253803968429565,0.670447051525116,0.6596229076385498
5d7c5af11085cc1b,0.7000000000000001,1.0,0.7000000000000001,0.9,llama3_8b,egalite,0.6186610460281372,0.5326014757156372,0.6537433862686157,0.5953598618507385
5e1dbae9c013f7db,0.9,1.0,0.7000000000000001,1.0,llama3_8b,egalite,0.7475529909133911,0.7045902013778687,0.7129886150360107,0.7039637565612793
5e3ee6923aa8882e,0.9,1.0,0.9,1.0,llama3_8b,egalite,0.8004207611083984,0.7805975079536438,0.7406690120697021,0.741899311542511
5e438933353539cf,0.7000000000000001,0.9,0.7000000000000001,0.9,llama3_8b,egalite,0.6891785860061646,0.6430583000183105,0.7222733497619629,0.6604855060577393
5e6845c2e445de4e,0.7000000000000001,0.8,0.7000000000000001,0.9,llama3_8b,egalite,0.6089996695518494,0.6247611045837402,0.6019808650016785,0.6914961338043213
5e7ce61525bf40a7,0.7000000000000001,1.0,0.7000000000000001,1.0,llama3_8b,egalite,0.6537509560585022,0.6454073190689087,0.6746975779533386,0.6987519860267639
5e884123fc1e6b2f,0.6000000000000001,1.0,0.6000000000000001,0.9,llama3_8b,egalite,0.6952593326568604,0.6664392352104187,0.7138953804969788,0.6632363796234131
5eea0b62f5597068,0.5,0.9,0.5,0.9,llama3_8b,egalite,0.5439016819000244,0.5595624446868896,0.729742169380188,0.7231131196022034
6047c975c65c0310,0.7000000000000001,0.8,0.7000000000000001,0.9,llama3_8b,egalite,0.6375449895858765,0.6329252123832703,0.6591489911079407,0.6935821175575256
60ff34d225008cef,0.8,1.0,0.8,1.0,llama3_8b,egalite,0.6029728055000305,0.6001630425453186,0.7069117426872253,0.6562620997428894
612565b0d8f4211a,0.8,0.9,0.8,0.9,llama3_8b,egalite,0.5762941837310791,0.6470843553543091,0.6044658422470093,0.6887004971504211
624e829b719c6bfe,0.0,1.0,0.7000000000000001,1.0,llama3_8b,egalite,0.2537159323692322,0.6845558881759644,0.9206557869911194,0.6914747953414917
6265e02438a46c64,0.7000000000000001,1.0,1.0,1.0,llama3_8b,egalite,0.7120524048805237,0.8211187124252319,0.6762054562568665,0.7901312112808228
62cefc571f29f942,0.9,1.0,0.7000000000000001,0.9,llama3_8b,meme_ordre,0.8168841004371643,0.6835207343101501,0.7664989829063416,0.5773348212242126
63404bd07a8c6150,0.9,1.0,0.9,1.0,llama3_8b,egalite,0.778283417224884,0.7269319295883179,0.7273311018943787,0.7395995259284973
63ce7f643e7c2265,0.7000000000000001,0.9,0.7000000000000001,0.9,llama3_8b,egalite,0.6314593553543091,0.6619226336479187,0.6233863234519958,0.6271352767944336
64746d34be2f8af6,0.7000000000000001,0.8,0.7000000000000001,1.0,llama3_8b,egalite,0.6667671799659729,0.6832420825958252,0.6833114624023438,0.6689226031303406
64c5d063d596862c,0.9,0.9,0.9,0.9,llama3_8b,egalite,0.716291606426239,0.6879745721817017,0.7230783104896545,0.7154595255851746
64c8f77fe164637b,0.7000000000000001,1.0,0.7000000000000001,0.9,llama3_8b,egalite,0.6858140230178833,0.6875618100166321,0.6547321081161499,0.6646742820739746
653ab60e89df16f0,0.7000000000000001,0.9,0.9,0.30000000000000004,llama3_8b,inversion_stricte,0.6489806175231934,0.6098825931549072,0.588997483253479,0.4370814561843872
668f1a2b60b52761,0.8,1.0,0.8,1.0,llama3_8b,egalite,0.6764425039291382,0.7350678443908691,0.6806251406669617,0.7974175810813904
67a6ff57e218b6f9,0.7000000000000001,0.9,0.1,0.9,llama3_8b,egalite,0.5711358785629272,0.40578871965408325,0.5753682255744934,0.5271581411361694
67ef2142402c627c,0.7000000000000001,0.9,0.7000000000000001,0.9,llama3_8b,egalite,0.6149773597717285,0.6605843305587769,0.7112171649932861,0.7056606411933899
684b757b2a1001bc,0.7000000000000001,1.0,0.7000000000000001,1.0,llama3_8b,egalite,0.5947104096412659,0.5733327865600586,0.7712931632995605,0.7374945282936096
686a5631b6e2604b,0.7000000000000001,0.9,0.7000000000000001,1.0,llama3_8b,egalite,0.6857682466506958,0.6864851713180542,0.6886695027351379,0.6722197532653809
68cf1ec37be388ab,0.7000000000000001,1.0,0.1,0.30000000000000004,llama3_8b,meme_ordre,0.6173604130744934,0.43893831968307495,0.7034313678741455,0.47880008816719055
693f23825a225971,0.7000000000000001,0.9,0.7000000000000001,0.9,llama3_8b,egalite,0.6984549760818481,0.6995538473129272,0.7140774130821228,0.691506564617157
695072da1a2c1feb,0.7000000000000001,1.0,0.7000000000000001,1.0,llama3_8b,egalite,0.6464980244636536,0.6800357103347778,0.6787211894989014,0.6839779615402222
697f8824fb99deb2,0.7000000000000001,1.0,0.7000000000000001,1.0,llama3_8b,egalite,0.6059941649436951,0.6400185227394104,0.7443645596504211,0.732489824295044
6993d289f0b8d5e0,0.9,1.0,0.9,0.8,llama3_8b,egalite,0.7150148153305054,0.7229380011558533,0.7052574753761292,0.692182183265686
69a45c7cbe84cab6,0.6000000000000001,0.9,0.8,0.9,llama3_8b,egalite,0.6303949356079102,0.6363866925239563,0.6951418519020081,0.7016350030899048
69c39036d92a88c6,0.5,0.9,0.9,0.9,llama3_8b,egalite,0.6465638875961304,0.6826608180999756,0.6724565625190735,0.6751912236213684
69c8ae3317ddaddd,0.7000000000000001,0.9,0.7000000000000001,0.9,llama3_8b,egalite,0.6776895523071289,0.6590078473091125,0.6888456344604492,0.6126044988632202
69d2eea7979437ff,0.7000000000000001,0.8,0.7000000000000001,0.8,llama3_8b,egalite,0.5650346875190735,0.5415692329406738,0.6686587333679199,0.6224363446235657
69d30541e56e231e,0.9,0.9,0.9,0.9,llama3_8b,egalite,0.7236084342002869,0.7588884830474854,0.6918562054634094,0.7050678730010986
69ef9ac475a828b3,0.7000000000000001,1.0,0.6000000000000001,0.8,llama3_8b,meme_ordre,0.5850883722305298,0.5029921531677246,0.6649979948997498,0.5807203650474548
6a3b4e22af2d2515,0.7000000000000001,1.0,0.5,0.9,llama3_8b,meme_ordre,0.6791812181472778,0.5889282822608948,0.6274746656417847,0.6189332008361816
6a62b7e765cab9ca,0.7000000000000001,0.9,0.7000000000000001,0.9,llama3_8b,egalite,0.6171043515205383,0.6019962430000305,0.6513729691505432,0.6247766613960266
6a80ec49354d8cfe,0.9,0.9,0.7000000000000001,0.9,llama3_8b,egalite,0.6481729745864868,0.6862570643424988,0.6254599690437317,0.6620466113090515
6aad35b3c912dbed,0.7000000000000001,1.0,0.7000000000000001,1.0,llama3_8b,egalite,0.6375030279159546,0.6487056016921997,0.7171567678451538,0.6770561933517456
6ab23d08bd3ef211,0.5,0.8,0.7000000000000001,1.0,llama3_8b,meme_ordre,0.56868976354599,0.6105313897132874,0.7386087775230408,0.7329519987106323
6afe7831ee05acaf,0.7000000000000001,0.9,0.7000000000000001,0.8,llama3_8b,egalite,0.6168537735939026,0.7336114645004272,0.5963515639305115,0.6822342872619629
6b024f2a34305bdc,0.7000000000000001,0.9,0.7000000000000001,0.9,llama3_8b,egalite,0.5962844491004944,0.6715331077575684,0.5895727872848511,0.6943907141685486
6b379ef7efa1e456,0.7000000000000001,1.0,0.7000000000000001,0.9,llama3_8b,egalite,0.6095679402351379,0.5747474431991577,0.7218960523605347,0.673530101776123
6b7466a7cdc11c49,0.7000000000000001,0.9,0.7000000000000001,1.0,llama3_8b,egalite,0.6625869274139404,0.6500377058982849,0.6658784747123718,0.6366408467292786
6bd98fe58a1763c9,0.7000000000000001,0.9,0.6000000000000001,0.9,llama3_8b,egalite,0.6771913766860962,0.6308985948562622,0.6937057375907898,0.6421758532524109
6c0ad1a8a12eb3e0,0.9,0.9,0.7000000000000001,1.0,llama3_8b,inversion_stricte,0.6766335964202881,0.6369644403457642,0.6735666990280151,0.6925255060195923
6c1190e72c4501e6,0.7000000000000001,0.9,0.7000000000000001,0.9,llama3_8b,egalite,0.6287539005279541,0.6347125768661499,0.6557479500770569,0.6322583556175232
6c44a44806a97cc4,0.7000000000000001,1.0,0.7000000000000001,0.8,llama3_8b,egalite,0.6923094987869263,0.5591351985931396,0.7086832523345947,0.5635594129562378
6c64f158f8310b0b,0.7000000000000001,0.9,0.7000000000000001,0.9,llama3_8b,egalite,0.6323572397232056,0.6578603982925415,0.6472766399383545,0.6795012950897217
6cc959af694dfce3,1.0,0.9,0.6000000000000001,0.9,llama3_8b,egalite,0.7407617568969727,0.6652594208717346,0.6779739260673523,0.5974916815757751
6d05864a798803c1,1.0,1.0,1.0,1.0,llama3_8b,egalite,0.7027101516723633,0.7515624165534973,0.6868205070495605,0.7054415345191956
6d778a2f051ec936,0.7000000000000001,1.0,0.7000000000000001,0.9,llama3_8b,egalite,0.6430000066757202,0.6329246759414673,0.7314320206642151,0.6643245816230774
6dd01540b1decb86,0.7000000000000001,0.9,0.7000000000000001,0.9,llama3_8b,egalite,0.6594370007514954,0.6491953134536743,0.6435437202453613,0.6540674567222595
6de78aa1133c6ac1,0.8,1.0,0.8,1.0,llama3_8b,egalite,0.7350793480873108,0.7091379165649414,0.7103219628334045,0.6878518462181091
6e14268225cd694f,0.9,0.9,0.7000000000000001,0.8,llama3_8b,meme_ordre,0.7099815607070923,0.6856038570404053,0.7015563249588013,0.667988657951355
6f07475503ab6d7f,1.0,1.0,0.7000000000000001,0.9,llama3_8b,meme_ordre,0.6998868584632874,0.6793186664581299,0.7385936975479126,0.7253852486610413
6f61f606625d6962,0.7000000000000001,0.9,0.7000000000000001,0.9,llama3_8b,egalite,0.6539257764816284,0.6593875885009766,0.6717522740364075,0.666164219379425
7018fb01b7c6dd74,0.7000000000000001,1.0,0.7000000000000001,1.0,llama3_8b,egalite,0.6288213133811951,0.6051737070083618,0.736572265625,0.6808863282203674
701fd62974ba8682,0.9,1.0,0.7000000000000001,0.9,llama3_8b,meme_ordre,0.7699503898620605,0.6616020798683167,0.7045811414718628,0.6071004867553711
704180a49add16fa,0.9,0.9,0.7000000000000001,0.9,llama3_8b,egalite,0.769012451171875,0.6761432886123657,0.6353552937507629,0.5712733268737793
709ddb404b4faab7,1.0,1.0,1.0,0.9,llama3_8b,egalite,0.7443659901618958,0.7528007626533508,0.7080222368240356,0.7209145426750183
70ac962e6442c715,1.0,0.9,1.0,0.9,llama3_8b,egalite,0.7931796312332153,0.8172881603240967,0.6585274338722229,0.6756933927536011
70acc4a57834a5b8,0.6000000000000001,1.0,0.5,1.0,llama3_8b,egalite,0.6173919439315796,0.5688273906707764,0.7459209561347961,0.6931025981903076
7190dd0147b8592d,0.9,0.9,0.9,0.9,llama3_8b,egalite,0.7914460301399231,0.8349977731704712,0.683185875415802,0.758488655090332
71fe90065523f5bd,0.7000000000000001,0.8,0.7000000000000001,0.9,llama3_8b,egalite,0.6547141075134277,0.6094115376472473,0.6432704925537109,0.6335580348968506
71fef66b7f0b7889,1.0,0.9,0.9,0.9,llama3_8b,egalite,0.7209109663963318,0.7250280380249023,0.6470873355865479,0.6795032024383545
720976b8d05a7c37,0.7000000000000001,0.9,0.7000000000000001,0.9,llama3_8b,egalite,0.6594394445419312,0.6493024230003357,0.7039764523506165,0.6682395339012146
723f8c15a9e845a7,0.9,1.0,1.0,1.0,llama3_8b,egalite,0.7738093137741089,0.8191360235214233,0.6933729648590088,0.7393568754196167
7260c8ec3c68f74c,0.7000000000000001,0.9,0.9,0.9,llama3_8b,egalite,0.6441457867622375,0.6504586935043335,0.6095129251480103,0.5884433388710022
72717dc7678f664b,0.7000000000000001,0.8,0.7000000000000001,0.8,llama3_8b,egalite,0.6051012277603149,0.6066325902938843,0.6849674582481384,0.6638312935829163
72ccf4b3cd2b587e,1.0,0.9,0.7000000000000001,0.9,llama3_8b,egalite,0.7418588399887085,0.7032988667488098,0.6745030283927917,0.6664110422134399
7309e086efa70c46,0.7000000000000001,0.8,0.7000000000000001,0.8,llama3_8b,egalite,0.6032173037528992,0.5712500810623169,0.6433538794517517,0.5829483866691589
7444b68fe9bc32da,0.8,1.0,0.7000000000000001,1.0,llama3_8b,egalite,0.7027949690818787,0.6948803663253784,0.7692270874977112,0.7222467660903931
749069e3c4d13127,0.5,0.9,0.7000000000000001,1.0,llama3_8b,meme_ordre,0.5330548286437988,0.6746742725372314,0.6397353410720825,0.6840860843658447
74ec661c014618ad,1.0,1.0,0.7000000000000001,1.0,llama3_8b,egalite,0.7479064464569092,0.7027689218521118,0.7274406552314758,0.7088338136672974
7515bc317e46f38d,1.0,1.0,0.9,1.0,llama3_8b,egalite,0.8037738800048828,0.7676478028297424,0.7558307647705078,0.7259317636489868
75528fc13281acb8,0.9,0.9,0.7000000000000001,0.9,llama3_8b,egalite,0.6853406429290771,0.6369762420654297,0.6239509582519531,0.6215112805366516
755db0ff824f2dbd,0.7000000000000001,0.9,0.7000000000000001,0.9,llama3_8b,egalite,0.611456036567688,0.5857396125793457,0.6577754020690918,0.7471916675567627
75a7f5439a119103,0.8,0.9,0.7000000000000001,1.0,llama3_8b,inversion_stricte,0.5894740223884583,0.5981917977333069,0.5753887891769409,0.674858570098877
7678c81b868d2fc1,0.4,1.0,0.7000000000000001,1.0,llama3_8b,egalite,0.5955538749694824,0.6048654913902283,0.7718326449394226,0.7764250040054321
77011bac3eb9da26,0.8,1.0,0.8,0.9,llama3_8b,egalite,0.6496682167053223,0.5739338397979736,0.7151648998260498,0.6306838393211365
77407d51bd5e96a2,0.7000000000000001,0.9,0.7000000000000001,1.0,llama3_8b,egalite,0.5945372581481934,0.5978978872299194,0.6672462821006775,0.6972954273223877
775072023f13b896,0.9,1.0,0.7000000000000001,1.0,llama3_8b,egalite,0.655791163444519,0.7013678550720215,0.7442300915718079,0.656232476234436
7847bd0b2afd392f,0.9,0.8,0.5,0.9,llama3_8b,inversion_stricte,0.7034077644348145,0.5834852457046509,0.6192331314086914,0.6374701261520386
78986642eecf6302,0.9,1.0,0.9,1.0,llama3_8b,egalite,0.7486294507980347,0.7400410771369934,0.6954168677330017,0.707636833190918
78d4140e72235d17,0.7000000000000001,1.0,0.7000000000000001,0.9,llama3_8b,egalite,0.6733148097991943,0.6664433479309082,0.7047318816184998,0.6368217468261719
791e8bf2436a8af1,0.7000000000000001,0.9,0.7000000000000001,0.9,llama3_8b,egalite,0.6364612579345703,0.6163011789321899,0.6502772569656372,0.7227864861488342
79317feddb276b6b,0.7000000000000001,0.8,0.7000000000000001,0.8,llama3_8b,egalite,0.6596529483795166,0.6739106774330139,0.6674302816390991,0.6559584736824036
79f6235f7f3aa018,0.7000000000000001,1.0,0.7000000000000001,0.8,llama3_8b,egalite,0.707127571105957,0.6121239066123962,0.6665149927139282,0.551453173160553
7a0e8b186f741a67,0.5,0.9,0.7000000000000001,0.9,llama3_8b,egalite,0.5965391397476196,0.5215497612953186,0.7189769744873047,0.6253713965415955
7a861d843ae530a1,0.7000000000000001,0.9,0.7000000000000001,0.9,llama3_8b,egalite,0.6609221696853638,0.6092572212219238,0.6130147576332092,0.6103141903877258
7aa20420f23db889,0.5,0.9,0.5,0.8,llama3_8b,egalite,0.5348172783851624,0.5473631620407104,0.7357773184776306,0.6397987008094788
7ae825e82c60c433,0.6000000000000001,1.0,0.6000000000000001,0.9,llama3_8b,egalite,0.6067308187484741,0.6128624677658081,0.6932228803634644,0.6710846424102783
7b460c900f979a62,0.9,0.9,0.9,0.9,llama3_8b,egalite,0.6857702732086182,0.694023847579956,0.6449276208877563,0.6367365121841431
7b758dab76f1bd1a,0.9,1.0,0.9,1.0,llama3_8b,egalite,0.7718715667724609,0.6952381134033203,0.6940959692001343,0.6770154237747192
7b9071c503cc1ca6,0.5,1.0,0.5,1.0,llama3_8b,egalite,0.5946700572967529,0.5926764607429504,0.7409866452217102,0.7213027477264404
7bad371630f3622f,0.5,0.9,0.7000000000000001,1.0,llama3_8b,meme_ordre,0.5768786668777466,0.6724687218666077,0.6816217303276062,0.7194092273712158
7c86234fa8b6a9d0,0.8,1.0,1.0,1.0,llama3_8b,egalite,0.6786571741104126,0.7196122407913208,0.7579019665718079,0.753260612487793
7c8dc72c3e005d95,0.7000000000000001,1.0,0.7000000000000001,1.0,llama3_8b,egalite,0.6811081171035767,0.6946521997451782,0.7359086871147156,0.7345017790794373
7cb8f54c899ab64b,0.7000000000000001,0.8,0.7000000000000001,0.9,llama3_8b,egalite,0.603486955165863,0.6409963369369507,0.6929248571395874,0.6941722631454468
7ceb846ba2b7dc00,0.7000000000000001,0.9,0.7000000000000001,0.8,llama3_8b,egalite,0.7073050737380981,0.7170179486274719,0.7113730907440186,0.7010515928268433
7d1cdc38f433b56f,0.9,0.9,0.7000000000000001,0.9,llama3_8b,egalite,0.6365206241607666,0.6116690635681152,0.6417357325553894,0.6282693147659302
7e24b6a947f90acd,0.8,1.0,0.8,1.0,llama3_8b,egalite,0.5791726112365723,0.6220172643661499,0.6954124569892883,0.7342067360877991
7e3033ae35717923,0.7000000000000001,1.0,0.4,0.9,llama3_8b,meme_ordre,0.6737055778503418,0.4829108417034149,0.7389108538627625,0.5238109827041626
7e7d0cccd4d9079f,0.7000000000000001,1.0,0.9,0.9,llama3_8b,inversion_stricte,0.664781391620636,0.6718258857727051,0.6932922601699829,0.6598814725875854
7e89934ffba46a28,0.7000000000000001,0.9,0.5,1.0,llama3_8b,inversion_stricte,0.5920050144195557,0.591335117816925,0.6749566793441772,0.703309178352356
7eadd6aeaa61e4f0,0.9,1.0,0.9,0.9,llama3_8b,egalite,0.7325262427330017,0.6698896884918213,0.6724152565002441,0.5698518753051758
7f7bbe777634c65a,0.9,0.8,0.6000000000000001,0.9,llama3_8b,inversion_stricte,0.6760620474815369,0.6401638984680176,0.6903114914894104,0.6345207691192627
7fcbe04b82c745c8,0.7000000000000001,0.9,0.7000000000000001,0.9,llama3_8b,egalite,0.652097225189209,0.6575965881347656,0.6615394353866577,0.669670581817627
7fd30a8e0942515f,0.7000000000000001,0.9,0.7000000000000001,0.9,llama3_8b,egalite,0.59352707862854,0.5904310941696167,0.6620383262634277,0.6762343645095825
8011da4384642045,1.0,1.0,0.7000000000000001,1.0,llama3_8b,egalite,0.6169947981834412,0.6513673067092896,0.7882372140884399,0.7414419651031494
8028c322615625bb,0.7000000000000001,0.9,0.7000000000000001,0.9,llama3_8b,egalite,0.6292728185653687,0.5502344369888306,0.7068175673484802,0.5712399482727051
803d6e948b291f3b,0.7000000000000001,0.9,0.7000000000000001,0.9,llama3_8b,egalite,0.6376532316207886,0.5798163414001465,0.703255832195282,0.6402559280395508
819fcb00e2a7fd8d,0.5,1.0,0.8,1.0,llama3_8b,egalite,0.6788244247436523,0.6451736688613892,0.709306001663208,0.6821023225784302
82a249f01e6ef28a,0.6000000000000001,0.9,,0.9,llama3_8b,invalide,0.5567790865898132,0.36192142963409424,0.7029565572738647,0.7410474419593811
82c9ad094a589eb6,1.0,1.0,0.7000000000000001,0.9,llama3_8b,meme_ordre,0.7361822128295898,0.6780067682266235,0.6950348615646362,0.6436827182769775
82f60593788dc02f,0.7000000000000001,1.0,0.7000000000000001,1.0,llama3_8b,egalite,0.6919803619384766,0.6947040557861328,0.7477816939353943,0.7603444457054138
830f7ddf4c676ba4,1.0,1.0,0.6000000000000001,0.9,llama3_8b,meme_ordre,0.7103068828582764,0.5911831855773926,0.7182339429855347,0.6393092274665833
837f8516ffdece4e,0.7000000000000001,0.9,0.7000000000000001,0.9,llama3_8b,egalite,0.6340186595916748,0.5721011757850647,0.6908063888549805,0.6145821213722229
83b4e6b88766eaba,0.7000000000000001,1.0,0.9,1.0,llama3_8b,egalite,0.6865350008010864,0.7480334639549255,0.684376060962677,0.6762657761573792
8434e1766436b616,0.7000000000000001,0.9,0.6000000000000001,1.0,llama3_8b,inversion_stricte,0.6390777826309204,0.6384378671646118,0.6678070425987244,0.6917600035667419
84881cb8fe21825c,1.0,0.9,1.0,0.9,llama3_8b,egalite,0.8588553071022034,0.7834659218788147,0.694722592830658,0.6391511559486389
84a854c62d51d7c2,0.9,1.0,0.7000000000000001,0.9,llama3_8b,meme_ordre,0.7284632921218872,0.6594390869140625,0.6908548474311829,0.6556858420372009
84dee6726f957877,1.0,0.9,1.0,0.9,llama3_8b,egalite,0.7603087425231934,0.7375898361206055,0.6465211510658264,0.6340411901473999
8504bd4219eee2ab,0.7000000000000001,0.9,0.7000000000000001,0.9,llama3_8b,egalite,0.6985476613044739,0.5849920511245728,0.7548432946205139,0.6429674625396729
852455b229c55bab,0.7000000000000001,0.9,0.7000000000000001,0.9,llama3_8b,egalite,0.6579395532608032,0.6450302004814148,0.6883217096328735,0.6904518604278564
85ff178c9d1c52df,0.6000000000000001,0.9,0.6000000000000001,0.9,llama3_8b,egalite,0.6430600881576538,0.6433812975883484,0.7167495489120483,0.7142733931541443
86706bb776a6934b,0.7000000000000001,1.0,0.7000000000000001,1.0,llama3_8b,egalite,0.5798221826553345,0.6854161024093628,0.68475341796875,0.7984933853149414
87928ff01389118d,0.8,0.8,0.9,0.8,llama3_8b,egalite,0.8001190423965454,0.8021183013916016,0.6521813869476318,0.6668050289154053
87ee7bc5de8d3b70,0.7000000000000001,0.9,0.7000000000000001,1.0,llama3_8b,egalite,0.6417239308357239,0.5991045236587524,0.669637143611908,0.6549274325370789
880c5147a334e5d7,0.7000000000000001,0.9,0.7000000000000001,0.9,llama3_8b,egalite,0.5960509777069092,0.6127767562866211,0.6795417070388794,0.6727285385131836
882279454121d307,0.5,0.8,0.7000000000000001,1.0,llama3_8b,meme_ordre,0.5966112017631531,0.6525198221206665,0.6921653151512146,0.6866042613983154
883b4efe2ee99d95,0.7000000000000001,0.9,0.7000000000000001,0.8,llama3_8b,egalite,0.66698157787323,0.616708517074585,0.6531426310539246,0.5647523403167725
88c46059de62e04e,0.7000000000000001,1.0,0.7000000000000001,0.9,llama3_8b,egalite,0.7077649831771851,0.6534807085990906,0.7288832664489746,0.6471847295761108
8908ce0cd82c7c5d,0.9,1.0,0.7000000000000001,0.9,llama3_8b,meme_ordre,0.7380154728889465,0.6729021668434143,0.748630166053772,0.6462332010269165
89406ad2bcd09385,0.7000000000000001,1.0,0.7000000000000001,0.8,llama3_8b,egalite,0.7452751398086548,0.6746448278427124,0.7007296681404114,0.6793792843818665
895415ae91d77cd8,0.9,0.9,0.6000000000000001,0.9,llama3_8b,egalite,0.747847318649292,0.7218594551086426,0.6766376495361328,0.6919732093811035
896a65fe9b1fc3df,0.7000000000000001,0.9,0.7000000000000001,0.9,llama3_8b,egalite,0.7240563631057739,0.6817019581794739,0.6763993501663208,0.655676543712616
89ccc7aa03942dc2,0.7000000000000001,0.9,0.5,0.9,llama3_8b,egalite,0.6606673002243042,0.5917940139770508,0.6805484294891357,0.6261631846427917
89ffd900a51d373e,0.7000000000000001,0.8,0.7000000000000001,0.8,llama3_8b,egalite,0.6934080719947815,0.6515055298805237,0.7046620845794678,0.618403434753418
8a335e90818a720c,0.5,0.9,0.5,0.9,llama3_8b,egalite,0.6243288516998291,0.5895153284072876,0.6665447354316711,0.6182611584663391
8a47ffa989e8c0dc,0.7000000000000001,0.9,0.7000000000000001,0.9,llama3_8b,egalite,0.5884696245193481,0.5751044750213623,0.6639323234558105,0.6586815118789673
8a5e18a557739e95,0.7000000000000001,1.0,0.7000000000000001,0.9,llama3_8b,egalite,0.5836124420166016,0.5469390153884888,0.6902430653572083,0.6779446005821228
8a96a293ea441a37,1.0,0.9,0.7000000000000001,0.9,llama3_8b,egalite,0.7737305164337158,0.6016607284545898,0.6491117477416992,0.634677529335022
8aaab2af0a9b6759,0.9,0.9,0.7000000000000001,0.9,llama3_8b,egalite,0.7188142538070679,0.68735271692276,0.6494037508964539,0.6315892934799194
8adb1565f053664e,0.9,1.0,0.8,0.9,llama3_8b,meme_ordre,0.6985422372817993,0.6445083618164062,0.708351194858551,0.6360651850700378
8c3e41b1ef6a540c,0.7000000000000001,0.9,0.7000000000000001,0.9,llama3_8b,egalite,0.6853214502334595,0.6685972809791565,0.7123024463653564,0.6981016993522644
8c49df1e7c6518d1,0.7000000000000001,0.9,0.7000000000000001,0.9,llama3_8b,egalite,0.6120709776878357,0.560034453868866,0.686507523059845,0.5561209321022034
8c91d0c3cc42e58a,0.7000000000000001,0.8,0.7000000000000001,1.0,llama3_8b,egalite,0.6025941371917725,0.6710799932479858,0.6949950456619263,0.7222126126289368
8cb4a2e5165ffd6a,0.7000000000000001,0.9,0.7000000000000001,1.0,llama3_8b,egalite,0.6385287642478943,0.6597137451171875,0.6620237827301025,0.7095380425453186
8d6076d9a86359aa,0.7000000000000001,1.0,0.7000000000000001,0.9,llama3_8b,egalite,0.7052773237228394,0.6416848301887512,0.6729550957679749,0.6478700637817383
8d7a81dc81a4bfe7,0.9,0.9,0.7000000000000001,0.9,llama3_8b,egalite,0.6960048079490662,0.6739040017127991,0.6776223182678223,0.5955650806427002
8d9ef6e87a3cb699,0.7000000000000001,0.9,0.7000000000000001,0.9,llama3_8b,egalite,0.6723335385322571,0.6476304531097412,0.706692636013031,0.6746722459793091
8e0dead07ba8c8b7,0.8,1.0,0.8,1.0,llama3_8b,egalite,0.7425956726074219,0.7888444066047668,0.7352955937385559,0.7247178554534912
8e458ff3e51e3b76,0.7000000000000001,0.9,0.7000000000000001,0.9,llama3_8b,egalite,0.6933932304382324,0.6842444539070129,0.7202510833740234,0.7138100266456604
8e63526b74a8a294,0.5,1.0,0.7000000000000001,1.0,llama3_8b,egalite,0.6270754933357239,0.6431699991226196,0.7123885154724121,0.7110196352005005
8eb5dae5cb39e8d1,0.7000000000000001,0.8,0.7000000000000001,0.9,llama3_8b,egalite,0.6581528186798096,0.6412967443466187,0.6813464760780334,0.7068136930465698
8fa28eb1c973b57e,0.7000000000000001,0.9,0.7000000000000001,1.0,llama3_8b,egalite,0.7469513416290283,0.7048067450523376,0.6429105401039124,0.6038616895675659
909e61453bb9a81f,0.7000000000000001,0.9,0.6000000000000001,1.0,llama3_8b,inversion_stricte,0.604560136795044,0.6527537107467651,0.6673504710197449,0.7182675004005432
90b787f5366abe22,0.7000000000000001,0.9,0.7000000000000001,0.9,llama3_8b,egalite,0.6362031102180481,0.6428320407867432,0.7017256021499634,0.6620180010795593
90e9718f0f64f627,0.9,0.9,1.0,0.9,llama3_8b,egalite,0.6887253522872925,0.662063479423523,0.7021331787109375,0.7270298004150391
910470b40411b9af,0.8,1.0,0.8,1.0,llama3_8b,egalite,0.626228928565979,0.6819335222244263,0.6582179069519043,0.7578954696655273
910c762cb343da12,0.9,0.9,0.7000000000000001,1.0,llama3_8b,inversion_stricte,0.7408392429351807,0.7357425093650818,0.7062203884124756,0.7141820788383484
9153b0991f050068,0.7000000000000001,0.9,0.7000000000000001,0.8,llama3_8b,egalite,0.5829587578773499,0.6084045171737671,0.6081336736679077,0.659716784954071
915f115a4d09bd62,0.6000000000000001,0.8,0.6000000000000001,0.9,llama3_8b,egalite,0.5482083559036255,0.5696331262588501,0.6390497088432312,0.6950998306274414
918dccc9a5a2071f,0.5,0.8,0.5,0.9,llama3_8b,egalite,0.6148971915245056,0.548905074596405,0.669901967048645,0.5699380040168762
91ae812c64b6eec7,0.5,0.9,0.7000000000000001,0.9,llama3_8b,egalite,0.5839850306510925,0.5529765486717224,0.7075653672218323,0.6347132921218872
92baf8d1f01023ad,0.8,1.0,0.8,1.0,llama3_8b,egalite,0.6657058596611023,0.6905530691146851,0.6667747497558594,0.6868139505386353
92e1f5f19dbcb7d9,0.7000000000000001,1.0,0.7000000000000001,1.0,llama3_8b,egalite,0.6772534847259521,0.6488029956817627,0.7639554142951965,0.6842116117477417
93234edb544c05a1,0.7000000000000001,1.0,0.7000000000000001,1.0,llama3_8b,egalite,0.6661919951438904,0.6960785984992981,0.669403076171875,0.7047985792160034
936e4c428b2bcc15,0.6000000000000001,1.0,0.6000000000000001,0.8,llama3_8b,egalite,0.6958538293838501,0.5969251394271851,0.6635161638259888,0.605191707611084
9431b0c29c16ebf8,0.7000000000000001,0.9,0.9,0.9,llama3_8b,egalite,0.6530870199203491,0.6688058376312256,0.623327374458313,0.6552917957305908
946b4c530b12049d,0.7000000000000001,0.9,0.7000000000000001,0.9,llama3_8b,egalite,0.631862223148346,0.6976271867752075,0.7121530771255493,0.7711252570152283
9492d7e4af20ccc4,0.7000000000000001,0.9,0.7000000000000001,1.0,llama3_8b,egalite,0.5761656761169434,0.6342748403549194,0.6380283236503601,0.7278509736061096
94d54c7ee46ecbcd,0.7000000000000001,1.0,0.7000000000000001,0.9,llama3_8b,egalite,0.6894007921218872,0.6527975797653198,0.7041419148445129,0.6390607357025146
9509daa1f7bbd80c,0.9,0.9,0.9,1.0,llama3_8b,egalite,0.7009490728378296,0.6888235807418823,0.6682919859886169,0.6655313968658447
951a20244b7d161b,0.7000000000000001,0.9,0.7000000000000001,1.0,llama3_8b,egalite,0.6088327169418335,0.6141815185546875,0.7125787734985352,0.7101346850395203
9583b9257309d01f,0.7000000000000001,0.9,0.7000000000000001,0.9,llama3_8b,egalite,0.6111404895782471,0.5816876888275146,0.6437464952468872,0.6323575377464294
959b366fec0044a5,0.9,0.9,0.7000000000000001,0.9,llama3_8b,egalite,0.6901108622550964,0.6396235227584839,0.6409903168678284,0.6296434998512268
95b7e31145c3d63c,0.7000000000000001,0.9,0.7000000000000001,0.9,llama3_8b,egalite,0.6657372713088989,0.641340434551239,0.6725496649742126,0.6369097232818604
95f02629c826519c,0.7000000000000001,0.9,0.7000000000000001,0.9,llama3_8b,egalite,0.6241258382797241,0.6441655158996582,0.6867731809616089,0.6585516333580017
96223e34c2c7a601,0.9,0.9,0.7000000000000001,0.9,llama3_8b,egalite,0.7210341095924377,0.6868261098861694,0.6611722111701965,0.6324756741523743
963842441c43d52e,0.7000000000000001,1.0,0.7000000000000001,0.9,llama3_8b,egalite,0.6467589139938354,0.6162389516830444,0.6845707297325134,0.6618247628211975
966c2f5a24320c09,0.9,0.9,0.1,0.1,llama3_8b,meme_ordre,0.7031875848770142,0.3848925530910492,0.620288610458374,0.26789093017578125
966d183a0840741c,0.5,0.9,0.7000000000000001,0.9,llama3_8b,egalite,0.6446516513824463,0.6808128952980042,0.6838261485099792,0.6618694067001343
97339381d5f324ed,0.7000000000000001,0.9,0.7000000000000001,0.9,llama3_8b,egalite,0.6678625345230103,0.7001274824142456,0.6800252199172974,0.65337735414505
976151cc6e63bfae,0.7000000000000001,0.9,0.7000000000000001,0.9,llama3_8b,egalite,0.6346955299377441,0.6531707048416138,0.675065279006958,0.7091970443725586
97fea2b0a7bdac75,0.8,1.0,0.9,1.0,llama3_8b,egalite,0.7036950588226318,0.7486074566841125,0.7221555113792419,0.7498537302017212
9852e55efb50501d,0.9,1.0,0.7000000000000001,0.8,llama3_8b,meme_ordre,0.707374632358551,0.6329823732376099,0.7363280653953552,0.5881376266479492
98eaf63e3b9976f7,0.9,0.9,0.7000000000000001,0.9,llama3_8b,egalite,0.595652163028717,0.5552763938903809,0.678596019744873,0.6366941332817078
9957797aa845cb99,0.7000000000000001,1.0,1.0,1.0,llama3_8b,egalite,0.512464165687561,0.5369621515274048,0.7226405143737793,0.6508166193962097
9989ff7fc921a389,0.7000000000000001,0.9,0.7000000000000001,0.8,llama3_8b,egalite,0.6638908386230469,0.6328527927398682,0.6570301055908203,0.606689989566803
99d3790c2b6a39e5,0.7000000000000001,0.9,0.7000000000000001,0.9,llama3_8b,egalite,0.6288231611251831,0.5570720434188843,0.6950032711029053,0.7055782675743103
9a62a89ccea2109f,0.7000000000000001,1.0,0.7000000000000001,1.0,llama3_8b,egalite,0.6825764775276184,0.6274556517601013,0.6959993243217468,0.700191080570221
9adfc7bf77b82033,0.7000000000000001,0.8,0.7000000000000001,0.8,llama3_8b,egalite,0.5964729189872742,0.6077397465705872,0.6634968519210815,0.6649572849273682
9b6ad8cadf84b579,0.9,1.0,0.9,0.9,llama3_8b,egalite,0.6432822942733765,0.5984253883361816,0.7002838850021362,0.6134291887283325
9b7b3fcb8c7c244c,0.8,0.9,1.0,1.0,llama3_8b,meme_ordre,0.6795226335525513,0.6224834322929382,0.8305079936981201,0.6521981954574585
9c5128001e9608b5,0.9,0.9,0.7000000000000001,0.9,llama3_8b,egalite,0.7235569953918457,0.6920948028564453,0.620006263256073,0.5766634941101074
9c59ab79438ec35b,0.6000000000000001,0.9,0.7000000000000001,0.9,llama3_8b,egalite,0.6702964305877686,0.6195205450057983,0.7075147032737732,0.6294631958007812
9c7e346d7ae1429a,1.0,0.9,0.7000000000000001,0.9,llama3_8b,egalite,0.7259659767150879,0.5761098265647888,0.7836591601371765,0.7066078186035156
9d2cc2d9aefe2ffc,0.7000000000000001,0.9,0.7000000000000001,0.8,llama3_8b,egalite,0.5718528628349304,0.5712587237358093,0.6722490787506104,0.6210805773735046
9d3aa4c80844d6c2,0.7000000000000001,1.0,0.7000000000000001,0.9,llama3_8b,egalite,0.6067283153533936,0.6511856317520142,0.7164238095283508,0.6932711005210876
9d55ff3d7f0eae35,0.7000000000000001,1.0,0.7000000000000001,1.0,llama3_8b,egalite,0.6608678102493286,0.6410117149353027,0.7111921310424805,0.664463460445404
9d60b07411d91ec4,0.7000000000000001,1.0,0.7000000000000001,0.9,llama3_8b,egalite,0.6365106105804443,0.6503827571868896,0.6596527695655823,0.7433305382728577
9d62be0405110ecf,0.7000000000000001,1.0,0.8,1.0,llama3_8b,egalite,0.7026560306549072,0.7543421983718872,0.758100152015686,0.8374711275100708
9df2a34ee46fa7f0,0.7000000000000001,0.9,0.7000000000000001,0.9,llama3_8b,egalite,0.610397219657898,0.5932350158691406,0.6311956644058228,0.6276255249977112
9df79379120db893,0.7000000000000001,1.0,0.7000000000000001,0.8,llama3_8b,egalite,0.5921531915664673,0.5494749546051025,0.6780068278312683,0.5980550646781921
9e01676dc494ca05,0.7000000000000001,1.0,0.7000000000000001,0.9,llama3_8b,egalite,0.6403014659881592,0.5306448340415955,0.666410505771637,0.6181942820549011
9e20350cb5dea2fe,0.9,1.0,0.9,0.9,llama3_8b,egalite,0.7247833609580994,0.7512441277503967,0.706166684627533,0.6756322383880615
9ebf490e081e200b,0.7000000000000001,0.9,0.6000000000000001,0.9,llama3_8b,egalite,0.6513222455978394,0.6079758405685425,0.6817338466644287,0.5949084758758545
9ee1553bf9307125,0.5,1.0,0.7000000000000001,1.0,llama3_8b,egalite,0.6300792694091797,0.6089910268783569,0.6097455620765686,0.6905708909034729
9f7998342af9a05e,0.7000000000000001,0.9,0.7000000000000001,0.9,llama3_8b,egalite,0.6213003396987915,0.6378483772277832,0.6940310597419739,0.6389784812927246
9ffc2874cf3d2de3,0.8,1.0,0.7000000000000001,1.0,llama3_8b,egalite,0.6652848720550537,0.617759108543396,0.6637861132621765,0.7016652822494507
9ffdb03a36078699,0.7000000000000001,0.9,0.7000000000000001,1.0,llama3_8b,egalite,0.6371475458145142,0.6261191368103027,0.7255988121032715,0.7258899807929993
a0230aca0b7080f5,0.8,1.0,0.8,1.0,llama3_8b,egalite,0.6198960542678833,0.6445338129997253,0.7418862581253052,0.7333955764770508
a06fbbb01e31ba97,0.7000000000000001,0.9,0.7000000000000001,0.9,llama3_8b,egalite,0.6432651281356812,0.6499375104904175,0.6686992049217224,0.6990129351615906
a15efe8eac27528f,0.7000000000000001,1.0,0.7000000000000001,0.9,llama3_8b,egalite,0.641071081161499,0.5862822532653809,0.6958545446395874,0.6231499910354614
a198e1ae1580a042,0.4,0.9,0.7000000000000001,0.9,llama3_8b,egalite,0.5803210139274597,0.6633310317993164,0.6148707270622253,0.7271235585212708
a1ac9949b68307e6,0.5,1.0,0.7000000000000001,1.0,llama3_8b,egalite,0.4864387810230255,0.6108969449996948,0.7515079379081726,0.7366610765457153
a1bf11174f8edc66,0.7000000000000001,0.9,0.7000000000000001,0.9,llama3_8b,egalite,0.633122444152832,0.6600656509399414,0.6141365766525269,0.6155447959899902
a218b1ae4c06afa4,0.7000000000000001,0.9,0.7000000000000001,0.8,llama3_8b,egalite,0.6915143132209778,0.6108619570732117,0.6710646748542786,0.5498389601707458
a226e406bd374852,1.0,0.8,0.9,0.9,llama3_8b,inversion_stricte,0.7066850662231445,0.722289502620697,0.6612517237663269,0.7068139314651489
a2975fa1bc0d0e82,0.7000000000000001,1.0,0.7000000000000001,0.9,llama3_8b,egalite,0.6636527180671692,0.6769629716873169,0.6831104159355164,0.667843222618103
a2bbac9fac8cea9e,0.6000000000000001,0.9,0.9,0.9,llama3_8b,egalite,0.7048139572143555,0.7068251967430115,0.6857667565345764,0.636410117149353
a3739722612c56b7,0.7000000000000001,0.9,0.9,0.9,llama3_8b,egalite,0.6979835033416748,0.6844578981399536,0.6189676523208618,0.6431013941764832
a37b07ddbb5d6571,0.7000000000000001,0.8,0.7000000000000001,0.9,llama3_8b,egalite,0.6304442882537842,0.5880292654037476,0.6311202645301819,0.645620584487915
a3df859d3a0c5e8c,0.9,0.8,0.9,0.9,llama3_8b,egalite,0.7759541273117065,0.8223294019699097,0.6898413300514221,0.6751855611801147
a447795e78eb6d37,0.9,1.0,0.8,1.0,llama3_8b,egalite,0.7134548425674438,0.6719175577163696,0.675973653793335,0.6798814535140991
a48c9b0f0d9665f8,0.8,1.0,0.9,1.0,llama3_8b,egalite,0.6917484998703003,0.7452125549316406,0.735062301158905,0.7691454291343689
a49f2f465b5b8f5f,0.7000000000000001,1.0,0.7000000000000001,1.0,llama3_8b,egalite,0.6164411306381226,0.6285116672515869,0.69318026304245,0.6773521900177002
a4bbc8b5c98789f1,0.9,1.0,0.9,0.9,llama3_8b,egalite,0.7267075181007385,0.7189988493919373,0.734390139579773,0.6940560340881348
a5df3dc3da0b1590,0.7000000000000001,0.8,0.7000000000000001,0.9,llama3_8b,egalite,0.6450127363204956,0.6316614151000977,0.616628885269165,0.6612101197242737
a6edf7b338fa2506,0.7000000000000001,0.9,0.7000000000000001,0.9,llama3_8b,egalite,0.6531102061271667,0.5799728631973267,0.6742081046104431,0.6559765338897705
a75746d3344cfb3a,0.7000000000000001,1.0,0.7000000000000001,1.0,llama3_8b,egalite,0.596946120262146,0.5908743143081665,0.7163411378860474,0.7059734463691711
a7ff296cca5d951b,0.7000000000000001,0.8,0.7000000000000001,1.0,llama3_8b,egalite,0.6624253988265991,0.6681602001190186,0.6874874234199524,0.7034498453140259
a815e0b0fc42de56,0.7000000000000001,0.9,0.5,0.8,llama3_8b,meme_ordre,0.6286039352416992,0.5938928127288818,0.6451888680458069,0.6010725498199463
a86a16782f430354,0.7000000000000001,0.9,0.7000000000000001,0.9,llama3_8b,egalite,0.6546899080276489,0.6923221945762634,0.6693254113197327,0.6380345225334167
a88ba9ecadf8cec4,0.9,1.0,0.8,1.0,llama3_8b,egalite,0.6936517953872681,0.6743202805519104,0.6758521795272827,0.7357843518257141
a96c8357210fd06f,0.7000000000000001,1.0,0.8,1.0,llama3_8b,egalite,0.6230007410049438,0.6874327659606934,0.6811953783035278,0.7177730798721313
a9c18cfd7ccf7dbd,0.7000000000000001,1.0,0.4,0.9,llama3_8b,meme_ordre,0.6617861390113831,0.5166032910346985,0.6906402707099915,0.5591617226600647
aa0028e70c5ebf74,0.8,1.0,1.0,1.0,llama3_8b,egalite,0.688955545425415,0.7071236371994019,0.7018804550170898,0.6598671078681946
aa2c670cbe44fa0c,0.7000000000000001,0.9,0.7000000000000001,1.0,llama3_8b,egalite,0.6112861037254333,0.62149578332901,0.6802646517753601,0.6891624927520752
aa5c230254444433,0.7000000000000001,0.9,1.0,0.9,llama3_8b,egalite,0.7607417702674866,0.6938391923904419,0.6862166523933411,0.5389769077301025
aa617e2db58ec991,0.7000000000000001,1.0,0.7000000000000001,0.8,llama3_8b,egalite,0.6997108459472656,0.645587146282196,0.7137666344642639,0.7076547741889954
aaf3365a17e46991,0.7000000000000001,0.9,0.7000000000000001,0.9,llama3_8b,egalite,0.6406761407852173,0.6305440664291382,0.7153571248054504,0.6972501277923584
ab0746f21d5ea727,0.7000000000000001,1.0,0.7000000000000001,1.0,llama3_8b,egalite,0.6708993911743164,0.7037529945373535,0.6978976726531982,0.7241787314414978
abb62ae663492150,0.6000000000000001,0.9,0.7000000000000001,1.0,llama3_8b,meme_ordre,0.6537039875984192,0.6638883352279663,0.6730028986930847,0.7111685276031494
abd8666a2660d863,1.0,0.9,1.0,0.9,llama3_8b,egalite,0.7680255174636841,0.7916793823242188,0.682878851890564,0.700560450553894
ac15a11207009786,0.7000000000000001,0.9,0.7000000000000001,0.9,llama3_8b,egalite,0.596867024898529,0.6166027784347534,0.6457858085632324,0.6254549026489258
ac5569ec9efe7af9,0.7000000000000001,0.9,0.7000000000000001,1.0,llama3_8b,egalite,0.5801587700843811,0.6469582319259644,0.690513551235199,0.705725908279419
ac8ab23b3e3fd25f,0.7000000000000001,0.9,0.9,0.8,llama3_8b,inversion_stricte,0.7020702958106995,0.7205556035041809,0.6535412073135376,0.6636043787002563
ad22a684f5b0536e,0.7000000000000001,1.0,0.7000000000000001,1.0,llama3_8b,egalite,0.7018578052520752,0.6945273280143738,0.6896297335624695,0.6756563186645508
ad88ffb946968c0f,0.7000000000000001,1.0,0.7000000000000001,1.0,llama3_8b,egalite,0.5888874530792236,0.5734844207763672,0.7272834181785583,0.7199292778968811
adc0396f90573771,0.7000000000000001,0.9,0.7000000000000001,0.9,llama3_8b,egalite,0.6661439538002014,0.6680665016174316,0.6685242652893066,0.6176390647888184
ae7e6fe3f4f3287a,0.9,0.9,0.9,0.9,llama3_8b,egalite,0.7279708385467529,0.723421573638916,0.6365193128585815,0.6489896774291992
ae8768cd15f2c491,0.7000000000000001,1.0,0.7000000000000001,0.9,llama3_8b,egalite,0.5928410291671753,0.5620138049125671,0.7274086475372314,0.6538657546043396
ae97729bf054d1bb,0.7000000000000001,0.8,0.7000000000000001,0.9,llama3_8b,egalite,0.6784390211105347,0.6960195302963257,0.6531012654304504,0.6582019925117493
af350f62a962ae47,0.7000000000000001,1.0,0.7000000000000001,1.0,llama3_8b,egalite,0.623873233795166,0.6521818041801453,0.7049502730369568,0.7101494669914246
afa9ffaacac51aac,0.7000000000000001,1.0,0.7000000000000001,0.9,llama3_8b,egalite,0.6805558204650879,0.7011182308197021,0.6770222187042236,0.6977002024650574
afae78bf8e608e9c,0.9,0.9,0.7000000000000001,1.0,llama3_8b,inversion_stricte,0.7637760639190674,0.7061514258384705,0.6730654239654541,0.6836789846420288
afe01ef3d4ca26a9,0.7000000000000001,1.0,0.7000000000000001,1.0,llama3_8b,egalite,0.6796246767044067,0.6789734363555908,0.724173367023468,0.7166484594345093
b069c352e530d5b8,0.7000000000000001,0.9,0.7000000000000001,0.9,llama3_8b,egalite,0.6069866418838501,0.5675724744796753,0.733096718788147,0.6417829394340515
b06a5e307a5a9c60,0.7000000000000001,0.9,0.7000000000000001,0.9,llama3_8b,egalite,0.6954746246337891,0.6030575037002563,0.6940720081329346,0.7004275918006897
b08b5c94a380dd66,0.7000000000000001,0.8,0.7000000000000001,0.9,llama3_8b,egalite,0.6211087703704834,0.6340081691741943,0.6118636727333069,0.6475411653518677
b0dd536f5abb8f97,1.0,1.0,0.7000000000000001,1.0,llama3_8b,egalite,0.8260536789894104,0.7038940191268921,0.7520599961280823,0.6975021958351135
b11fa36c4ebd307f,0.9,1.0,0.9,1.0,llama3_8b,egalite,0.7257794737815857,0.7957931756973267,0.6850361227989197,0.762974739074707
b1b9648b29c46a96,0.7000000000000001,1.0,0.7000000000000001,1.0,llama3_8b,egalite,0.7323912382125854,0.7412744164466858,0.7121850848197937,0.7155617475509644
b1c5595f02a2ce52,0.7000000000000001,0.9,0.7000000000000001,0.9,llama3_8b,egalite,0.5840942859649658,0.5854814052581787,0.6893771886825562,0.6463400721549988
b1d00aa1dec8224c,0.7000000000000001,0.9,0.7000000000000001,0.9,llama3_8b,egalite,0.6657134294509888,0.5790499448776245,0.6295510530471802,0.595484733581543
b2a75b68aa6179f8,0.6000000000000001,1.0,0.7000000000000001,1.0,llama3_8b,egalite,0.7225524187088013,0.6596925258636475,0.6269673705101013,0.585629403591156
b343c68c7c1d6e8a,0.7000000000000001,0.9,0.7000000000000001,1.0,llama3_8b,egalite,0.6008294820785522,0.6566398739814758,0.6684669256210327,0.7156392931938171
b35e6c0fc5732ca0,0.5,0.8,0.5,0.8,llama3_8b,egalite,0.6098867058753967,0.6447672843933105,0.6514009833335876,0.6345630884170532
b36c4ba33bd81a48,0.7000000000000001,0.9,0.7000000000000001,0.9,llama3_8b,egalite,0.5906525254249573,0.6173224449157715,0.6619753837585449,0.6640797853469849
b36e8eeb18a1ed1b,0.7000000000000001,0.9,0.7000000000000001,0.9,llama3_8b,egalite,0.6673365831375122,0.6500498056411743,0.6937837600708008,0.7199385166168213
b39870b7f4527ddb,0.7000000000000001,0.8,0.7000000000000001,0.8,llama3_8b,egalite,0.6078072786331177,0.6049617528915405,0.6751223802566528,0.657927930355072
b3eae522a9150aeb,0.7000000000000001,0.9,0.7000000000000001,0.8,llama3_8b,egalite,0.6365690231323242,0.5831314325332642,0.6476384401321411,0.6288803219795227
b4432f7f65da7425,0.7000000000000001,1.0,0.7000000000000001,1.0,llama3_8b,egalite,0.604670524597168,0.5553057193756104,0.6522513628005981,0.6085473299026489
b4ab3f8785203cd1,0.9,1.0,0.5,0.8,llama3_8b,meme_ordre,0.6835893392562866,0.5844302177429199,0.7179847359657288,0.6814817190170288
b4acf12c9bd6f345,0.5,0.9,0.6000000000000001,0.9,llama3_8b,egalite,0.6307984590530396,0.6231899261474609,0.6932777762413025,0.6222813129425049
b4d2ba82e92962bb,0.7000000000000001,1.0,0.7000000000000001,0.9,llama3_8b,egalite,0.6863812208175659,0.6129194498062134,0.7276946306228638,0.6410551071166992
b4e7e8d6faa30077,0.7000000000000001,1.0,0.7000000000000001,1.0,llama3_8b,egalite,0.6496776938438416,0.6334766149520874,0.7069099545478821,0.7035321593284607
b4e8a81af0c90380,0.9,0.8,0.7000000000000001,0.9,llama3_8b,inversion_stricte,0.7378088235855103,0.6624277830123901,0.5521153807640076,0.5683473348617554
b55a34b1bcf2bae1,0.7000000000000001,0.9,0.7000000000000001,0.9,llama3_8b,egalite,0.6609192490577698,0.6309840679168701,0.6424185633659363,0.5841034054756165
b55b50dee27087e9,0.7000000000000001,0.9,0.7000000000000001,0.9,llama3_8b,egalite,0.5816642045974731,0.5817677974700928,0.6379647254943848,0.6265967488288879
b567d6038905d630,0.7000000000000001,0.8,0.7000000000000001,0.9,llama3_8b,egalite,0.5855870246887207,0.6264277696609497,0.6750384569168091,0.6825582385063171
b61ef4b3136a25e7,1.0,0.9,0.6000000000000001,0.9,llama3_8b,egalite,0.6616939306259155,0.662286639213562,0.6944754719734192,0.6986926198005676
b636098c0031d8b4,1.0,1.0,1.0,1.0,llama3_8b,egalite,0.7501968741416931,0.7836295962333679,0.757692277431488,0.7674445509910583
b64462e30aab0327,0.7000000000000001,0.9,0.7000000000000001,0.9,llama3_8b,egalite,0.6060407161712646,0.6241484880447388,0.6774133443832397,0.7022399306297302
b707d73a22bad1e0,0.7000000000000001,0.9,0.7000000000000001,0.9,llama3_8b,egalite,0.6321150660514832,0.6124573945999146,0.6845011115074158,0.6213741898536682
b7a37f0bc8b3959c,0.9,1.0,0.7000000000000001,0.9,llama3_8b,meme_ordre,0.7268059253692627,0.6317737102508545,0.6573126316070557,0.6481084823608398
b834699ef5825dda,0.9,0.9,0.9,0.9,llama3_8b,egalite,0.7200779914855957,0.7090476155281067,0.6903471350669861,0.677757740020752
b958bf10a9d160f6,0.9,1.0,0.9,0.8,llama3_8b,egalite,0.6662020683288574,0.6327075958251953,0.7402128577232361,0.6960775852203369
b9b8fee552763073,0.9,1.0,0.9,1.0,llama3_8b,egalite,0.7021533250808716,0.762658953666687,0.6927992105484009,0.7199488282203674
b9d164d3286cc381,1.0,0.9,1.0,1.0,llama3_8b,egalite,0.7533066272735596,0.7353367209434509,0.6702979207038879,0.693611204624176
b9df042807fb42e1,0.7000000000000001,1.0,0.7000000000000001,0.9,llama3_8b,egalite,0.6061421632766724,0.6029787659645081,0.7133350372314453,0.6430273056030273
b9ed495dc8a0c290,0.7000000000000001,0.9,0.7000000000000001,0.9,llama3_8b,egalite,0.637047290802002,0.6365224123001099,0.7228983640670776,0.6997187733650208
bac1babf02a8c742,0.6000000000000001,0.9,0.6000000000000001,0.9,llama3_8b,egalite,0.6244384050369263,0.638574481010437,0.7120497226715088,0.7182413935661316
bad5ea38d8fefa09,0.7000000000000001,0.9,1.0,0.9,llama3_8b,egalite,0.7176240086555481,0.739530622959137,0.6444728970527649,0.6228148341178894
bae0dbcfe34ab384,0.7000000000000001,0.9,0.7000000000000001,1.0,llama3_8b,egalite,0.6415401101112366,0.6416033506393433,0.6773492693901062,0.7307925820350647
bb91dfdf322d110d,0.7000000000000001,0.9,0.7000000000000001,0.9,llama3_8b,egalite,0.6362508535385132,0.6008950471878052,0.6617761850357056,0.6153062582015991
bbfd37f76f1eba2a,0.7000000000000001,0.9,0.7000000000000001,0.9,llama3_8b,egalite,0.6224047541618347,0.5828152894973755,0.6153187155723572,0.6509465575218201
bc7c12296ccddfea,0.7000000000000001,1.0,0.7000000000000001,1.0,llama3_8b,egalite,0.6866507530212402,0.6726152896881104,0.7420856356620789,0.726205587387085
bc94689def180a35,0.7000000000000001,1.0,0.7000000000000001,1.0,llama3_8b,egalite,0.6588873863220215,0.7189059257507324,0.6324403882026672,0.6829872131347656
bce136e82ec829cd,0.7000000000000001,0.9,0.7000000000000001,0.9,llama3_8b,egalite,0.5629907846450806,0.6470787525177002,0.6407759189605713,0.702102780342102
bceb04cdec4011e6,0.7000000000000001,0.9,0.7000000000000001,0.9,llama3_8b,egalite,0.6284961104393005,0.6026973724365234,0.6580730676651001,0.651592493057251
bd152ad98952877a,0.7000000000000001,1.0,0.7000000000000001,1.0,llama3_8b,egalite,0.6658909320831299,0.6945738196372986,0.7330926060676575,0.7283028960227966
bddcff36f611b417,0.9,1.0,0.7000000000000001,1.0,llama3_8b,egalite,0.7103619575500488,0.7241722345352173,0.716671347618103,0.6295275688171387
be08397ee15b0cd2,0.9,1.0,0.9,1.0,llama3_8b,egalite,0.7606751918792725,0.7208625078201294,0.7618401050567627,0.6964080333709717
be8e6082d20d510f,0.8,0.9,0.5,0.9,llama3_8b,egalite,0.7156657576560974,0.6120390892028809,0.6628525853157043,0.6551975607872009
bebd31fcf1c376db,0.7000000000000001,0.9,0.7000000000000001,0.9,llama3_8b,egalite,0.658379077911377,0.6915858387947083,0.7194406390190125,0.7082562446594238
befe6586bf7e2f38,0.9,0.9,0.7000000000000001,0.9,llama3_8b,egalite,0.7283704876899719,0.7122464179992676,0.6948809027671814,0.7227696776390076
bf1bc189c7bd9a9c,0.7000000000000001,0.9,0.7000000000000001,0.9,llama3_8b,egalite,0.5972431898117065,0.5661411285400391,0.6844347715377808,0.5160748958587646
bf34c09eca3f74bf,0.6000000000000001,0.9,0.7000000000000001,0.9,llama3_8b,egalite,0.5597951412200928,0.5969172716140747,0.6099511981010437,0.6610490083694458
bfcc87ba2060c703,0.7000000000000001,0.8,0.7000000000000001,1.0,llama3_8b,egalite,0.6283576488494873,0.6139388084411621,0.6569830775260925,0.6500139832496643
c065711346126d46,0.8,1.0,0.8,1.0,llama3_8b,egalite,0.7227311134338379,0.7367961406707764,0.7268822193145752,0.7266947627067566
c0c62e4aacc574e7,0.7000000000000001,0.8,0.7000000000000001,0.8,llama3_8b,egalite,0.7110740542411804,0.6415278911590576,0.705696165561676,0.6916191577911377
c0c9b6c63cc87ab8,0.7000000000000001,1.0,0.7000000000000001,0.8,llama3_8b,egalite,0.7144607305526733,0.6620235443115234,0.7348940372467041,0.7069975137710571
c1a8d3e94bc8fb40,0.7000000000000001,0.9,0.7000000000000001,0.9,llama3_8b,egalite,0.6768835783004761,0.6444212794303894,0.6642906069755554,0.6485302448272705
c1ac49018a0e2a86,0.7000000000000001,0.9,0.7000000000000001,0.9,llama3_8b,egalite,0.6254430413246155,0.62653648853302,0.658014178276062,0.6775444149971008
c1b5c3ea579fba13,0.9,1.0,0.7000000000000001,0.9,llama3_8b,meme_ordre,0.684939444065094,0.664958119392395,0.6996814608573914,0.6771278977394104
c1ca82582f1f8e7c,1.0,0.9,0.7000000000000001,0.9,llama3_8b,egalite,0.7000300884246826,0.603125810623169,0.670037567615509,0.6033021211624146
c1d3f49e32eb63ba,0.30000000000000004,0.9,0.30000000000000004,1.0,llama3_8b,egalite,0.39365118741989136,0.45368820428848267,0.8286404609680176,0.8473511338233948
c1f5aea3463b2127,0.7000000000000001,0.9,0.7000000000000001,0.9,llama3_8b,egalite,0.5133513808250427,0.5528874397277832,0.6385151743888855,0.6528801918029785
c2423e21a7b8024a,1.0,1.0,1.0,0.8,llama3_8b,egalite,0.604661226272583,0.58182293176651,0.6856307983398438,0.6336666345596313
c2c888ec9d7fb683,0.7000000000000001,1.0,0.7000000000000001,1.0,llama3_8b,egalite,0.6781424283981323,0.6539709568023682,0.6421090960502625,0.6807731986045837
c2f5df3fcbbb6bab,0.7000000000000001,0.9,0.5,0.8,llama3_8b,meme_ordre,0.6442358493804932,0.5822028517723083,0.6964794993400574,0.65418541431427
c2ffd4b0052710b1,0.7000000000000001,0.9,0.7000000000000001,0.8,llama3_8b,egalite,0.6549026966094971,0.6296552419662476,0.7162789106369019,0.692204475402832
c3917ac55e61df49,0.7000000000000001,1.0,0.7000000000000001,0.9,llama3_8b,egalite,0.7055424451828003,0.6416611671447754,0.6900120973587036,0.6407134532928467
c4cfcfef90c0c76b,0.9,1.0,0.9,1.0,llama3_8b,egalite,0.7796716690063477,0.7656711339950562,0.7451677322387695,0.746035635471344
c4e7b1e2de3ef1c7,0.7000000000000001,0.8,0.7000000000000001,0.8,llama3_8b,egalite,0.5828618407249451,0.5923598408699036,0.6563172340393066,0.6508304476737976
c53949c378c6a90c,0.7000000000000001,1.0,0.7000000000000001,0.9,llama3_8b,egalite,0.5686242580413818,0.5867997407913208,0.6804426908493042,0.6687564253807068
c596f72c0994d0a5,0.7000000000000001,0.9,0.7000000000000001,0.9,llama3_8b,egalite,0.6836111545562744,0.6423797607421875,0.6495354175567627,0.6053335666656494
c68387701a2f94d5,0.7000000000000001,0.9,0.7000000000000001,0.9,llama3_8b,egalite,0.6551474928855896,0.617963969707489,0.7336111068725586,0.65775465965271
c694de1b3c4c5c70,0.7000000000000001,1.0,0.7000000000000001,1.0,llama3_8b,egalite,0.6765124797821045,0.6918184757232666,0.7482509016990662,0.8177574276924133
c6bcc653ff1ec8b9,0.9,,0.9,,llama3_8b,invalide,0.8249401450157166,0.8607469201087952,0.7369880676269531,0.787872850894928
c762d91cd7a5f4e6,0.7000000000000001,0.9,0.7000000000000001,0.9,llama3_8b,egalite,0.6805833578109741,0.6529960632324219,0.6898716688156128,0.6551573276519775
c7b1a5e7aadc5d9e,0.6000000000000001,1.0,0.6000000000000001,0.9,llama3_8b,egalite,0.6824284791946411,0.6967943906784058,0.6399590969085693,0.7147823572158813
c85975e9f3e41e2e,1.0,1.0,1.0,1.0,llama3_8b,egalite,0.668159008026123,0.6866715550422668,0.6647784113883972,0.7205435037612915
c8e535a2ea063c50,0.7000000000000001,0.8,0.7000000000000001,0.8,llama3_8b,egalite,0.6514108180999756,0.6725250482559204,0.6730746030807495,0.689053475856781
c906cc2f359d0e15,0.5,0.8,0.5,0.8,llama3_8b,egalite,0.6093948483467102,0.5821394920349121,0.7577701210975647,0.6811624765396118
c92f416cedbd55e6,0.8,1.0,0.8,1.0,llama3_8b,egalite,0.6385751962661743,0.743687093257904,0.6709479689598083,0.7695314288139343
c93cbfcb39be3722,0.7000000000000001,0.9,0.7000000000000001,0.9,llama3_8b,egalite,0.6293654441833496,0.6195093393325806,0.7131772041320801,0.7207565903663635
c98d03a1d0475291,0.7000000000000001,0.9,0.7000000000000001,1.0,llama3_8b,egalite,0.6326565742492676,0.6823105812072754,0.7196453809738159,0.7005600333213806
c9994f84b0029e56,0.7000000000000001,0.9,0.7000000000000001,0.9,llama3_8b,egalite,0.6112324595451355,0.5974518060684204,0.6801546216011047,0.7488517761230469
c9a95a725a2d9ce6,0.7000000000000001,0.8,0.7000000000000001,1.0,llama3_8b,egalite,0.5712438821792603,0.5564926266670227,0.670146644115448,0.6796762347221375
c9c342035f91b62a,0.7000000000000001,0.9,0.7000000000000001,0.9,llama3_8b,egalite,0.6364438533782959,0.6191993355751038,0.6930227875709534,0.669675350189209
c9eb1ecf0b1b36d5,0.9,1.0,1.0,1.0,llama3_8b,egalite,0.7121360301971436,0.7290974259376526,0.6884827613830566,0.7694727778434753
c9fc7a1a3e928b5a,0.7000000000000001,1.0,0.8,1.0,llama3_8b,egalite,0.6382210850715637,0.6813133955001831,0.8117468953132629,0.7862650156021118
ca03258ee2552488,0.7000000000000001,0.9,0.7000000000000001,0.9,llama3_8b,egalite,0.6431353688240051,0.6413995623588562,0.731162965297699,0.7236958742141724
caff125d25466b98,0.9,0.9,0.7000000000000001,0.9,llama3_8b,egalite,0.7291491031646729,0.6396885514259338,0.6177669763565063,0.5375070571899414
cb57cd67c9df1562,0.5,0.9,0.1,0.1,llama3_8b,meme_ordre,0.5239912867546082,0.29964375495910645,0.6775204539299011,0.3618844747543335
cc2c3e675a43a653,0.7000000000000001,0.9,0.5,0.9,llama3_8b,egalite,0.5570197105407715,0.5547319650650024,0.7079131603240967,0.6754952669143677
cc8e5a29e02b6f53,0.7000000000000001,1.0,0.7000000000000001,0.9,llama3_8b,egalite,0.6626638174057007,0.635560929775238,0.6606645584106445,0.6859418153762817
cca9be95688a0fad,0.7000000000000001,0.9,0.7000000000000001,0.9,llama3_8b,egalite,0.6797945499420166,0.6763615608215332,0.6441468000411987,0.6427949666976929
cd59cf33b84dbbe0,0.9,1.0,0.9,0.9,llama3_8b,egalite,0.7858087420463562,0.7125425338745117,0.6718363761901855,0.5976253151893616
cd8f1aa24b30584f,0.7000000000000001,0.9,0.7000000000000001,1.0,llama3_8b,egalite,0.6451115012168884,0.6657339334487915,0.6410316228866577,0.680888295173645
ce1d05f6964bf1f5,0.7000000000000001,0.9,0.7000000000000001,0.9,llama3_8b,egalite,0.6831405162811279,0.6386260390281677,0.6781792640686035,0.6218129992485046
ce3da51df70246aa,0.5,1.0,0.7000000000000001,1.0,llama3_8b,egalite,0.6158834099769592,0.6659672856330872,0.7208136916160583,0.7169378995895386
ce8b076e67be117f,1.0,1.0,1.0,1.0,llama3_8b,egalite,0.7662426233291626,0.857006847858429,0.6391504406929016,0.6071189045906067
cf11d42197c59876,0.8,1.0,0.9,1.0,llama3_8b,egalite,0.6598154902458191,0.7590875625610352,0.7311552166938782,0.8214486837387085
cf837a506c1ef189,0.7000000000000001,1.0,0.7000000000000001,1.0,llama3_8b,egalite,0.6613321304321289,0.6331721544265747,0.7104675769805908,0.6991098523139954
cf87b209083db05b,0.8,1.0,0.6000000000000001,1.0,llama3_8b,egalite,0.6456587314605713,0.6317905783653259,0.7819972038269043,0.7122736573219299
cf9e96d8330b1056,0.7000000000000001,1.0,0.7000000000000001,0.8,llama3_8b,egalite,0.6404489874839783,0.5412076115608215,0.6948720216751099,0.578578531742096
cfb4e70c04d45d94,0.7000000000000001,1.0,0.4,0.9,llama3_8b,meme_ordre,0.6225531101226807,0.5271101593971252,0.6706573963165283,0.6181597709655762
cfd6da575429719c,0.9,0.9,1.0,0.9,llama3_8b,egalite,0.7416372299194336,0.7186461687088013,0.6685813665390015,0.6640340685844421
d01615c9ef0c1486,0.7000000000000001,0.8,0.7000000000000001,0.8,llama3_8b,egalite,0.6714112758636475,0.6736477613449097,0.7186041474342346,0.7090288400650024
d08f4b6046ac0000,0.9,0.9,0.1,0.8,llama3_8b,meme_ordre,0.5567976236343384,0.400004118680954,0.5292326211929321,0.4707969129085541
d0cb0ecf0fb4f20e,0.7000000000000001,0.9,0.7000000000000001,0.9,llama3_8b,egalite,0.679267406463623,0.6274111270904541,0.6888594627380371,0.6177430748939514
d12ef20e45931369,0.7000000000000001,0.8,0.6000000000000001,0.9,llama3_8b,inversion_stricte,0.5852087736129761,0.6203315258026123,0.5592769384384155,0.6092986464500427
d130bcafb6d4857b,0.7000000000000001,1.0,0.7000000000000001,1.0,llama3_8b,egalite,0.6248648166656494,0.6340301036834717,0.7448588013648987,0.7374199032783508
d142fc26860bc13f,0.7000000000000001,1.0,0.7000000000000001,0.9,llama3_8b,egalite,0.6209986209869385,0.6430811882019043,0.7298223376274109,0.6797975301742554
d1828ef1fed35212,0.7000000000000001,0.9,0.7000000000000001,0.9,llama3_8b,egalite,0.626562237739563,0.6597106456756592,0.6825935244560242,0.6713942289352417
d1f49725319a8992,0.7000000000000001,0.9,0.7000000000000001,0.9,llama3_8b,egalite,0.636492133140564,0.6379543542861938,0.7008311748504639,0.6908756494522095
d230a134fe1575ed,0.7000000000000001,0.9,0.7000000000000001,0.9,llama3_8b,egalite,0.5961999893188477,0.5922634601593018,0.7150876522064209,0.6737329959869385
d28dd71f5793f297,0.8,1.0,0.7000000000000001,1.0,llama3_8b,egalite,0.6416385173797607,0.6559394001960754,0.7561832070350647,0.7847837209701538
d2f347df24262a3f,0.7000000000000001,0.9,0.7000000000000001,0.9,llama3_8b,egalite,0.6898645758628845,0.6771371364593506,0.6601471900939941,0.6819688081741333
d3196b6bc0b067f9,0.9,1.0,0.9,0.9,llama3_8b,egalite,0.8152117133140564,0.7392127513885498,0.7380730509757996,0.6995807886123657
d329ef27916bd35a,0.7000000000000001,1.0,0.7000000000000001,0.9,llama3_8b,egalite,0.6358550786972046,0.5444340705871582,0.7349123954772949,0.6558018922805786
d34ade1a4aef98f6,0.9,1.0,0.9,1.0,llama3_8b,egalite,0.7067176699638367,0.7377341985702515,0.7242692112922668,0.7008523344993591
d3fad68c76b693d7,1.0,1.0,1.0,0.9,llama3_8b,egalite,0.8512989282608032,0.7640852928161621,0.6452950239181519,0.5479553937911987
d42441f9b63d6489,0.7000000000000001,0.9,0.7000000000000001,0.9,llama3_8b,egalite,0.6946167945861816,0.6999919414520264,0.6501264572143555,0.6609885692596436
d519c84a3d272208,1.0,1.0,0.9,1.0,llama3_8b,egalite,0.7451809644699097,0.7539284825325012,0.7427856922149658,0.7366918325424194
d53f2902ea3acf64,0.7000000000000001,1.0,0.9,0.8,llama3_8b,inversion_stricte,0.6889411807060242,0.679256796836853,0.7324680089950562,0.6984330415725708
d624b08c1c4c57e1,0.7000000000000001,1.0,0.4,0.9,llama3_8b,meme_ordre,0.6400495767593384,0.5468053817749023,0.7000922560691833,0.5827588438987732
d713be3cd6470c51,0.1,0.9,0.7000000000000001,0.9,llama3_8b,egalite,0.3700005114078522,0.5596816539764404,0.8546822667121887,0.7473829984664917
d7bb11e810e56393,0.7000000000000001,0.9,0.7000000000000001,0.9,llama3_8b,egalite,0.5924074649810791,0.5947735905647278,0.7125419974327087,0.6776126623153687
d820d0b13c589a3a,0.7000000000000001,0.8,0.7000000000000001,0.9,llama3_8b,egalite,0.6461977958679199,0.6100142598152161,0.6851145625114441,0.6648589372634888
d86c6e40b0e0d798,0.9,1.0,0.7000000000000001,0.9,llama3_8b,meme_ordre,0.7388902902603149,0.7191855907440186,0.6605597138404846,0.6247998476028442
d8ad1a58235204a0,0.8,1.0,0.6000000000000001,1.0,llama3_8b,egalite,0.681776762008667,0.6558164358139038,0.7184881567955017,0.7010036110877991
d8fb333bcbe5e49a,0.8,1.0,0.7000000000000001,1.0,llama3_8b,egalite,0.6675593852996826,0.6165570020675659,0.6804600954055786,0.6995211839675903
d965265524c54a8a,0.7000000000000001,1.0,0.7000000000000001,1.0,llama3_8b,egalite,0.6139324903488159,0.593107283115387,0.7082709670066833,0.6744846701622009
d981b78ed7713b6a,1.0,0.9,0.9,1.0,llama3_8b,inversion_stricte,0.7685984969139099,0.8389517068862915,0.7064952850341797,0.7287033796310425
d9b6b524dc561962,0.6000000000000001,0.9,0.9,0.9,llama3_8b,egalite,0.6670598983764648,0.7014737129211426,0.6525923013687134,0.6686718463897705
d9ba654b17637148,0.7000000000000001,0.8,0.7000000000000001,0.9,llama3_8b,egalite,0.598150372505188,0.5978363752365112,0.6666531562805176,0.6121452450752258
da975c3183b17f3e,0.9,0.9,0.7000000000000001,0.9,llama3_8b,egalite,0.7259856462478638,0.6920046210289001,0.6362993717193604,0.6511739492416382
daa897f850b3def0,0.6000000000000001,0.9,0.6000000000000001,0.9,llama3_8b,egalite,0.5792349576950073,0.6505012512207031,0.7137395739555359,0.678655207157135
dad055fc0b31ba82,0.8,1.0,0.8,1.0,llama3_8b,egalite,0.7091658115386963,0.7455591559410095,0.7664927840232849,0.8157370686531067
daf016ae6a454272,0.5,0.9,0.7000000000000001,1.0,llama3_8b,meme_ordre,0.6044560670852661,0.6145711541175842,0.6279576420783997,0.7221639156341553
db78b33dce5354e6,0.5,0.8,0.7000000000000001,0.8,llama3_8b,egalite,0.5909903645515442,0.5367791056632996,0.7596274614334106,0.6459012627601624
db91565e9047a448,0.7000000000000001,0.9,0.7000000000000001,0.9,llama3_8b,egalite,0.5966881513595581,0.5723140835762024,0.7539392709732056,0.6282308101654053
db95ddaf3a1562fb,0.8,1.0,0.6000000000000001,1.0,llama3_8b,egalite,0.6781331300735474,0.6598981618881226,0.7765677571296692,0.7595041990280151
dbc745e0f3ce1b95,0.8,0.9,0.8,0.9,llama3_8b,egalite,0.6894370317459106,0.7009307742118835,0.5981130599975586,0.6077941656112671
dbf83fc9aa7bbd54,0.9,0.9,0.9,0.9,llama3_8b,egalite,0.6814414262771606,0.679795503616333,0.6965281963348389,0.6453573703765869
dc15b72c1671f7e9,0.5,1.0,0.7000000000000001,0.9,llama3_8b,inversion_stricte,0.5312162637710571,0.6075903177261353,0.8068482279777527,0.6680694222450256
dcfb301985790adf,0.7000000000000001,0.9,0.7000000000000001,0.9,llama3_8b,egalite,0.665594220161438,0.5960980653762817,0.7206748723983765,0.7467995882034302
dd6ff7e99ed3590b,0.7000000000000001,0.9,0.7000000000000001,1.0,llama3_8b,egalite,0.6633402109146118,0.6777257919311523,0.6758924722671509,0.6861344575881958
dd7812e760b79c1b,0.7000000000000001,1.0,0.7000000000000001,0.9,llama3_8b,egalite,0.6846972703933716,0.7165462970733643,0.6468574404716492,0.6652542352676392
dde72772d77c9d22,0.5,1.0,0.7000000000000001,1.0,llama3_8b,egalite,0.58730149269104,0.6867561340332031,0.6722989678382874,0.7103927731513977
ddea97fd028744b4,0.7000000000000001,0.9,0.7000000000000001,1.0,llama3_8b,egalite,0.5725632905960083,0.6223798990249634,0.6697587966918945,0.7417213916778564
ddf1380bb21b8ce3,0.5,0.9,0.7000000000000001,0.9,llama3_8b,egalite,0.5502569675445557,0.5132875442504883,0.707081139087677,0.6047074198722839
de167f69e2e32110,1.0,0.9,1.0,1.0,llama3_8b,egalite,0.5870603322982788,0.6254494190216064,0.6228165626525879,0.7140916585922241
de26941ea7c7c569,0.7000000000000001,1.0,0.8,1.0,llama3_8b,egalite,0.6738599538803101,0.6932343244552612,0.7487727403640747,0.7564792633056641
de56d16357a75ef1,0.7000000000000001,1.0,0.7000000000000001,1.0,llama3_8b,egalite,0.6122283935546875,0.6498859524726868,0.671971321105957,0.7096522450447083
deb4cbcdc86d2217,0.7000000000000001,0.9,0.7000000000000001,0.9,llama3_8b,egalite,0.6460247039794922,0.691081702709198,0.637898862361908,0.5638519525527954
dec6f438be5518f7,0.6000000000000001,0.9,0.5,0.9,llama3_8b,egalite,0.644627571105957,0.6321157813072205,0.6487522721290588,0.6848096251487732
dfa76b4cc935ea9d,0.7000000000000001,0.8,0.7000000000000001,0.8,llama3_8b,egalite,0.5631870031356812,0.5845495462417603,0.664193868637085,0.6699435114860535
dfe8b5fc506ff213,0.7000000000000001,0.8,0.5,0.9,llama3_8b,inversion_stricte,0.5924414992332458,0.5408179759979248,0.6468082070350647,0.5727285742759705
dff970349743006f,1.0,1.0,1.0,1.0,llama3_8b,egalite,0.7089903950691223,0.7347497940063477,0.7039265632629395,0.6924431324005127
dffcf27ab35c8ab1,0.7000000000000001,0.9,0.7000000000000001,0.9,llama3_8b,egalite,0.6793233156204224,0.6869505643844604,0.65382981300354,0.6192455887794495
e06d67d108547684,1.0,0.9,0.9,1.0,llama3_8b,inversion_stricte,0.715781569480896,0.7114021182060242,0.7249823808670044,0.7343875169754028
e12044c887ab2d0e,0.5,0.8,0.7000000000000001,0.9,llama3_8b,meme_ordre,0.5681959390640259,0.5549056529998779,0.7345702648162842,0.6962378621101379
e1847af0a85b73b9,0.7000000000000001,0.9,0.7000000000000001,0.9,llama3_8b,egalite,0.6573523283004761,0.6628598570823669,0.6367601752281189,0.6571004986763
e1a7e6c91013d697,0.7000000000000001,1.0,0.7000000000000001,1.0,llama3_8b,egalite,0.7004397511482239,0.6789155006408691,0.7336536645889282,0.6948009729385376
e1b622c1a07b01c9,1.0,1.0,0.7000000000000001,0.9,llama3_8b,meme_ordre,0.7427908778190613,0.6870500445365906,0.6870187520980835,0.6404352188110352
e1e4ff2e3b3664a1,0.30000000000000004,0.30000000000000004,0.7000000000000001,0.9,llama3_8b,meme_ordre,0.4820469617843628,0.663917064666748,0.5891156196594238,0.6963371634483337
e1e88153983d6416,0.7000000000000001,1.0,0.7000000000000001,1.0,llama3_8b,egalite,0.6321296095848083,0.6618484258651733,0.6661033034324646,0.7389489412307739
e27d8a24b6195c27,0.8,1.0,0.6000000000000001,1.0,llama3_8b,egalite,0.688238263130188,0.6358177065849304,0.7447885274887085,0.7262955904006958
e2967551ecbd1d6c,0.7000000000000001,0.9,0.7000000000000001,0.9,llama3_8b,egalite,0.6953057050704956,0.6941751837730408,0.7466683983802795,0.7059447169303894
e29e727003766a2e,0.7000000000000001,0.9,0.7000000000000001,1.0,llama3_8b,egalite,0.612885594367981,0.708180844783783,0.6808978915214539,0.6826477646827698
e2a8c094d8e245ba,0.7000000000000001,0.9,0.7000000000000001,1.0,llama3_8b,egalite,0.6050243973731995,0.6157540082931519,0.711743175983429,0.7081185579299927
e2c050a5e8496b1a,0.7000000000000001,0.8,0.7000000000000001,0.8,llama3_8b,egalite,0.628425657749176,0.6307318210601807,0.6593568325042725,0.631584882736206
e2fdea546d6c589f,0.7000000000000001,0.9,0.9,0.9,llama3_8b,egalite,0.6831254959106445,0.783301830291748,0.6191009283065796,0.7710252404212952
e333835aa2786e79,0.7000000000000001,0.9,0.7000000000000001,0.9,llama3_8b,egalite,0.6638236045837402,0.6324517726898193,0.725947380065918,0.7247225046157837
e34140c5ae2e6845,0.9,0.8,0.9,0.8,llama3_8b,egalite,0.6894747018814087,0.6834070682525635,0.6301110982894897,0.7055317759513855
e352a2310e2523f3,1.0,1.0,0.8,1.0,llama3_8b,egalite,0.8135489225387573,0.7756504416465759,0.7178003787994385,0.7765139937400818
e38b7bda14d30315,0.9,0.9,0.9,0.9,llama3_8b,egalite,0.7190535664558411,0.7190824747085571,0.6342450976371765,0.6450125575065613
e3c6559383ae0881,0.8,1.0,0.8,1.0,llama3_8b,egalite,0.6971675157546997,0.7286362051963806,0.6522144675254822,0.7291519045829773
e41798d429d78e06,0.7000000000000001,0.9,0.7000000000000001,1.0,llama3_8b,egalite,0.592668890953064,0.640898585319519,0.6550494432449341,0.7327706217765808
e497b22ebd655863,0.5,0.5,0.7000000000000001,0.8,llama3_8b,meme_ordre,0.49289876222610474,0.6343365907669067,0.5755240321159363,0.67461097240448
e56883409c82540c,0.7000000000000001,1.0,0.7000000000000001,0.9,llama3_8b,egalite,0.6246151924133301,0.6149452328681946,0.769067645072937,0.7438020706176758
e58568b123dcfbf8,0.7000000000000001,1.0,0.7000000000000001,1.0,llama3_8b,egalite,0.6387243866920471,0.6553850173950195,0.7299783825874329,0.7226619124412537
e5a6771faf8ce951,0.5,1.0,0.8,0.9,llama3_8b,inversion_stricte,0.5573098659515381,0.5682964324951172,0.733772337436676,0.6561046838760376
e5f09400d086db9f,0.9,1.0,0.7000000000000001,1.0,llama3_8b,egalite,0.738883376121521,0.6256489157676697,0.711868405342102,0.6162900924682617
e610167900919fd4,0.7000000000000001,0.9,0.7000000000000001,0.9,llama3_8b,egalite,0.6207197904586792,0.6058811545372009,0.7063575983047485,0.6822335720062256
e65f6dccfc83cee4,0.7000000000000001,0.9,0.7000000000000001,0.9,llama3_8b,egalite,0.6416782736778259,0.6191723942756653,0.6464886665344238,0.5965020060539246
e713318cbbd4e025,0.8,1.0,0.8,1.0,llama3_8b,egalite,0.7094641923904419,0.6987447738647461,0.7664507031440735,0.7905284762382507
e721483c0ca07263,0.7000000000000001,0.9,0.7000000000000001,0.9,llama3_8b,egalite,0.6097896099090576,0.6592549681663513,0.6351537108421326,0.6678664088249207
e72dc107c52c558f,0.7000000000000001,0.8,0.7000000000000001,0.8,llama3_8b,egalite,0.6082727313041687,0.6261342167854309,0.6157336831092834,0.6217092871665955
e74519518a6f4df6,0.9,1.0,1.0,1.0,llama3_8b,egalite,0.7382354140281677,0.7015982270240784,0.8024401068687439,0.7473341822624207
e807f50c78a8f184,0.7000000000000001,1.0,0.7000000000000001,0.9,llama3_8b,egalite,0.6511900424957275,0.6564520001411438,0.6886329650878906,0.6599597334861755
e81a4fb5b2dea5a1,0.9,1.0,0.7000000000000001,1.0,llama3_8b,egalite,0.6958441734313965,0.6683570146560669,0.7419690489768982,0.6812986731529236
e82141dbcb8a097f,0.9,0.9,0.7000000000000001,0.8,llama3_8b,meme_ordre,0.6722567081451416,0.6372637748718262,0.6733700037002563,0.6412579417228699
e8ec37bbf45f257c,0.7000000000000001,0.9,0.7000000000000001,0.9,llama3_8b,egalite,0.6607586145401001,0.7072635889053345,0.6364590525627136,0.6975926756858826
e93729b2b4196785,0.7000000000000001,0.9,0.7000000000000001,0.9,llama3_8b,egalite,0.6057594418525696,0.6723544597625732,0.6554456353187561,0.6466979384422302
e9766168d8912076,0.8,1.0,0.7000000000000001,1.0,llama3_8b,egalite,0.6920894384384155,0.6366615891456604,0.6522871851921082,0.7044526934623718
e9b2c4cd41698286,0.7000000000000001,0.9,0.7000000000000001,0.9,llama3_8b,egalite,0.5763354897499084,0.5604151487350464,0.7111542820930481,0.6952193379402161
e9f192f25ffa0f88,0.9,1.0,0.9,1.0,llama3_8b,egalite,0.7408910989761353,0.7961729764938354,0.7138534784317017,0.8235172033309937
ea8d4b1f59827a46,0.7000000000000001,0.9,0.7000000000000001,0.9,llama3_8b,egalite,0.6963627338409424,0.7282714247703552,0.6559424996376038,0.6966949105262756
ead02ae955988e3c,0.6000000000000001,1.0,0.6000000000000001,1.0,llama3_8b,egalite,0.6664841175079346,0.6589293479919434,0.7009218335151672,0.73004549741745
eb26e4737d9da432,0.9,1.0,0.7000000000000001,0.8,llama3_8b,meme_ordre,0.7167766690254211,0.6513644456863403,0.6625134944915771,0.6720458269119263
eb52e90449375c13,0.7000000000000001,0.9,0.7000000000000001,0.9,llama3_8b,egalite,0.6378094553947449,0.6216252446174622,0.7240272164344788,0.6853939890861511
ebb7d89033422504,0.9,0.9,0.9,0.9,llama3_8b,egalite,0.7876989841461182,0.7863421440124512,0.5876017808914185,0.6603186726570129
ec002eabc93bf837,0.5,0.9,0.5,0.9,llama3_8b,egalite,0.6698532104492188,0.5749111175537109,0.6784954071044922,0.5214308500289917
ec54afb282b16e88,0.7000000000000001,1.0,0.7000000000000001,1.0,llama3_8b,egalite,0.6909129023551941,0.6975366473197937,0.7185075283050537,0.7392104864120483
ecb9cbdba3027557,0.7000000000000001,0.9,0.7000000000000001,0.9,llama3_8b,egalite,0.632610559463501,0.6190531253814697,0.6950473785400391,0.6492341756820679
ed7b90dde049cb22,0.9,0.8,0.7000000000000001,0.8,llama3_8b,egalite,0.6899644136428833,0.6639430522918701,0.6421890258789062,0.6343311667442322
eda218288846c4a5,0.7000000000000001,0.9,0.8,0.8,llama3_8b,inversion_stricte,0.741624653339386,0.7253451347351074,0.7129149436950684,0.6893081665039062
ee76c8871f9f5128,0.6000000000000001,1.0,0.6000000000000001,1.0,llama3_8b,egalite,0.625870943069458,0.6296389698982239,0.745784342288971,0.7540068626403809
ee9c627b750f12e5,0.7000000000000001,1.0,0.7000000000000001,0.9,llama3_8b,egalite,0.6630561351776123,0.6910398006439209,0.6686999797821045,0.6629746556282043
ef21d44759e262eb,0.7000000000000001,1.0,0.6000000000000001,1.0,llama3_8b,egalite,0.6405726075172424,0.6269644498825073,0.7060704827308655,0.6617957949638367
ef8a834ccb1e662a,0.9,1.0,0.7000000000000001,0.9,llama3_8b,meme_ordre,0.6966402530670166,0.6600728034973145,0.7581974864006042,0.6856728196144104
efa0687e66e5d388,0.9,0.9,1.0,1.0,llama3_8b,meme_ordre,0.7021012306213379,0.8471130132675171,0.6630350947380066,0.7035762071609497
efbb94b417885803,1.0,0.9,1.0,0.9,llama3_8b,egalite,0.7223891615867615,0.6815075278282166,0.6883817911148071,0.6949328780174255
f04d2cf495eeb31a,0.7000000000000001,0.9,0.7000000000000001,0.8,llama3_8b,egalite,0.5785338282585144,0.5327125191688538,0.6828321814537048,0.6726658344268799
f0a44f879baa06ea,0.1,1.0,1.0,1.0,llama3_8b,egalite,0.5140211582183838,0.7355178594589233,0.8507738709449768,0.7246592044830322
f1a34a9dabde6072,0.5,0.9,0.7000000000000001,0.8,llama3_8b,inversion_stricte,0.536670446395874,0.5669727325439453,0.730168342590332,0.6271441578865051
f1d1444a5bb2f64a,1.0,1.0,1.0,1.0,llama3_8b,egalite,0.6897666454315186,0.6940773129463196,0.7191770672798157,0.7321531176567078
f1ec648dcb443a0d,0.7000000000000001,0.9,0.7000000000000001,0.9,llama3_8b,egalite,0.6204595565795898,0.6238430738449097,0.7111915349960327,0.6992019414901733
f2e16895cdc0dc54,0.7000000000000001,1.0,0.7000000000000001,1.0,llama3_8b,egalite,0.5891896486282349,0.6044319868087769,0.7544263005256653,0.7196457982063293
f2f29b73aa45f304,0.7000000000000001,0.9,0.7000000000000001,0.9,llama3_8b,egalite,0.6328252553939819,0.6003881692886353,0.7137151956558228,0.674048125743866
f2fb7a67500e8008,0.7000000000000001,0.9,0.7000000000000001,0.9,llama3_8b,egalite,0.7140489220619202,0.6543771028518677,0.7220847010612488,0.6538640260696411
f30ea9aed2833177,0.7000000000000001,0.8,0.7000000000000001,0.8,llama3_8b,egalite,0.6305224299430847,0.600837230682373,0.671915590763092,0.6350733041763306
f40f2761bdd0291a,0.7000000000000001,0.9,0.7000000000000001,0.9,llama3_8b,egalite,0.6731772422790527,0.6385003924369812,0.6226255297660828,0.5640804171562195
f47c5a31c127c23a,0.7000000000000001,0.9,0.7000000000000001,0.9,llama3_8b,egalite,0.5938165783882141,0.6029711961746216,0.6720162630081177,0.6341169476509094
f4c9ecd92e6d9d0e,0.7000000000000001,0.9,0.7000000000000001,0.9,llama3_8b,egalite,0.7195361852645874,0.710459291934967,0.7077164649963379,0.694708526134491
f5268d157dbdc27c,1.0,1.0,1.0,0.9,llama3_8b,egalite,0.6560479402542114,0.6379706859588623,0.751947820186615,0.6846608519554138
f5587d62e7e4249f,0.7000000000000001,0.9,0.7000000000000001,0.9,llama3_8b,egalite,0.7092058062553406,0.6555258631706238,0.7105060815811157,0.7159725427627563
f566a03761808dec,0.7000000000000001,0.8,0.7000000000000001,0.8,llama3_8b,egalite,0.6196469664573669,0.6178406476974487,0.6792640089988708,0.6937424540519714
f595b271f4c5c42a,0.7000000000000001,0.8,0.7000000000000001,0.9,llama3_8b,egalite,0.6966790556907654,0.6079570055007935,0.7294179797172546,0.6676250696182251
f5c41fdc3cb46194,0.7000000000000001,0.9,0.7000000000000001,0.9,llama3_8b,egalite,0.6173955202102661,0.6809635162353516,0.6155432462692261,0.6908501982688904
f5eae4d9165337ed,0.7000000000000001,1.0,0.7000000000000001,1.0,llama3_8b,egalite,0.6426069736480713,0.6397649645805359,0.7570952773094177,0.740922749042511
f6442367a15f78b1,0.9,1.0,0.7000000000000001,1.0,llama3_8b,egalite,0.6837003827095032,0.6423401832580566,0.7539241909980774,0.6829455494880676
f64f1b7785646c32,0.4,0.8,0.7000000000000001,0.8,llama3_8b,egalite,0.5241559743881226,0.5319649577140808,0.662551760673523,0.561067521572113
f6f2457e7f643e5e,0.7000000000000001,0.9,0.7000000000000001,0.9,llama3_8b,egalite,0.6698864698410034,0.6174561977386475,0.6864784359931946,0.6703184843063354
f7e57c46a04b8d18,0.7000000000000001,0.9,0.7000000000000001,0.9,llama3_8b,egalite,0.694304347038269,0.7011700868606567,0.6351088285446167,0.6646905541419983
f81542563a03aa05,0.9,1.0,0.7000000000000001,0.9,llama3_8b,meme_ordre,0.7107836008071899,0.5714116096496582,0.65904700756073,0.5829235315322876
f8515e36b57e5daa,0.7000000000000001,0.9,0.7000000000000001,0.8,llama3_8b,egalite,0.6908957958221436,0.7136788368225098,0.661932110786438,0.6360152959823608
f85c3714d8ca519b,0.7000000000000001,0.9,0.7000000000000001,0.9,llama3_8b,egalite,0.6740791201591492,0.6164476871490479,0.6320158839225769,0.5396097898483276
f85ebcb8f145a6d7,0.7000000000000001,0.9,0.7000000000000001,0.9,llama3_8b,egalite,0.6529524922370911,0.6695618629455566,0.7070626616477966,0.7156669497489929
f8e2b9f04b603d6f,0.9,0.9,0.7000000000000001,0.8,llama3_8b,meme_ordre,0.6850197315216064,0.6754609942436218,0.6731244921684265,0.6257655620574951
f92a677f8c89de6c,1.0,1.0,1.0,0.8,llama3_8b,egalite,0.7627472281455994,0.7718659043312073,0.6009770035743713,0.6052297353744507
f965fcb86f55e3ac,0.7000000000000001,0.9,0.7000000000000001,0.8,llama3_8b,egalite,0.5514816045761108,0.51575767993927,0.6828396916389465,0.5795883536338806
f9e19c5cd647c353,0.7000000000000001,0.9,0.7000000000000001,0.9,llama3_8b,egalite,0.6703702211380005,0.629198431968689,0.6746956706047058,0.6479897499084473
f9e1a5708df7327d,0.7000000000000001,0.9,0.7000000000000001,0.9,llama3_8b,egalite,0.643879771232605,0.676543116569519,0.5999096632003784,0.583321750164032
fa075819c46433ec,0.7000000000000001,1.0,0.7000000000000001,1.0,llama3_8b,egalite,0.6837325096130371,0.7320655584335327,0.7026053071022034,0.7019384503364563
fa46cda83df6cd5b,0.6000000000000001,0.9,0.6000000000000001,0.9,llama3_8b,egalite,0.6066628694534302,0.5658136606216431,0.7015427947044373,0.5869806408882141
fa84391729af147b,0.7000000000000001,0.9,0.6000000000000001,0.9,llama3_8b,egalite,0.6482271552085876,0.6523840427398682,0.663154125213623,0.663861095905304
fa87b605a0298441,0.7000000000000001,0.9,0.7000000000000001,0.9,llama3_8b,egalite,0.61882483959198,0.6321417093276978,0.6778980493545532,0.6342447996139526
fac83f5d7c48e193,1.0,0.9,1.0,0.9,llama3_8b,egalite,0.7005100250244141,0.7588212490081787,0.6472902894020081,0.6354528069496155
fb0200d3253a3f62,0.7000000000000001,0.9,0.7000000000000001,1.0,llama3_8b,egalite,0.7065746188163757,0.7139727473258972,0.7004194259643555,0.7048118114471436
fc61842f02d06c1b,0.7000000000000001,0.9,0.7000000000000001,0.9,llama3_8b,egalite,0.672051191329956,0.6583462357521057,0.7418884038925171,0.7510992884635925
fc6ea29b977b7eea,0.5,1.0,0.7000000000000001,1.0,llama3_8b,egalite,0.675743043422699,0.6826815009117126,0.6764339804649353,0.6962804198265076
fcc80eef3db55bc2,0.7000000000000001,0.9,0.7000000000000001,0.9,llama3_8b,egalite,0.6079999208450317,0.6582204103469849,0.6574982404708862,0.6759023070335388
fd161476ea4963f4,0.7000000000000001,0.9,0.7000000000000001,0.9,llama3_8b,egalite,0.6776996850967407,0.6115984916687012,0.7209323644638062,0.6907650232315063
fd8220dd4d0e6e73,0.7000000000000001,1.0,0.7000000000000001,1.0,llama3_8b,egalite,0.7205084562301636,0.7085283994674683,0.6888864636421204,0.6958093047142029
fdac6d41e5ed2840,0.9,1.0,0.7000000000000001,1.0,llama3_8b,egalite,0.6661112308502197,0.6435723304748535,0.7040833234786987,0.6451754570007324
fdf1d731b5593c9e,0.7000000000000001,0.9,0.7000000000000001,0.9,llama3_8b,egalite,0.6678013801574707,0.6419543027877808,0.7058810591697693,0.7110163569450378
fdf6d5b46ff1f104,0.7000000000000001,1.0,0.5,0.8,llama3_8b,meme_ordre,0.6555270552635193,0.6086529493331909,0.6650174856185913,0.670492947101593
fe66ea8590dff7c8,0.7000000000000001,1.0,0.7000000000000001,1.0,llama3_8b,egalite,0.653850793838501,0.6782224178314209,0.6778748035430908,0.7383447885513306
feb8313fef210298,0.4,1.0,0.7000000000000001,1.0,llama3_8b,egalite,0.587859034538269,0.6093747019767761,0.6679463386535645,0.7125263810157776
feb84bcc1543238c,0.7000000000000001,1.0,0.7000000000000001,0.9,llama3_8b,egalite,0.6680243015289307,0.5817385911941528,0.6463141441345215,0.6095103025436401
ff128283a9f919bd,0.9,0.9,0.7000000000000001,0.9,llama3_8b,egalite,0.6879304051399231,0.5994945764541626,0.6388992667198181,0.6458345651626587
ff20b86d53d59696,0.7000000000000001,1.0,0.5,0.8,llama3_8b,meme_ordre,0.6662870645523071,0.6149285435676575,0.6666862964630127,0.6449605822563171
ff8a5ccb10bb650b,1.0,0.9,0.7000000000000001,0.8,llama3_8b,meme_ordre,0.7442204356193542,0.607599675655365,0.6605117321014404,0.5680943727493286
fff9c35b418eecd2,0.7000000000000001,1.0,0.7000000000000001,0.8,llama3_8b,egalite,0.6272205114364624,0.643048882484436,0.7126648426055908,0.6660308837890625
00789db244eaee0f,0.0,0.8,0.0,0.8,mistral_7b,egalite,0.5471241474151611,0.628076434135437,0.7738502025604248,0.7904762625694275
01461d489206b211,1.0,1.0,1.0,1.0,mistral_7b,egalite,0.5669600963592529,0.7371948957443237,0.8069161176681519,0.8169259428977966
01947b22d18938b7,0.0,1.0,0.0,1.0,mistral_7b,egalite,0.46073025465011597,0.46702998876571655,0.825008749961853,0.8568959832191467
0292664fc85e3208,1.0,1.0,0.0,1.0,mistral_7b,egalite,0.4863676130771637,0.41826802492141724,0.8201958537101746,0.7933083772659302
02e4265adf619cd2,,1.0,1.0,1.0,mistral_7b,invalide,0.4513552188873291,0.5385429263114929,0.7011642456054688,0.7637850642204285
03338f3d3818274f,,1.0,,1.0,mistral_7b,invalide,0.47565048933029175,0.43192851543426514,0.8227291107177734,0.7375385761260986
03417ae0074719a8,1.0,1.0,,1.0,mistral_7b,invalide,0.47836750745773315,0.5166736245155334,0.7459000945091248,0.8574523329734802
03555a497179045f,0.0,1.0,0.0,1.0,mistral_7b,egalite,0.5103187561035156,0.5638918280601501,0.7446752786636353,0.7613718509674072
03d27f8139cfc13a,0.0,1.0,,1.0,mistral_7b,invalide,0.520646333694458,0.4962453544139862,0.7426103949546814,0.7542747259140015
04720516edac2b9e,1.0,1.0,0.0,1.0,mistral_7b,egalite,0.4757329821586609,0.5384335517883301,0.7512177228927612,0.7658992409706116
04ca621cd2d4398a,1.0,1.0,,1.0,mistral_7b,invalide,0.6091641783714294,0.5897606611251831,0.8269157409667969,0.8058452606201172
0626daa9dff9e7cc,0.0,1.0,0.0,1.0,mistral_7b,egalite,0.4885214865207672,0.523188591003418,0.7564094662666321,0.7500313520431519
0634c87647c66be7,1.0,1.0,1.0,1.0,mistral_7b,egalite,0.6366660594940186,0.6308746337890625,0.7762691378593445,0.8164402842521667
065bb8cae33e2560,,1.0,,1.0,mistral_7b,invalide,0.5518237948417664,0.5429415702819824,0.7314151525497437,0.7405211925506592
0667a3ed1354489b,0.0,1.0,1.0,1.0,mistral_7b,egalite,0.44206929206848145,0.5257779955863953,0.7805625796318054,0.7488581538200378
0674b477ab743871,1.0,1.0,1.0,1.0,mistral_7b,egalite,0.6575335264205933,0.6433963775634766,0.9585719704627991,0.8618784546852112
06b571880f403ecd,,1.0,1.0,1.0,mistral_7b,invalide,0.5148296356201172,0.587110161781311,0.6554049253463745,0.7510097622871399
06f6288b4814ca3c,1.0,1.0,,1.0,mistral_7b,invalide,0.5224004983901978,0.5465745329856873,0.7681755423545837,0.800548255443573
06fc88a33aab307a,1.0,0.8,1.0,1.0,mistral_7b,egalite,0.5197175741195679,0.6258318424224854,0.72048419713974,0.8414932489395142
072cb9f2d511d84b,0.0,1.0,0.0,1.0,mistral_7b,egalite,0.4376755654811859,0.4944387376308441,0.7487059235572815,0.7876197099685669
079ef7db5cfc17dd,0.0,1.0,0.0,1.0,mistral_7b,egalite,0.42239272594451904,0.5078027844429016,0.6687042713165283,0.7673211097717285
083721e9baf53b04,1.0,1.0,1.0,1.0,mistral_7b,egalite,0.5121200680732727,0.49904635548591614,0.7142923474311829,0.7562853097915649
083dda683f3d77a3,0.0,1.0,0.0,1.0,mistral_7b,egalite,0.5417388677597046,0.46991780400276184,0.7906379103660583,0.8218462467193604
08c6791aa311a1c0,0.0,1.0,0.0,1.0,mistral_7b,egalite,0.5480451583862305,0.562714159488678,0.8091447949409485,0.77409827709198
0936a185618fea23,1.0,0.8,1.0,0.8,mistral_7b,egalite,0.5959724187850952,0.6188427209854126,0.8228929042816162,0.8095564246177673
094610fe753972bf,,1.0,,1.0,mistral_7b,invalide,0.5222631096839905,0.5222394466400146,0.8444591760635376,0.8627620339393616
09646b9c298454f8,0.0,1.0,1.0,0.8,mistral_7b,inversion_stricte,0.43249964714050293,0.5908571481704712,0.7742285132408142,0.6987181901931763
097017e1fc02cead,1.0,0.8,1.0,0.8,mistral_7b,egalite,0.4843112826347351,0.5450802445411682,0.7468919157981873,0.7600651383399963
0972a3e4bea2d2ed,0.0,1.0,0.0,1.0,mistral_7b,egalite,0.4908873736858368,0.4916823208332062,0.7612812519073486,0.669995129108429
09903c5c86533ccc,1.0,1.0,1.0,1.0,mistral_7b,egalite,0.557836651802063,0.5313639640808105,0.7617983222007751,0.7415521740913391
09b3ae7d34a6a05b,0.0,1.0,0.0,1.0,mistral_7b,egalite,0.5554115772247314,0.5598573684692383,0.8670021295547485,0.8515182733535767
09d9d19f3f5df381,,1.0,,1.0,mistral_7b,invalide,0.6285459399223328,0.543278157711029,0.7119122743606567,0.7209043502807617
09df2f516f2c6d8f,1.0,1.0,1.0,1.0,mistral_7b,egalite,0.5681632161140442,0.5764484405517578,0.7526301145553589,0.7512787580490112
09e509fa6d05b49c,0.0,1.0,0.0,1.0,mistral_7b,egalite,0.4809407889842987,0.4934690594673157,0.8477452993392944,0.838810920715332
0a651c68bbd2cf15,,1.0,0.0,1.0,mistral_7b,invalide,0.5340144634246826,0.6847131848335266,0.7662986516952515,0.8448123335838318
0a84f0cb2f7ab820,0.0,1.0,0.0,1.0,mistral_7b,egalite,0.40929079055786133,0.4133272171020508,0.7974972724914551,0.8102628588676453
0ac9935f288c9acb,1.0,1.0,1.0,1.0,mistral_7b,egalite,0.6705406904220581,0.6795990467071533,0.7933506369590759,0.837418258190155
0add26f12b0cf0e2,,1.0,,1.0,mistral_7b,invalide,0.49494296312332153,0.522179365158081,0.7877146005630493,0.8126096129417419
0ae9b7c4212a2c7e,1.0,1.0,0.0,1.0,mistral_7b,egalite,0.499051034450531,0.5165655612945557,0.7227368354797363,0.7821403741836548
0b0a9b38e0fe59f1,,1.0,0.0,1.0,mistral_7b,invalide,0.4556120038032532,0.39584267139434814,0.787965714931488,0.7386074066162109
0b477f31c649f71d,1.0,1.0,1.0,1.0,mistral_7b,egalite,0.656967043876648,0.6227314472198486,0.8539852499961853,0.7985198497772217
0b74ab9a07f476ed,0.0,1.0,0.0,1.0,mistral_7b,egalite,0.5908806920051575,0.5790795087814331,0.7489981651306152,0.7326789498329163
0b9a2d690eab6cd0,,1.0,1.0,1.0,mistral_7b,invalide,0.5561809539794922,0.5713778734207153,0.8485848307609558,0.7758047580718994
0c1005ef28f9bcaf,,1.0,,1.0,mistral_7b,invalide,0.5397622585296631,0.4673329293727875,0.8433247804641724,0.7620838284492493
0c2c12586aa084ce,0.0,1.0,1.0,1.0,mistral_7b,egalite,0.5328981280326843,0.6280320882797241,0.7817964553833008,0.7601962685585022
0c64a6baf7f53277,1.0,1.0,,0.8,mistral_7b,invalide,0.6740745902061462,0.5865532159805298,0.7922115325927734,0.7109588384628296
0d3a2e5711474cbe,0.0,1.0,0.0,0.8,mistral_7b,egalite,0.4580654501914978,0.47548237442970276,0.7245398163795471,0.7421516180038452
0d53eba319f97e83,0.0,1.0,0.0,1.0,mistral_7b,egalite,0.534751296043396,0.5038257241249084,0.759848415851593,0.7182900905609131
0d60452136dd09d7,0.0,1.0,,1.0,mistral_7b,invalide,0.4847058653831482,0.5616621375083923,0.8070136904716492,0.711792528629303
0d82030243eecae4,0.0,1.0,0.0,1.0,mistral_7b,egalite,0.43292349576950073,0.44816717505455017,0.8386818766593933,0.8195613026618958
0dec270715300684,0.0,1.0,0.0,1.0,mistral_7b,egalite,0.5686728358268738,0.6401774883270264,0.7016716003417969,0.7159940600395203
0e271f12b70ab3bb,0.0,1.0,1.0,1.0,mistral_7b,egalite,0.6240836381912231,0.6408171057701111,0.7501269578933716,0.7420716881752014
0e59334afc751d3b,1.0,1.0,1.0,1.0,mistral_7b,egalite,0.5526185631752014,0.5386468172073364,0.7377980351448059,0.7069432139396667
0eb1b2af42b01dce,0.0,1.0,0.0,1.0,mistral_7b,egalite,0.4445863366127014,0.538655161857605,0.8235840201377869,0.856041669845581
0f2bb168efa83c85,0.0,1.0,0.0,1.0,mistral_7b,egalite,0.5115367770195007,0.5707321166992188,0.8160699605941772,0.7545205950737
0ff57926ec6a3e29,0.0,1.0,0.0,1.0,mistral_7b,egalite,0.40119484066963196,0.4217422604560852,0.7809696197509766,0.7874427437782288
0ffcb56c8ced3b14,0.0,1.0,1.0,1.0,mistral_7b,egalite,0.4928591847419739,0.5722928643226624,0.7245008945465088,0.7679534554481506
1016c4c6cd45de22,1.0,1.0,1.0,1.0,mistral_7b,egalite,0.5524158477783203,0.6360401511192322,0.8104186058044434,0.845245361328125
102ac47cf38b8e80,0.0,1.0,,1.0,mistral_7b,invalide,0.48668456077575684,0.5511529445648193,0.7454155087471008,0.723640501499176
107d9bf661accfa2,,1.0,,1.0,mistral_7b,invalide,0.47689229249954224,0.5065383315086365,0.7893293499946594,0.8529711365699768
108223d91d2c7db7,0.0,1.0,1.0,0.8,mistral_7b,inversion_stricte,0.410512238740921,0.5643154382705688,0.7287336587905884,0.7074688673019409
10ad3d8fbfc3b0aa,0.0,1.0,0.0,1.0,mistral_7b,egalite,0.407927930355072,0.4996710419654846,0.7130381464958191,0.7631915211677551
110bd5b14a4e51ff,0.0,1.0,1.0,1.0,mistral_7b,egalite,0.5774792432785034,0.6408177018165588,0.7586533427238464,0.8132935166358948
110fff933a8f3d32,0.0,1.0,,1.0,mistral_7b,invalide,0.455694317817688,0.5019477605819702,0.7533548474311829,0.7918481230735779
115eca902298d4ac,0.0,1.0,0.0,1.0,mistral_7b,egalite,0.5394741296768188,0.546883225440979,0.886580765247345,0.8922597169876099
1171aa032eaf9964,0.0,1.0,0.0,0.8,mistral_7b,egalite,0.46067678928375244,0.4641219973564148,0.6840512752532959,0.7642396092414856
119e1d0913bc86f0,1.0,1.0,1.0,1.0,mistral_7b,egalite,0.5191196203231812,0.5616298317909241,0.8521382808685303,0.8658233284950256
122ab70aec22fc5e,0.0,0.8,0.0,1.0,mistral_7b,egalite,0.40324774384498596,0.4606098532676697,0.7608683109283447,0.8032066226005554
1258e46cc95bcec6,,0.8,,,mistral_7b,invalide,0.5912204384803772,0.5849417448043823,0.7421937584877014,0.6830808520317078
125ef41578ebb500,1.0,0.8,1.0,1.0,mistral_7b,egalite,0.44789019227027893,0.5458627343177795,0.7488694787025452,0.8094913363456726
128ffefefb991e21,1.0,1.0,1.0,1.0,mistral_7b,egalite,0.5616158246994019,0.5360901355743408,0.8683121800422668,0.6921014785766602
12abe451fe448350,0.0,1.0,0.0,1.0,mistral_7b,egalite,0.45450347661972046,0.4923316240310669,0.8520135879516602,0.85371994972229
12c16a2af8ec8b86,0.0,1.0,0.0,1.0,mistral_7b,egalite,0.48550182580947876,0.5861914753913879,0.835033118724823,0.8177736401557922
12d50ea972dd7999,,1.0,,1.0,mistral_7b,invalide,0.49356168508529663,0.5662346482276917,0.7637207508087158,0.7442188262939453
13409c010ee8fae1,0.0,1.0,0.0,1.0,mistral_7b,egalite,0.5254652500152588,0.5700709819793701,0.8133906126022339,0.814070999622345
1368ad6ec07df993,0.0,1.0,0.0,1.0,mistral_7b,egalite,0.5039764046669006,0.4550514817237854,0.8126013875007629,0.8226305246353149
1382fe95caf31909,0.0,0.8,1.0,1.0,mistral_7b,meme_ordre,0.3971323072910309,0.4878019392490387,0.7983558177947998,0.8452163934707642
13973c64b67afa69,0.0,1.0,0.0,1.0,mistral_7b,egalite,0.41746020317077637,0.4619998335838318,0.8151806592941284,0.7561793327331543
13f1c167f80b3c86,0.0,1.0,0.0,1.0,mistral_7b,egalite,0.5545326471328735,0.5297350883483887,0.8294019103050232,0.8335531949996948
140ea212b8f6441b,1.0,1.0,0.0,1.0,mistral_7b,egalite,0.7162608504295349,0.6182894110679626,0.8308232426643372,0.7219891548156738
14216d32ec79e316,1.0,1.0,1.0,1.0,mistral_7b,egalite,0.5044567584991455,0.5427770018577576,0.807443380355835,0.7968699336051941
1437dca36cb6af4a,0.0,1.0,1.0,1.0,mistral_7b,egalite,0.5180304050445557,0.5688923001289368,0.8177544474601746,0.856814444065094
1440d36c1537b1a4,0.0,,0.0,1.0,mistral_7b,invalide,0.4003215730190277,0.5135139226913452,0.7900444865226746,0.8297907710075378
148666b2d26e4fdc,0.0,1.0,0.0,1.0,mistral_7b,egalite,0.43548643589019775,0.4099353551864624,0.8100308179855347,0.7925447225570679
1584ba4b601c29a4,0.0,1.0,0.0,1.0,mistral_7b,egalite,0.38256847858428955,0.4085157513618469,0.8065674901008606,0.7925778031349182
16bd6d87305f1b98,1.0,1.0,1.0,1.0,mistral_7b,egalite,0.594832718372345,0.650074303150177,0.8513856530189514,0.7949792742729187
16f35a986f1aee62,,0.8,,0.8,mistral_7b,invalide,0.5414515733718872,0.4494791030883789,0.7887428402900696,0.7756542563438416
1811a164271f1361,0.0,1.0,1.0,1.0,mistral_7b,egalite,0.4738057255744934,0.5523985624313354,0.6971616744995117,0.7873596549034119
1842a4e44d0d0263,0.0,1.0,0.0,1.0,mistral_7b,egalite,0.537879228591919,0.5798749327659607,0.7569403052330017,0.7384013533592224
1855fd7637ca921d,1.0,0.8,0.0,1.0,mistral_7b,inversion_stricte,0.48900726437568665,0.44521087408065796,0.8173302412033081,0.8479340076446533
18df09c730204788,,1.0,,1.0,mistral_7b,invalide,0.5249844193458557,0.5535402894020081,0.7475473880767822,0.7488235831260681
1963335d917b3592,1.0,1.0,1.0,1.0,mistral_7b,egalite,0.4899665117263794,0.5135257840156555,0.7509092688560486,0.8166760802268982
1a6346c1e755a1ab,0.0,1.0,0.0,1.0,mistral_7b,egalite,0.4276009202003479,0.4531211256980896,0.7646316885948181,0.8249413371086121
1a66a10e09b98bb6,0.0,1.0,,1.0,mistral_7b,invalide,0.4853595197200775,0.47687870264053345,0.7623538374900818,0.8735861778259277
1a6f1b65325a5bf9,0.0,1.0,0.0,0.8,mistral_7b,egalite,0.506183385848999,0.5446303486824036,0.8025480508804321,0.802436113357544
1b7b453a8c92500d,,1.0,,1.0,mistral_7b,invalide,0.4515533447265625,0.4453451931476593,0.7699373960494995,0.8357409834861755
1bd8539ddd8e9753,1.0,1.0,1.0,0.8,mistral_7b,egalite,0.48759153485298157,0.5862686038017273,0.7930278778076172,0.8008443713188171
1bef490e9fc8b8a5,1.0,1.0,1.0,1.0,mistral_7b,egalite,0.5234540104866028,0.4995458722114563,0.7155107259750366,0.8054587841033936
1c00f4ad8c05671e,1.0,1.0,1.0,1.0,mistral_7b,egalite,0.4506362974643707,0.5541657209396362,0.7802586555480957,0.7997598052024841
1c6233c5c9d67094,,1.0,0.0,1.0,mistral_7b,invalide,0.5329886078834534,0.4494059085845947,0.762241542339325,0.7691119313240051
1c6bdae058932db0,1.0,1.0,0.0,1.0,mistral_7b,egalite,0.566752552986145,0.4986046850681305,0.8262213468551636,0.7515627145767212
1c912683e1747b56,0.0,1.0,0.0,1.0,mistral_7b,egalite,0.4625120162963867,0.4655570387840271,0.7707983255386353,0.817629873752594
1cb261c1e117ea71,0.0,1.0,0.0,1.0,mistral_7b,egalite,0.5098043084144592,0.5080413818359375,0.7854400873184204,0.7838618159294128
1d0edad736c26a23,0.0,1.0,0.0,1.0,mistral_7b,egalite,0.4296175241470337,0.46901124715805054,0.7639886140823364,0.7908886671066284
1d93001803348dc8,0.0,1.0,0.0,1.0,mistral_7b,egalite,0.4913783073425293,0.4998880624771118,0.7059643268585205,0.8086444139480591
1db6879ab09ee566,0.0,1.0,0.0,1.0,mistral_7b,egalite,0.5332163572311401,0.46687406301498413,0.7983413338661194,0.7136399149894714
1eac5b461888a05a,,1.0,,1.0,mistral_7b,invalide,0.5135116577148438,0.49857068061828613,0.6292979121208191,0.7456308007240295
1eb1d4134dc08f2b,,1.0,0.0,1.0,mistral_7b,invalide,0.48434531688690186,0.48990538716316223,0.8396618962287903,0.8132060766220093
202e7f37edc7f1ce,0.0,1.0,,0.8,mistral_7b,invalide,0.4651472568511963,0.575657844543457,0.8123632669448853,0.7454147338867188
2035ff608d2218fb,0.0,1.0,1.0,1.0,mistral_7b,egalite,0.4855993092060089,0.5388326644897461,0.8255577683448792,0.6481691598892212
207f9355574117ad,1.0,1.0,1.0,0.8,mistral_7b,egalite,0.6133511066436768,0.6553866863250732,0.6486820578575134,0.7647199630737305
2090d421634c0ff1,0.0,1.0,,1.0,mistral_7b,invalide,0.4999982714653015,0.5919182300567627,0.7186809182167053,0.7310213446617126
21069fe60641ac1a,,,1.0,1.0,mistral_7b,invalide,0.5286032557487488,0.5101070404052734,0.7132469415664673,0.7969101667404175
2156503933a78937,,1.0,,1.0,mistral_7b,invalide,0.39972129464149475,0.348685622215271,0.869097888469696,0.8043321967124939
2175ae30946371b5,0.0,1.0,0.0,1.0,mistral_7b,egalite,0.4504055976867676,0.432961642742157,0.8511194586753845,0.8265925049781799
22417d4db841ddc8,,1.0,1.0,0.8,mistral_7b,invalide,0.543834388256073,0.5777256488800049,0.7486674785614014,0.719203531742096
224b8fa4321f0269,0.0,0.8,1.0,1.0,mistral_7b,meme_ordre,0.5418355464935303,0.5752221345901489,0.7643851637840271,0.7807479500770569
2273f95aba13db2c,0.0,1.0,0.0,1.0,mistral_7b,egalite,0.47626811265945435,0.5384101271629333,0.6968586444854736,0.8157106041908264
2286919c4314a438,0.0,1.0,0.0,1.0,mistral_7b,egalite,0.3664094805717468,0.37170687317848206,0.8126333951950073,0.8204231262207031
235260fe8de0a7cb,1.0,1.0,1.0,0.8,mistral_7b,egalite,0.5751211643218994,0.5992664098739624,0.8273372650146484,0.7931247353553772
235ccf0a9c5ac568,,1.0,,1.0,mistral_7b,invalide,0.46899524331092834,0.48405736684799194,0.8265169858932495,0.8396241664886475
245bfabbc11c7a02,0.0,1.0,0.0,1.0,mistral_7b,egalite,0.48785555362701416,0.4502578377723694,0.8084646463394165,0.8134217262268066
25b631198a356a03,1.0,1.0,,1.0,mistral_7b,invalide,0.5292624235153198,0.602549135684967,0.7525404691696167,0.8236426711082458
26119a37ec8798e4,,1.0,,1.0,mistral_7b,invalide,0.48159247636795044,0.5041645765304565,0.8105395436286926,0.8293930292129517
26a29080b3242ced,,1.0,,1.0,mistral_7b,invalide,0.6004880666732788,0.6375690698623657,0.840053915977478,0.8539804816246033
26cb0609cba69172,,1.0,,1.0,mistral_7b,invalide,0.5537501573562622,0.6403713822364807,0.7331448793411255,0.7571289539337158
26f91f23fcd037f3,0.0,1.0,1.0,1.0,mistral_7b,egalite,0.4421422481536865,0.5567681193351746,0.8434065580368042,0.7847327589988708
27b740704724074f,,1.0,0.0,0.8,mistral_7b,invalide,0.46948838233947754,0.44722098112106323,0.6877090334892273,0.7729248404502869
27ba3026638b0d62,0.0,1.0,1.0,1.0,mistral_7b,egalite,0.5901471972465515,0.6386408805847168,0.8119820356369019,0.8171861171722412
27d04f47837c25eb,1.0,0.8,1.0,1.0,mistral_7b,egalite,0.5571190118789673,0.5932378768920898,0.7667303085327148,0.8011332750320435
27e5590e3c355612,0.0,1.0,1.0,1.0,mistral_7b,egalite,0.51014244556427,0.5313115119934082,0.7553285360336304,0.7436666488647461
28e88d850e897345,0.0,0.8,0.0,0.8,mistral_7b,egalite,0.5680424571037292,0.5525004863739014,0.8144342303276062,0.7758122682571411
29efa3e04565c90f,0.0,1.0,0.0,1.0,mistral_7b,egalite,0.4498225450515747,0.49110233783721924,0.8073880672454834,0.7901171445846558
2a40eb88f48c56d2,0.0,1.0,0.0,1.0,mistral_7b,egalite,0.472575843334198,0.4918869733810425,0.883717954158783,0.7202145457267761
2b4baced699ad5ac,0.0,,0.0,1.0,mistral_7b,invalide,0.3946051299571991,0.39423811435699463,0.8023324608802795,0.787531852722168
2b7df4ad1fdd15f4,1.0,1.0,1.0,1.0,mistral_7b,egalite,0.5013333559036255,0.5134855508804321,0.8364607691764832,0.8463932871818542
2cba572abc4bbf33,0.0,1.0,0.0,1.0,mistral_7b,egalite,0.5018580555915833,0.533408522605896,0.7743253111839294,0.724109947681427
2cdf2fb89fb25c01,1.0,1.0,,1.0,mistral_7b,invalide,0.6811932325363159,0.6620286703109741,0.8455194234848022,0.8517265319824219
2ce9cedd6b2f649a,1.0,1.0,1.0,0.8,mistral_7b,egalite,0.4910293221473694,0.5880658030509949,0.7398397326469421,0.8310340046882629
2cfed28d392e9183,0.0,0.8,,1.0,mistral_7b,invalide,0.5292375087738037,0.6214026808738708,0.8017889857292175,0.8332981467247009
2d0b89331216e298,0.0,1.0,0.0,1.0,mistral_7b,egalite,0.4182746410369873,0.38890182971954346,0.7088407278060913,0.7850903272628784
2d57428b016a175a,0.0,1.0,1.0,0.8,mistral_7b,inversion_stricte,0.5016372203826904,0.6374047994613647,0.7271443009376526,0.819497287273407
2dc5c33c1e8f1832,0.0,1.0,1.0,1.0,mistral_7b,egalite,0.4952017068862915,0.5244608521461487,0.7974777817726135,0.8253159523010254
2e1877c8519e103a,1.0,0.8,1.0,1.0,mistral_7b,egalite,0.517536461353302,0.6057037115097046,0.7723314166069031,0.8693097233772278
2e286d136821bbe7,,1.0,0.0,1.0,mistral_7b,invalide,0.47440966963768005,0.4713386297225952,0.8070833086967468,0.8077969551086426
2eb811f240bddc6e,0.0,1.0,0.0,1.0,mistral_7b,egalite,0.4870995283126831,0.5214939713478088,0.7085634469985962,0.7932729125022888
2ebea5a20d550e42,0.0,1.0,0.0,1.0,mistral_7b,egalite,0.5559417605400085,0.5150399804115295,0.811447262763977,0.8076602816581726
2f424852a1361414,,1.0,0.0,1.0,mistral_7b,invalide,0.5336199998855591,0.6978194713592529,0.8232485055923462,0.7450610399246216
2fbeadba295f1283,0.0,1.0,0.0,1.0,mistral_7b,egalite,0.38451921939849854,0.5836920738220215,0.8166251182556152,0.8290112018585205
301c90a857082716,,1.0,,1.0,mistral_7b,invalide,0.6174124479293823,0.6094082593917847,0.760276734828949,0.7421844005584717
3044e9b5834d5c8c,0.0,1.0,,1.0,mistral_7b,invalide,0.44224444031715393,0.42131248116493225,0.8150200247764587,0.6353940367698669
304d73107e78a347,,0.8,0.0,1.0,mistral_7b,invalide,0.5119653940200806,0.5440606474876404,0.7871866226196289,0.7886999845504761
307450e0dcbfc217,0.0,1.0,1.0,1.0,mistral_7b,egalite,0.5462034344673157,0.5804722309112549,0.7141660451889038,0.7121192216873169
30c72e16626686df,1.0,1.0,1.0,1.0,mistral_7b,egalite,0.6148083806037903,0.6395330429077148,0.7874286770820618,0.7101152539253235
3133853edbc1d206,,1.0,,1.0,mistral_7b,invalide,0.5012000799179077,0.5650070905685425,0.7156068682670593,0.7061854004859924
31a146b377c334ec,0.0,1.0,0.0,1.0,mistral_7b,egalite,0.4780115485191345,0.4525204598903656,0.8452375531196594,0.7878618240356445
31a228d3a2265efd,1.0,0.8,1.0,0.8,mistral_7b,egalite,0.528128981590271,0.5393878817558289,0.713494062423706,0.7019951343536377
31c6ad0bede05f6f,0.0,1.0,0.0,1.0,mistral_7b,egalite,0.47139468789100647,0.5731161236763,0.7853554487228394,0.781119167804718
320ae78b696af6d7,1.0,0.8,1.0,0.8,mistral_7b,egalite,0.5435886383056641,0.5778654217720032,0.8082343339920044,0.798067569732666
32129819edf4b4a6,,,,0.8,mistral_7b,invalide,0.5015929937362671,0.571839451789856,0.7780475616455078,0.7383986711502075
329fa18666725719,0.0,1.0,0.0,1.0,mistral_7b,egalite,0.493913471698761,0.49281421303749084,0.7880464792251587,0.7931472659111023
32cea137da76b1c5,0.0,0.8,1.0,0.8,mistral_7b,egalite,0.40019088983535767,0.6644141674041748,0.7082966566085815,0.8131040930747986
330636641b2e79fb,1.0,1.0,1.0,0.5,mistral_7b,egalite,0.605955183506012,0.5758554339408875,0.7726682424545288,0.6281701326370239
334e6774d9e35bec,1.0,0.8,1.0,0.8,mistral_7b,egalite,0.5678694844245911,0.6201940774917603,0.7750977277755737,0.7558445334434509
3386ad2e97662b5b,,1.0,,1.0,mistral_7b,invalide,0.5002200603485107,0.5213268995285034,0.7315768599510193,0.8478874564170837
33cea334cdda4297,,1.0,,1.0,mistral_7b,invalide,0.5853836536407471,0.593321681022644,0.7319284677505493,0.6783472299575806
34054ba8a6d4ffd5,,1.0,,1.0,mistral_7b,invalide,0.44997546076774597,0.47114336490631104,0.7310295104980469,0.7927067279815674
342ce9a5b0a08f34,,,,1.0,mistral_7b,invalide,0.5973688960075378,0.6580850481987,0.7367597818374634,0.8079808950424194
34e958c099b169fd,0.2,0.8,1.0,0.8,mistral_7b,egalite,0.40483346581459045,0.5360449552536011,0.7728642821311951,0.7765992283821106
360c8590a9a2698e,0.0,1.0,0.0,1.0,mistral_7b,egalite,0.41798391938209534,0.44349586963653564,0.7840249538421631,0.8428901433944702
36530219910e14a4,0.0,1.0,0.0,1.0,mistral_7b,egalite,0.5396106243133545,0.5185787081718445,0.7673953771591187,0.7919319272041321
366dd7a9592c0d76,1.0,1.0,1.0,1.0,mistral_7b,egalite,0.5371467471122742,0.5026206970214844,0.9070285558700562,0.8212888240814209
3773509fd95d720e,,1.0,0.0,,mistral_7b,invalide,0.5549477338790894,0.49297085404396057,0.846222996711731,0.6862554550170898
3796934130117f63,0.0,1.0,0.0,1.0,mistral_7b,egalite,0.5171452164649963,0.45278826355934143,0.6558725833892822,0.7967017889022827
37a25db3acefb124,1.0,1.0,1.0,1.0,mistral_7b,egalite,0.6665692329406738,0.6696575284004211,0.8529507517814636,0.7548933625221252
37ce2968ca16b42d,,0.8,0.0,1.0,mistral_7b,invalide,0.45599365234375,0.534950852394104,0.6706857681274414,0.7451839447021484
3823e6268fcc1164,0.0,1.0,0.0,1.0,mistral_7b,egalite,0.4833284318447113,0.49380606412887573,0.8016722202301025,0.8144338130950928
38e2fe11a207f655,1.0,1.0,0.0,1.0,mistral_7b,egalite,0.583977222442627,0.5494788289070129,0.7715709805488586,0.7653330564498901
392850f0d35c3ef5,0.0,1.0,0.0,1.0,mistral_7b,egalite,0.4980752766132355,0.5443207025527954,0.7209096550941467,0.6822944283485413
398d209805c378fa,1.0,1.0,1.0,1.0,mistral_7b,egalite,0.5563168525695801,0.52392578125,0.7835177779197693,0.7273736000061035
39e87aa436c796e6,0.0,1.0,0.0,1.0,mistral_7b,egalite,0.44197678565979004,0.5179004669189453,0.7761737704277039,0.762848436832428
3a0338ac5ea9327a,,1.0,0.0,1.0,mistral_7b,invalide,0.5840713381767273,0.5030720829963684,0.7779655456542969,0.6871387958526611
3a243daae400ceb2,1.0,1.0,1.0,1.0,mistral_7b,egalite,0.5907249450683594,0.5076999664306641,0.855725884437561,0.7742282152175903
3a58ad52e96b213f,,0.8,1.0,0.8,mistral_7b,invalide,0.4942818880081177,0.5738461017608643,0.6951603293418884,0.7543160915374756
3a80eb6195aa89c7,0.0,1.0,0.0,1.0,mistral_7b,egalite,0.6158114671707153,0.6530030369758606,0.6553316116333008,0.5837681293487549
3abfff338b87e778,0.0,1.0,0.0,1.0,mistral_7b,egalite,0.43755391240119934,0.43462565541267395,0.7346835732460022,0.770468533039093
3b1d71aa586c0695,,0.8,0.2,1.0,mistral_7b,invalide,0.40445417165756226,0.4613068401813507,0.7790409326553345,0.8238700032234192
3b69f062848435b8,0.0,1.0,0.0,1.0,mistral_7b,egalite,0.4522618353366852,0.47651490569114685,0.8188756704330444,0.7913980484008789
3bdb93b569e5d4c1,0.0,1.0,0.0,1.0,mistral_7b,egalite,0.5131299495697021,0.4734479784965515,0.7939061522483826,0.7681655883789062
3dc67e9cd89abad4,0.0,0.8,0.0,0.8,mistral_7b,egalite,0.4992177188396454,0.5488433837890625,0.7691951394081116,0.8037882447242737
3e076da51af94a62,1.0,1.0,1.0,1.0,mistral_7b,egalite,0.5498326420783997,0.6330199241638184,0.7889543175697327,0.7726260423660278
3e31368360592a4b,0.0,1.0,0.0,1.0,mistral_7b,egalite,0.42383289337158203,0.47527262568473816,0.7182318568229675,0.757045328617096
3e69e8dfdc0eb522,0.0,1.0,0.0,1.0,mistral_7b,egalite,0.5216845870018005,0.5527079105377197,0.7779668569564819,0.900757908821106
3e7886bf361f3e61,0.0,1.0,0.0,1.0,mistral_7b,egalite,0.48559629917144775,0.4939272403717041,0.8148885369300842,0.8401972055435181
3efbb4450cef953e,1.0,1.0,0.0,1.0,mistral_7b,egalite,0.5172471404075623,0.48442313075065613,0.8162641525268555,0.7881138920783997
3f0ca8322b484bbb,1.0,1.0,1.0,1.0,mistral_7b,egalite,0.5763571262359619,0.5422008037567139,0.8478567004203796,0.7973216772079468
3f76ed30e7357b0d,0.0,1.0,,1.0,mistral_7b,invalide,0.4175034761428833,0.5483110547065735,0.8189724683761597,0.8362146615982056
3f8adb148a7aa07c,0.0,1.0,0.0,1.0,mistral_7b,egalite,0.43872910737991333,0.47681117057800293,0.8339315056800842,0.7519758343696594
3f8bef67a42ee2f2,0.0,1.0,0.0,1.0,mistral_7b,egalite,0.523250937461853,0.5074949264526367,0.7627166509628296,0.7641055583953857
3ffc99406241d72c,0.0,1.0,0.0,1.0,mistral_7b,egalite,0.4408665895462036,0.46664100885391235,0.7942078113555908,0.8138118386268616
401961b34a2ed76d,0.0,1.0,1.0,1.0,mistral_7b,egalite,0.5143926739692688,0.5527559518814087,0.8364076614379883,0.819993793964386
404bb761a7a087c9,,1.0,,1.0,mistral_7b,invalide,0.41019299626350403,0.4255959987640381,0.828441321849823,0.8105796575546265
408bb722f112bae7,1.0,1.0,1.0,1.0,mistral_7b,egalite,0.516645610332489,0.5893081426620483,0.85748291015625,0.8632264137268066
410d6e482e854d89,,1.0,,1.0,mistral_7b,invalide,0.5310552716255188,0.5556195974349976,0.8000772595405579,0.8251472115516663
415a34660b4b2af9,,1.0,0.0,0.8,mistral_7b,invalide,0.509804368019104,0.4589102864265442,0.7773834466934204,0.765827476978302
4229f33de0e9b2e3,0.0,1.0,0.0,1.0,mistral_7b,egalite,0.427156925201416,0.47021597623825073,0.7399733662605286,0.6504235863685608
424f3a2bec1ec567,0.0,1.0,0.0,1.0,mistral_7b,egalite,0.39748990535736084,0.3798375129699707,0.8186229467391968,0.8156761527061462
42be6134ac65e16f,,1.0,0.0,1.0,mistral_7b,invalide,0.37301546335220337,0.43674588203430176,0.7578608989715576,0.7768546938896179
42ca33d2c9dab425,0.0,1.0,0.0,1.0,mistral_7b,egalite,0.5239927172660828,0.48633384704589844,0.7775547504425049,0.763706386089325
4318e9715ae014cf,0.0,1.0,0.0,1.0,mistral_7b,egalite,0.5449612736701965,0.5338900089263916,0.820376992225647,0.8256551623344421
43662902cbb531d8,1.0,1.0,,1.0,mistral_7b,invalide,0.546708345413208,0.5322846174240112,0.793841540813446,0.7876561284065247
437772fcc6f6dc7e,0.0,1.0,0.0,1.0,mistral_7b,egalite,0.4792581796646118,0.5153653621673584,0.7509795427322388,0.765744686126709
43a65f0fdda8f8c5,1.0,1.0,1.0,1.0,mistral_7b,egalite,0.5553367733955383,0.5689296722412109,0.8263006806373596,0.83925461769104
43e6d24cf78e6af1,0.0,1.0,0.0,1.0,mistral_7b,egalite,0.44644325971603394,0.49537962675094604,0.761782705783844,0.7765849232673645
443193e91911401f,0.0,1.0,0.0,1.0,mistral_7b,egalite,0.44750508666038513,0.46591320633888245,0.794234037399292,0.8488060235977173
4519ecda20f144df,1.0,1.0,1.0,1.0,mistral_7b,egalite,0.5182082653045654,0.49867480993270874,0.7034805417060852,0.803990364074707
45d7306cab3e7e02,1.0,1.0,1.0,1.0,mistral_7b,egalite,0.5361162424087524,0.5342156887054443,0.8219770789146423,0.8155403733253479
45df3647ce9492ab,0.0,1.0,1.0,1.0,mistral_7b,egalite,0.42117661237716675,0.475915789604187,0.7625668048858643,0.6662691831588745
45e0522b7cb03bb2,1.0,1.0,1.0,1.0,mistral_7b,egalite,0.5135864019393921,0.685958743095398,0.7874618768692017,0.8443436026573181
465ffba8937b1b8c,1.0,1.0,,1.0,mistral_7b,invalide,0.603168249130249,0.5527086853981018,0.7689545154571533,0.7987140417098999
46c3223bcf553831,1.0,1.0,1.0,1.0,mistral_7b,egalite,0.5043720006942749,0.4897075891494751,0.8148148655891418,0.8185008764266968
46fff3fbfaf5a943,,1.0,,1.0,mistral_7b,invalide,0.423289954662323,0.5908799171447754,0.6932290196418762,0.7616770267486572
4983066ac6e4ef04,1.0,0.8,1.0,0.8,mistral_7b,egalite,0.5453650951385498,0.5806394815444946,0.7655777335166931,0.7733498811721802
498e6510ae81e0bc,0.0,1.0,0.0,1.0,mistral_7b,egalite,0.4796530604362488,0.46792036294937134,0.6893393397331238,0.7997795343399048
4a4714cfee5dfe60,1.0,1.0,,1.0,mistral_7b,invalide,0.5934606790542603,0.5783124566078186,0.7922338843345642,0.7202991247177124
4aa6f1cd5c851c60,0.0,1.0,0.0,1.0,mistral_7b,egalite,0.4908530116081238,0.5103766918182373,0.782324492931366,0.786544680595398
4adc8bc8334473aa,0.0,1.0,0.0,1.0,mistral_7b,egalite,0.3266298174858093,0.3766169548034668,0.8532941341400146,0.9055029153823853
4be392727c40b85c,1.0,1.0,1.0,0.8,mistral_7b,egalite,0.512474775314331,0.6426445245742798,0.8106379508972168,0.7759307622909546
4bedb0c48cfab976,,1.0,0.0,1.0,mistral_7b,invalide,0.47682541608810425,0.5240172743797302,0.7772424817085266,0.7752535343170166
4c415efec365f66c,0.0,1.0,0.0,1.0,mistral_7b,egalite,0.559279203414917,0.533220648765564,0.8254516124725342,0.8001310229301453
4c5f9bd2630b3a85,0.0,1.0,,1.0,mistral_7b,invalide,0.5351312756538391,0.5794194936752319,0.7382495999336243,0.703961193561554
4c92d49a81bf0b78,1.0,1.0,1.0,1.0,mistral_7b,egalite,0.5721467137336731,0.5533722639083862,0.7339276671409607,0.7959202527999878
4cb89926412a2a0f,0.0,1.0,,1.0,mistral_7b,invalide,0.5498818159103394,0.6315069198608398,0.6164371967315674,0.6787256002426147
4cefa41b1fb0fbd4,,0.8,,0.8,mistral_7b,invalide,0.5505696535110474,0.5608921647071838,0.8013342022895813,0.7564656138420105
4d250f1249dd6e73,0.0,1.0,0.0,1.0,mistral_7b,egalite,0.4593507945537567,0.43896400928497314,0.8017796874046326,0.8204479813575745
4d373507d4c618bc,0.0,1.0,0.0,1.0,mistral_7b,egalite,0.5387824177742004,0.43629246950149536,0.841919481754303,0.8130537271499634
4d418bc548ba77c3,0.0,1.0,,1.0,mistral_7b,invalide,0.45499730110168457,0.5017485022544861,0.8434915542602539,0.8509910106658936
4d7af24fd97a7b1b,,1.0,0.0,1.0,mistral_7b,invalide,0.5063308477401733,0.5218542814254761,0.6601072549819946,0.7822979092597961
4d8944e98f5d5872,0.0,1.0,0.0,1.0,mistral_7b,egalite,0.4256736636161804,0.5653804540634155,0.7854190468788147,0.7832717895507812
4de37d5ccc6040da,0.0,1.0,0.0,1.0,mistral_7b,egalite,0.4272521138191223,0.4206627607345581,0.7151618599891663,0.7622840404510498
4eaf688fb3831f6f,0.0,1.0,0.0,1.0,mistral_7b,egalite,0.3710733950138092,0.4975297749042511,0.8315861225128174,0.8048468232154846
4ee6f76fb9f2ef62,1.0,1.0,1.0,1.0,mistral_7b,egalite,0.5294984579086304,0.5868740081787109,0.8490956425666809,0.8837944269180298
4f5e160535c2fa5a,,1.0,,1.0,mistral_7b,invalide,0.5195484757423401,0.5113538503646851,0.8398541212081909,0.8112373352050781
4f98ff4f6f4956d1,0.0,1.0,1.0,0.8,mistral_7b,inversion_stricte,0.4459465742111206,0.5405354499816895,0.6663745045661926,0.7571340799331665
4fe2d1e6c1507d3a,0.0,1.0,0.0,1.0,mistral_7b,egalite,0.4755780100822449,0.43974119424819946,0.823298454284668,0.7687643766403198
4fe53aa2939841ec,,0.8,0.0,1.0,mistral_7b,invalide,0.5133422613143921,0.505974531173706,0.842624306678772,0.8245912194252014
4fefbd4360908a36,1.0,1.0,1.0,1.0,mistral_7b,egalite,0.5464974641799927,0.7117332220077515,0.7124704718589783,0.8703060746192932
500516f1aa07abfd,1.0,1.0,1.0,1.0,mistral_7b,egalite,0.47999122738838196,0.4821403920650482,0.7730832695960999,0.7551711201667786
5020bee1c6cb6ee0,1.0,1.0,1.0,1.0,mistral_7b,egalite,0.6195482015609741,0.6224843263626099,0.8120756149291992,0.8189969658851624
5082c32e9b50adef,0.0,1.0,0.0,1.0,mistral_7b,egalite,0.5187324285507202,0.5509130358695984,0.812050998210907,0.8658164143562317
5097eef438608b32,,1.0,,1.0,mistral_7b,invalide,0.5967106819152832,0.5621862411499023,0.773716926574707,0.7503982782363892
50d35805237ff57c,0.0,1.0,0.0,1.0,mistral_7b,egalite,0.409002423286438,0.45826464891433716,0.7617358565330505,0.7931104898452759
50eba5b31a772055,0.0,1.0,0.0,1.0,mistral_7b,egalite,0.5415374636650085,0.5981407761573792,0.746722400188446,0.6295779347419739
510a9756d81bd8b7,1.0,0.8,1.0,1.0,mistral_7b,egalite,0.6362907886505127,0.7357234358787537,0.7061027884483337,0.8000109791755676
511025f968c2fd9f,0.0,1.0,0.0,1.0,mistral_7b,egalite,0.49609988927841187,0.49343881011009216,0.8504008054733276,0.8436405658721924
513e817ea802bebb,1.0,1.0,1.0,0.8,mistral_7b,egalite,0.5066176652908325,0.5114822387695312,0.8443224430084229,0.6483206152915955
520b6455f8ca1ff9,0.0,1.0,0.0,1.0,mistral_7b,egalite,0.5597699880599976,0.5628281831741333,0.8541554808616638,0.8526744246482849
5232e4cffece7f35,0.0,1.0,1.0,1.0,mistral_7b,egalite,0.43160533905029297,0.6194356679916382,0.786108136177063,0.8193346858024597
52d8e9339652ce6e,0.0,1.0,,1.0,mistral_7b,invalide,0.4694972336292267,0.47147873044013977,0.785911500453949,0.761272668838501
53da71341cb3bc56,1.0,1.0,,1.0,mistral_7b,invalide,0.6512741446495056,0.5297381281852722,0.8300025463104248,0.7504369020462036
540072b4ecd1eed0,1.0,0.8,1.0,0.8,mistral_7b,egalite,0.6146460771560669,0.6265251040458679,0.7877188324928284,0.7710024118423462
5402cc480c593ce4,,1.0,1.0,1.0,mistral_7b,invalide,0.5954650640487671,0.65963214635849,0.8188254833221436,0.7943111658096313
54073f35a9e89a83,0.0,1.0,0.0,1.0,mistral_7b,egalite,0.558692991733551,0.5959420204162598,0.7146992683410645,0.73110431432724
545b01793ae7d77f,0.0,1.0,0.0,1.0,mistral_7b,egalite,0.4938080906867981,0.5224614143371582,0.7530508637428284,0.6774302124977112
54b7b6a532ab18c4,0.0,1.0,0.0,1.0,mistral_7b,egalite,0.41687747836112976,0.4418586492538452,0.7550042867660522,0.7798068523406982
54e4a556b00eb1eb,1.0,1.0,1.0,1.0,mistral_7b,egalite,0.5848743915557861,0.48333483934402466,0.8266652226448059,0.824873149394989
55b92e7da2b218c6,0.0,1.0,0.0,1.0,mistral_7b,egalite,0.561805784702301,0.5832451581954956,0.7313680052757263,0.7291926145553589
55d344a3b608fa08,0.0,1.0,0.0,1.0,mistral_7b,egalite,0.4527909755706787,0.4612617790699005,0.857537567615509,0.8755854368209839
566bb7dcf6b4bdc5,,1.0,0.0,1.0,mistral_7b,invalide,0.49772605299949646,0.6373271942138672,0.6442423462867737,0.7890695333480835
57652e1365078d33,0.0,1.0,0.0,1.0,mistral_7b,egalite,0.5069248676300049,0.5810692310333252,0.805176854133606,0.7980835437774658
57f4715813166fc9,0.0,1.0,,1.0,mistral_7b,invalide,0.5904213190078735,0.5766640901565552,0.8096928596496582,0.798369824886322
584229bdf67c93f4,0.0,1.0,0.0,1.0,mistral_7b,egalite,0.5173972249031067,0.5071254968643188,0.8128372430801392,0.8212103247642517
58490691548a6139,0.0,1.0,0.0,1.0,mistral_7b,egalite,0.5100250840187073,0.5274913907051086,0.7758116126060486,0.7559762597084045
590b74929cc94fcf,,1.0,,1.0,mistral_7b,invalide,0.514009416103363,0.548263430595398,0.6944916844367981,0.7306872010231018
592de920134790be,1.0,1.0,1.0,1.0,mistral_7b,egalite,0.5288683176040649,0.47422483563423157,0.7711051106452942,0.8148366808891296
596022e19f111455,0.0,1.0,1.0,1.0,mistral_7b,egalite,0.5821330547332764,0.5786912441253662,0.8481366038322449,0.864833414554596
599c3844d1a42987,0.0,1.0,0.0,1.0,mistral_7b,egalite,0.536096453666687,0.5717164278030396,0.851721465587616,0.8608017563819885
5a0c0d0d4b329372,,1.0,0.0,1.0,mistral_7b,invalide,0.5602694749832153,0.592339277267456,0.7552832961082458,0.7259240746498108
5a13702e6eb4cb3a,1.0,1.0,,,mistral_7b,invalide,0.648245096206665,0.5378531217575073,0.9898139238357544,0.7412201166152954
5a56197e42bbcc86,0.0,1.0,0.0,1.0,mistral_7b,egalite,0.5432640910148621,0.5591808557510376,0.8074058294296265,0.7431469559669495
5a94d28cfa9d7033,0.0,,1.0,0.8,mistral_7b,invalide,0.43543171882629395,0.5132848024368286,0.8157951831817627,0.7085276246070862
5aeeb70968fdafeb,0.0,1.0,0.0,1.0,mistral_7b,egalite,0.4692309498786926,0.4681774079799652,0.7294805645942688,0.7996726632118225
5b18cf4c2132fbb8,,1.0,,1.0,mistral_7b,invalide,0.5261201858520508,0.5683336853981018,0.8503826856613159,0.829127311706543
5c02f9cbfe3c553c,1.0,1.0,1.0,1.0,mistral_7b,egalite,0.7241603136062622,0.7193378210067749,0.9558615684509277,0.8805769681930542
5c23edcc46d1d2c6,,1.0,0.0,1.0,mistral_7b,invalide,0.42959752678871155,0.369128942489624,0.8350366353988647,0.8272629380226135
5c70f1bac0846287,0.0,1.0,0.0,1.0,mistral_7b,egalite,0.4806222915649414,0.5092551112174988,0.7570191621780396,0.8509632349014282
5c925d835cbd1204,0.0,1.0,0.0,1.0,mistral_7b,egalite,0.4260321259498596,0.3942200541496277,0.8445730805397034,0.8301501274108887
5cd18baab655982f,,1.0,,1.0,mistral_7b,invalide,0.600925087928772,0.5156543254852295,0.7935638427734375,0.8334752917289734
5ce5dc9249064b13,0.0,1.0,0.0,1.0,mistral_7b,egalite,0.5757110118865967,0.5359821915626526,0.8680727481842041,0.8296546936035156
5ce96f8983c7a347,0.0,1.0,0.0,1.0,mistral_7b,egalite,0.5055609941482544,0.5513606667518616,0.7752605676651001,0.7956616282463074
5d35b421a5673bbe,0.0,1.0,1.0,1.0,mistral_7b,egalite,0.42330724000930786,0.4622367322444916,0.7826582193374634,0.8184762597084045
5d7c5af11085cc1b,,1.0,0.0,,mistral_7b,invalide,0.4079664945602417,0.4399945139884949,0.7767104506492615,0.7445471286773682
5e1dbae9c013f7db,,1.0,,1.0,mistral_7b,invalide,0.5100651383399963,0.5360921621322632,0.7394213080406189,0.7416620850563049
5e3ee6923aa8882e,,1.0,,1.0,mistral_7b,invalide,0.4338807165622711,0.4506070017814636,0.8702024817466736,0.8666192889213562
5e438933353539cf,0.0,1.0,0.0,1.0,mistral_7b,egalite,0.4484214782714844,0.43712741136550903,0.8354180455207825,0.7950301170349121
5e6845c2e445de4e,,0.8,,1.0,mistral_7b,invalide,0.48663586378097534,0.5986665487289429,0.7025611400604248,0.8036351799964905
5e7ce61525bf40a7,0.0,1.0,0.0,1.0,mistral_7b,egalite,0.4500121772289276,0.44609418511390686,0.8167075514793396,0.8505344986915588
5e884123fc1e6b2f,0.0,1.0,0.0,1.0,mistral_7b,egalite,0.54776930809021,0.566717803478241,0.8244770765304565,0.8327534794807434
5eea0b62f5597068,0.0,1.0,0.0,1.0,mistral_7b,egalite,0.6291572451591492,0.6442789435386658,0.8425228595733643,0.8375936150550842
6047c975c65c0310,,1.0,,1.0,mistral_7b,invalide,0.44831523299217224,0.4970960319042206,0.7868444323539734,0.832216739654541
60ff34d225008cef,0.0,1.0,0.0,1.0,mistral_7b,egalite,0.5156280398368835,0.5016478896141052,0.8427144289016724,0.8071669936180115
612565b0d8f4211a,0.0,1.0,0.0,1.0,mistral_7b,egalite,0.474109411239624,0.4144667983055115,0.7507777214050293,0.8444937467575073
624e829b719c6bfe,1.0,1.0,1.0,1.0,mistral_7b,egalite,0.5140752792358398,0.7091277837753296,0.6848654747009277,0.8955585360527039
6265e02438a46c64,0.0,1.0,0.0,1.0,mistral_7b,egalite,0.4194888472557068,0.4155263304710388,0.6956674456596375,0.771623432636261
62cefc571f29f942,0.0,1.0,0.0,1.0,mistral_7b,egalite,0.5269699096679688,0.5533978343009949,0.8001210689544678,0.7167982459068298
63404bd07a8c6150,1.0,1.0,1.0,1.0,mistral_7b,egalite,0.6706119179725647,0.5743727684020996,0.8512077331542969,0.847215473651886
63ce7f643e7c2265,0.0,0.8,0.0,1.0,mistral_7b,egalite,0.4067820906639099,0.4664195775985718,0.8102445006370544,0.793843686580658
64746d34be2f8af6,0.0,1.0,,1.0,mistral_7b,invalide,0.49428287148475647,0.4737479090690613,0.8353026509284973,0.7825227379798889
64c5d063d596862c,0.0,1.0,,1.0,mistral_7b,invalide,0.5524792671203613,0.5856431126594543,0.8104240894317627,0.7487578988075256
64c8f77fe164637b,1.0,1.0,1.0,1.0,mistral_7b,egalite,0.5219103693962097,0.6240659952163696,0.8112136125564575,0.6979192495346069
653ab60e89df16f0,0.0,1.0,0.0,1.0,mistral_7b,egalite,0.5588520765304565,0.6763149499893188,0.5863885283470154,0.6272853016853333
668f1a2b60b52761,1.0,1.0,,1.0,mistral_7b,invalide,0.5036180019378662,0.5469533801078796,0.757695734500885,0.8675405383110046
67a6ff57e218b6f9,0.6000000000000001,1.0,0.0,1.0,mistral_7b,egalite,0.6046689748764038,0.4537774324417114,0.7378637790679932,0.45975106954574585
67ef2142402c627c,1.0,1.0,0.0,1.0,mistral_7b,egalite,0.5364776849746704,0.5406721830368042,0.8240237832069397,0.8366160988807678
684b757b2a1001bc,0.0,1.0,0.0,1.0,mistral_7b,egalite,0.5086440443992615,0.4999133050441742,0.8781397342681885,0.8682582974433899
686a5631b6e2604b,,1.0,1.0,1.0,mistral_7b,invalide,0.429606556892395,0.4701520502567291,0.8195655345916748,0.8138960003852844
68cf1ec37be388ab,0.0,1.0,0.0,1.0,mistral_7b,egalite,0.4549093544483185,0.3961883783340454,0.8318446278572083,0.734596848487854
693f23825a225971,0.0,1.0,,1.0,mistral_7b,invalide,0.619844377040863,0.6045947074890137,0.7744623422622681,0.7603273391723633
695072da1a2c1feb,0.0,1.0,0.0,1.0,mistral_7b,egalite,0.575895369052887,0.5880814790725708,0.7922764420509338,0.7973977327346802
697f8824fb99deb2,0.0,1.0,1.0,1.0,mistral_7b,egalite,0.470744788646698,0.5007667541503906,0.8620002269744873,0.8417696356773376
6993d289f0b8d5e0,0.0,1.0,0.0,1.0,mistral_7b,egalite,0.4637857675552368,0.5215636491775513,0.7877862453460693,0.7855656147003174
69a45c7cbe84cab6,0.0,1.0,0.0,1.0,mistral_7b,egalite,0.5585475564002991,0.5840178728103638,0.7938751578330994,0.8298946619033813
69c39036d92a88c6,0.0,1.0,0.0,1.0,mistral_7b,egalite,0.5191959142684937,0.5296840071678162,0.820020318031311,0.8038788437843323
69c8ae3317ddaddd,0.0,1.0,1.0,1.0,mistral_7b,egalite,0.5229135751724243,0.5989221334457397,0.8470938205718994,0.7874850630760193
69d2eea7979437ff,,1.0,,1.0,mistral_7b,invalide,0.4527164101600647,0.5161595344543457,0.734815239906311,0.7259137034416199
69d30541e56e231e,0.0,1.0,0.0,1.0,mistral_7b,egalite,0.4967590272426605,0.522745668888092,0.8013898730278015,0.8165087699890137
69ef9ac475a828b3,0.0,1.0,0.0,1.0,mistral_7b,egalite,0.4005936086177826,0.45355239510536194,0.8094643354415894,0.747079610824585
6a3b4e22af2d2515,,1.0,0.0,1.0,mistral_7b,invalide,0.5372411012649536,0.5426576733589172,0.6727949380874634,0.7052353620529175
6a62b7e765cab9ca,0.0,1.0,0.0,1.0,mistral_7b,egalite,0.5820854902267456,0.5606337785720825,0.8047818541526794,0.784865140914917
6a80ec49354d8cfe,,1.0,,1.0,mistral_7b,invalide,0.616417646408081,0.6096940040588379,0.824843168258667,0.8147590160369873
6aad35b3c912dbed,0.0,1.0,1.0,1.0,mistral_7b,egalite,0.43793731927871704,0.4615831673145294,0.8466469049453735,0.8002153038978577
6ab23d08bd3ef211,,1.0,1.0,0.8,mistral_7b,invalide,0.46795737743377686,0.6717002391815186,0.674228847026825,0.7509984374046326
6afe7831ee05acaf,1.0,0.8,1.0,0.8,mistral_7b,egalite,0.5279728174209595,0.6765751838684082,0.7224205732345581,0.8048336505889893
6b024f2a34305bdc,0.0,1.0,0.0,1.0,mistral_7b,egalite,0.47300297021865845,0.5490365028381348,0.6449464559555054,0.8139982223510742
6b379ef7efa1e456,0.0,1.0,,,mistral_7b,invalide,0.4645535349845886,0.41033506393432617,0.8386509418487549,0.8040153384208679
6b7466a7cdc11c49,0.0,1.0,1.0,1.0,mistral_7b,egalite,0.4572313129901886,0.6229900121688843,0.8369673490524292,0.8512994647026062
6bd98fe58a1763c9,1.0,0.8,1.0,1.0,mistral_7b,egalite,0.5678389668464661,0.547904372215271,0.8491743206977844,0.8184574842453003
6c0ad1a8a12eb3e0,1.0,1.0,1.0,1.0,mistral_7b,egalite,0.47051191329956055,0.4664691686630249,0.8410407900810242,0.8258538842201233
6c1190e72c4501e6,1.0,1.0,1.0,,mistral_7b,invalide,0.6940447092056274,0.6605156660079956,0.9415040612220764,0.7907211780548096
6c44a44806a97cc4,1.0,1.0,1.0,1.0,mistral_7b,egalite,0.6412724256515503,0.5573868751525879,0.8580278754234314,0.7961664199829102
6c64f158f8310b0b,0.0,0.8,1.0,1.0,mistral_7b,meme_ordre,0.4594587981700897,0.5061016082763672,0.8187362551689148,0.8427563905715942
6cc959af694dfce3,,1.0,0.0,1.0,mistral_7b,invalide,0.4841667413711548,0.5249483585357666,0.7849960327148438,0.6816394329071045
6d05864a798803c1,0.0,1.0,0.0,1.0,mistral_7b,egalite,0.4746883511543274,0.4668445587158203,0.8556832075119019,0.8672800064086914
6d778a2f051ec936,0.0,1.0,1.0,0.8,mistral_7b,inversion_stricte,0.43034735321998596,0.5957225561141968,0.7760920524597168,0.8143298029899597
6dd01540b1decb86,,1.0,1.0,0.8,mistral_7b,invalide,0.40131044387817383,0.5787798166275024,0.7944978475570679,0.7946890592575073
6de78aa1133c6ac1,1.0,1.0,1.0,1.0,mistral_7b,egalite,0.5597836375236511,0.5630935430526733,0.8031702041625977,0.8136816620826721
6e14268225cd694f,1.0,1.0,0.0,1.0,mistral_7b,egalite,0.5902806520462036,0.5038894414901733,0.8133282661437988,0.7400625348091125
6f07475503ab6d7f,0.0,1.0,0.0,1.0,mistral_7b,egalite,0.5360828042030334,0.5195595622062683,0.8235375881195068,0.8189800977706909
6f61f606625d6962,0.0,0.8,0.0,0.8,mistral_7b,egalite,0.463295042514801,0.4635903239250183,0.8051067590713501,0.7976894378662109
7018fb01b7c6dd74,1.0,1.0,0.0,1.0,mistral_7b,egalite,0.49259912967681885,0.4662777781486511,0.8213859796524048,0.7922996878623962
701fd62974ba8682,1.0,1.0,1.0,1.0,mistral_7b,egalite,0.6086093187332153,0.5664002299308777,0.8450945615768433,0.793615996837616
704180a49add16fa,1.0,1.0,1.0,1.0,mistral_7b,egalite,0.5905873775482178,0.5742784738540649,0.9185290336608887,0.8712587952613831
709ddb404b4faab7,0.0,1.0,0.0,1.0,mistral_7b,egalite,0.5038658380508423,0.5518726706504822,0.8213521838188171,0.7785114049911499
70ac962e6442c715,1.0,1.0,1.0,1.0,mistral_7b,egalite,0.6924238204956055,0.6903793811798096,0.8745476007461548,0.8900709748268127
70acc4a57834a5b8,0.0,1.0,0.0,1.0,mistral_7b,egalite,0.5206189155578613,0.4406452178955078,0.7618298530578613,0.742466151714325
7190dd0147b8592d,,1.0,,1.0,mistral_7b,invalide,0.49778085947036743,0.5499972105026245,0.7925794124603271,0.7860132455825806
71fe90065523f5bd,,1.0,,1.0,mistral_7b,invalide,0.5294864177703857,0.5132131576538086,0.7713574767112732,0.7681877613067627
71fef66b7f0b7889,0.0,1.0,1.0,1.0,mistral_7b,egalite,0.5840237140655518,0.6608147025108337,0.7572028040885925,0.8158393502235413
720976b8d05a7c37,0.0,1.0,0.0,1.0,mistral_7b,egalite,0.535024106502533,0.5411902666091919,0.7784079909324646,0.7407624125480652
723f8c15a9e845a7,0.0,1.0,1.0,1.0,mistral_7b,egalite,0.424993634223938,0.5360281467437744,0.8307496905326843,0.8109971284866333
7260c8ec3c68f74c,0.0,1.0,0.0,1.0,mistral_7b,egalite,0.46367353200912476,0.4170134663581848,0.7793965935707092,0.8431589007377625
72717dc7678f664b,0.0,1.0,0.0,1.0,mistral_7b,egalite,0.5476217269897461,0.600916862487793,0.796955406665802,0.8072640895843506
72ccf4b3cd2b587e,1.0,0.8,,1.0,mistral_7b,invalide,0.5588763356208801,0.5966525077819824,0.6939785480499268,0.6994049549102783
7309e086efa70c46,0.0,1.0,1.0,0.8,mistral_7b,inversion_stricte,0.4543881416320801,0.5285977125167847,0.7515885233879089,0.6861257553100586
7444b68fe9bc32da,0.0,1.0,0.0,1.0,mistral_7b,egalite,0.48842185735702515,0.5170650482177734,0.8420000076293945,0.8602551221847534
749069e3c4d13127,0.0,1.0,1.0,1.0,mistral_7b,egalite,0.4215809404850006,0.7223218679428101,0.5754060745239258,0.8423328995704651
74ec661c014618ad,1.0,1.0,,1.0,mistral_7b,invalide,0.47719937562942505,0.528842568397522,0.7405630946159363,0.7895993590354919
7515bc317e46f38d,0.0,1.0,0.0,1.0,mistral_7b,egalite,0.5787420272827148,0.5770400166511536,0.751380443572998,0.7003605365753174
75528fc13281acb8,0.0,1.0,0.0,1.0,mistral_7b,egalite,0.5138628482818604,0.4765893816947937,0.7733703851699829,0.7865791320800781
755db0ff824f2dbd,1.0,1.0,0.0,1.0,mistral_7b,egalite,0.5326749682426453,0.6181607246398926,0.807715892791748,0.8530679941177368
75a7f5439a119103,0.0,1.0,1.0,1.0,mistral_7b,egalite,0.5640441179275513,0.6122919917106628,0.6736656427383423,0.8249685764312744
7678c81b868d2fc1,0.0,1.0,0.0,1.0,mistral_7b,egalite,0.5233878493309021,0.45255810022354126,0.8234758377075195,0.8385184407234192
77011bac3eb9da26,0.0,1.0,0.0,1.0,mistral_7b,egalite,0.5162619352340698,0.4923608601093292,0.8342281579971313,0.7990502119064331
77407d51bd5e96a2,1.0,1.0,1.0,1.0,mistral_7b,egalite,0.49150845408439636,0.499889075756073,0.8354265689849854,0.8309792876243591
775072023f13b896,0.0,1.0,,1.0,mistral_7b,invalide,0.4416131377220154,0.4779852628707886,0.743269681930542,0.7828807234764099
7847bd0b2afd392f,,1.0,0.0,1.0,mistral_7b,invalide,0.4901033639907837,0.5035552382469177,0.8088249564170837,0.8463593125343323
78986642eecf6302,,1.0,,1.0,mistral_7b,invalide,0.5802284479141235,0.5975075960159302,0.7794844508171082,0.788658857345581
78d4140e72235d17,0.0,1.0,1.0,1.0,mistral_7b,egalite,0.5353555083274841,0.6171602010726929,0.7122042775154114,0.6731429100036621
791e8bf2436a8af1,0.0,1.0,0.0,1.0,mistral_7b,egalite,0.5003793835639954,0.5761748552322388,0.7549713253974915,0.8465173840522766
79317feddb276b6b,0.0,1.0,1.0,1.0,mistral_7b,egalite,0.5644336938858032,0.6272679567337036,0.7116222977638245,0.7245768308639526
79f6235f7f3aa018,0.0,1.0,0.0,1.0,mistral_7b,egalite,0.4986182749271393,0.4257854223251343,0.8056923747062683,0.6909564733505249
7a0e8b186f741a67,0.2,0.8,1.0,0.8,mistral_7b,egalite,0.45604515075683594,0.6035367250442505,0.7637707591056824,0.8075223565101624
7a861d843ae530a1,0.0,0.8,1.0,0.8,mistral_7b,egalite,0.4755594730377197,0.5622923374176025,0.7979369163513184,0.7881212830543518
7aa20420f23db889,0.0,1.0,0.0,1.0,mistral_7b,egalite,0.5327804088592529,0.5802216529846191,0.8158391118049622,0.7673697471618652
7ae825e82c60c433,0.0,1.0,1.0,1.0,mistral_7b,egalite,0.3979704976081848,0.5484374761581421,0.7939796447753906,0.7791706919670105
7b460c900f979a62,1.0,1.0,1.0,1.0,mistral_7b,egalite,0.5840088129043579,0.5906534790992737,0.8381390571594238,0.8367855548858643
7b758dab76f1bd1a,,1.0,,1.0,mistral_7b,invalide,0.4851609468460083,0.43044620752334595,0.782012939453125,0.843398928642273
7b9071c503cc1ca6,0.0,1.0,0.0,1.0,mistral_7b,egalite,0.4572567641735077,0.44202107191085815,0.8277398943901062,0.8170270323753357
7bad371630f3622f,0.0,1.0,1.0,0.8,mistral_7b,inversion_stricte,0.4012560546398163,0.624935507774353,0.6511473059654236,0.777711033821106
7c86234fa8b6a9d0,0.0,1.0,0.0,1.0,mistral_7b,egalite,0.492377370595932,0.5282430052757263,0.7860372066497803,0.8188906908035278
7c8dc72c3e005d95,0.0,1.0,0.0,1.0,mistral_7b,egalite,0.5684113502502441,0.615636944770813,0.7224240899085999,0.6826521754264832
7cb8f54c899ab64b,,1.0,,1.0,mistral_7b,invalide,0.5854461193084717,0.6195783615112305,0.7826118469238281,0.7891788482666016
7ceb846ba2b7dc00,0.0,1.0,,1.0,mistral_7b,invalide,0.4745960235595703,0.4469132423400879,0.8398565649986267,0.8125478029251099
7d1cdc38f433b56f,1.0,1.0,1.0,1.0,mistral_7b,egalite,0.5825814008712769,0.5627160668373108,0.7781803607940674,0.7974254488945007
7e24b6a947f90acd,,1.0,,1.0,mistral_7b,invalide,0.4476619362831116,0.4712885320186615,0.7936002016067505,0.8125377297401428
7e3033ae35717923,,1.0,0.0,,mistral_7b,invalide,0.5613142848014832,0.5856965184211731,0.8113539218902588,0.6662759780883789
7e7d0cccd4d9079f,0.0,1.0,0.0,1.0,mistral_7b,egalite,0.4179445505142212,0.4753223955631256,0.8032158017158508,0.8074773550033569
7e89934ffba46a28,1.0,1.0,0.0,1.0,mistral_7b,egalite,0.5571814775466919,0.5558649301528931,0.7754129767417908,0.7767677307128906
7eadd6aeaa61e4f0,,1.0,0.0,1.0,mistral_7b,invalide,0.5724714398384094,0.5454254150390625,0.7870551943778992,0.6923295259475708
7f7bbe777634c65a,0.0,1.0,1.0,1.0,mistral_7b,egalite,0.5274776816368103,0.6165114641189575,0.751860499382019,0.7630500793457031
7fcbe04b82c745c8,1.0,1.0,1.0,1.0,mistral_7b,egalite,0.5308502912521362,0.6904106140136719,0.8360201716423035,0.8695407509803772
7fd30a8e0942515f,0.0,1.0,0.0,1.0,mistral_7b,egalite,0.4761454164981842,0.45408010482788086,0.8365158438682556,0.8346672058105469
8011da4384642045,0.0,1.0,0.0,1.0,mistral_7b,egalite,0.4871857166290283,0.4900438189506531,0.8364241719245911,0.7664502263069153
8028c322615625bb,0.0,1.0,0.0,1.0,mistral_7b,egalite,0.48248204588890076,0.50462406873703,0.7785412669181824,0.7188868522644043
803d6e948b291f3b,0.0,1.0,0.0,1.0,mistral_7b,egalite,0.5549383759498596,0.5433979034423828,0.8479794859886169,0.7811062335968018
819fcb00e2a7fd8d,0.0,1.0,0.0,1.0,mistral_7b,egalite,0.46360036730766296,0.4817235767841339,0.7400170564651489,0.8051429986953735
82a249f01e6ef28a,0.0,1.0,0.0,1.0,mistral_7b,egalite,0.5989762544631958,0.48110726475715637,0.8691851496696472,0.7720747590065002
82c9ad094a589eb6,0.0,1.0,0.0,1.0,mistral_7b,egalite,0.5321183204650879,0.45350122451782227,0.8299132585525513,0.8293077349662781
82f60593788dc02f,0.0,1.0,0.0,1.0,mistral_7b,egalite,0.4515557289123535,0.45538151264190674,0.8067986369132996,0.8092806339263916
830f7ddf4c676ba4,1.0,0.8,1.0,0.8,mistral_7b,egalite,0.5568931102752686,0.49855583906173706,0.73268061876297,0.7006357908248901
837f8516ffdece4e,0.0,1.0,0.0,1.0,mistral_7b,egalite,0.5349305868148804,0.5679547190666199,0.7653045058250427,0.7053605914115906
83b4e6b88766eaba,1.0,1.0,1.0,1.0,mistral_7b,egalite,0.5062733292579651,0.5951275825500488,0.7729816436767578,0.8200731873512268
8434e1766436b616,0.0,1.0,1.0,1.0,mistral_7b,egalite,0.45489954948425293,0.5700221061706543,0.7294005751609802,0.8123646378517151
84881cb8fe21825c,0.0,1.0,0.0,1.0,mistral_7b,egalite,0.5145982503890991,0.5174658894538879,0.7399492263793945,0.6250985264778137
84a854c62d51d7c2,0.0,1.0,0.0,1.0,mistral_7b,egalite,0.464563250541687,0.49698787927627563,0.8353515267372131,0.8359196186065674
84dee6726f957877,0.0,1.0,0.0,1.0,mistral_7b,egalite,0.5490646958351135,0.4836661219596863,0.8309265375137329,0.8361753821372986
8504bd4219eee2ab,0.0,1.0,1.0,1.0,mistral_7b,egalite,0.45807236433029175,0.5642431378364563,0.8245218992233276,0.8287770748138428
852455b229c55bab,1.0,0.8,1.0,0.8,mistral_7b,egalite,0.5562865734100342,0.5133637189865112,0.798590898513794,0.762334406375885
85ff178c9d1c52df,1.0,1.0,1.0,1.0,mistral_7b,egalite,0.5716404318809509,0.5718116760253906,0.8052035570144653,0.7924907803535461
86706bb776a6934b,1.0,1.0,1.0,1.0,mistral_7b,egalite,0.5154916048049927,0.5585839748382568,0.7418711185455322,0.8938296437263489
87928ff01389118d,0.0,1.0,0.0,1.0,mistral_7b,egalite,0.49473631381988525,0.5179184675216675,0.8316144347190857,0.8396133184432983
87ee7bc5de8d3b70,0.0,1.0,0.0,1.0,mistral_7b,egalite,0.4819604754447937,0.5204192996025085,0.7725403904914856,0.834169864654541
880c5147a334e5d7,0.0,1.0,1.0,1.0,mistral_7b,egalite,0.46221014857292175,0.4680710434913635,0.7953014969825745,0.8109564781188965
882279454121d307,0.0,,0.0,1.0,mistral_7b,invalide,0.42868074774742126,0.633621096611023,0.740319013595581,0.8285667300224304
883b4efe2ee99d95,,1.0,,1.0,mistral_7b,invalide,0.6103147268295288,0.5102353692054749,0.8177069425582886,0.8290922045707703
88c46059de62e04e,0.0,1.0,,1.0,mistral_7b,invalide,0.5770617723464966,0.5093942880630493,0.8139313459396362,0.7935795187950134
8908ce0cd82c7c5d,1.0,1.0,1.0,1.0,mistral_7b,egalite,0.5638881325721741,0.5518189668655396,0.8285494446754456,0.710293710231781
89406ad2bcd09385,,1.0,,1.0,mistral_7b,invalide,0.5542761087417603,0.565285861492157,0.7766023874282837,0.8014624118804932
895415ae91d77cd8,1.0,1.0,0.0,1.0,mistral_7b,egalite,0.6210781335830688,0.4373188614845276,0.8989555835723877,0.7802221179008484
896a65fe9b1fc3df,1.0,0.8,1.0,0.8,mistral_7b,egalite,0.5655561089515686,0.5638219118118286,0.7875844240188599,0.7974168062210083
89ccc7aa03942dc2,,0.8,0.0,1.0,mistral_7b,invalide,0.5726017951965332,0.5625474452972412,0.787739098072052,0.7198649048805237
89ffd900a51d373e,0.0,1.0,1.0,1.0,mistral_7b,egalite,0.4483586549758911,0.5739046335220337,0.7198853492736816,0.762071430683136
8a335e90818a720c,0.0,1.0,0.0,1.0,mistral_7b,egalite,0.55522620677948,0.541583240032196,0.7465060353279114,0.740990161895752
8a47ffa989e8c0dc,0.0,1.0,0.0,1.0,mistral_7b,egalite,0.3899676203727722,0.4207039475440979,0.7942050099372864,0.7961121797561646
8a5e18a557739e95,0.0,1.0,0.0,0.8,mistral_7b,egalite,0.4145093858242035,0.4633229076862335,0.8522857427597046,0.8103512525558472
8a96a293ea441a37,1.0,1.0,0.0,1.0,mistral_7b,egalite,0.5894532203674316,0.5702961683273315,0.7925143837928772,0.7808170318603516
8aaab2af0a9b6759,1.0,1.0,0.0,1.0,mistral_7b,egalite,0.537212610244751,0.5084900856018066,0.8393481373786926,0.8377083539962769
8adb1565f053664e,1.0,1.0,1.0,1.0,mistral_7b,egalite,0.5330702066421509,0.5334608554840088,0.7963050603866577,0.8164677023887634
8c3e41b1ef6a540c,1.0,0.8,,1.0,mistral_7b,invalide,0.5547248721122742,0.5213340520858765,0.793084979057312,0.697342574596405
8c49df1e7c6518d1,0.0,1.0,0.0,1.0,mistral_7b,egalite,0.4581573009490967,0.44634443521499634,0.7671772241592407,0.7378742098808289
8c91d0c3cc42e58a,,1.0,0.0,1.0,mistral_7b,invalide,0.4034167230129242,0.5016872882843018,0.7561215758323669,0.8750178813934326
8cb4a2e5165ffd6a,0.0,1.0,0.0,1.0,mistral_7b,egalite,0.42924001812934875,0.48837053775787354,0.7483263611793518,0.8044663071632385
8d6076d9a86359aa,0.0,1.0,0.0,1.0,mistral_7b,egalite,0.4720495045185089,0.5214366912841797,0.8553022146224976,0.8659812808036804
8d7a81dc81a4bfe7,0.0,1.0,,1.0,mistral_7b,invalide,0.513192892074585,0.5665614604949951,0.7453382611274719,0.6510663628578186
8d9ef6e87a3cb699,0.0,1.0,1.0,1.0,mistral_7b,egalite,0.5771457552909851,0.6001526713371277,0.7793612480163574,0.7143886089324951
8e0dead07ba8c8b7,,1.0,,1.0,mistral_7b,invalide,0.5727678537368774,0.5650915503501892,0.8196061253547668,0.8281234502792358
8e458ff3e51e3b76,,1.0,,1.0,mistral_7b,invalide,0.5391598343849182,0.5367388725280762,0.7410319447517395,0.7505683898925781
8e63526b74a8a294,,1.0,0.0,1.0,mistral_7b,invalide,0.5416681170463562,0.5738241672515869,0.738452672958374,0.673988938331604
8eb5dae5cb39e8d1,1.0,1.0,1.0,1.0,mistral_7b,egalite,0.5757845044136047,0.6753567457199097,0.7947471141815186,0.8401622176170349
8fa28eb1c973b57e,1.0,1.0,0.0,1.0,mistral_7b,egalite,0.49862605333328247,0.4924938380718231,0.7736589908599854,0.7854740619659424
909e61453bb9a81f,0.0,1.0,1.0,1.0,mistral_7b,egalite,0.35494181513786316,0.5134961605072021,0.7462040185928345,0.856783390045166
90b787f5366abe22,0.0,1.0,1.0,1.0,mistral_7b,egalite,0.45917806029319763,0.49615278840065,0.8456850051879883,0.8085919618606567
90e9718f0f64f627,0.0,1.0,0.0,1.0,mistral_7b,egalite,0.34412962198257446,0.393405556678772,0.7582172751426697,0.8159040808677673
910470b40411b9af,,1.0,,1.0,mistral_7b,invalide,0.4965459108352661,0.47824546694755554,0.7799355387687683,0.8438683152198792
910c762cb343da12,0.0,1.0,0.0,1.0,mistral_7b,egalite,0.4808640778064728,0.4053489565849304,0.8287783265113831,0.8321917653083801
9153b0991f050068,1.0,0.8,1.0,0.8,mistral_7b,egalite,0.5901660919189453,0.6068293452262878,0.727604866027832,0.7313926815986633
915f115a4d09bd62,0.0,1.0,0.0,1.0,mistral_7b,egalite,0.4135493040084839,0.4155539274215698,0.7540254592895508,0.7894654870033264
918dccc9a5a2071f,0.0,0.8,1.0,0.8,mistral_7b,egalite,0.4257439076900482,0.6088336706161499,0.7032949328422546,0.7868019938468933
91ae812c64b6eec7,0.0,1.0,1.0,1.0,mistral_7b,egalite,0.3636966347694397,0.5844596028327942,0.8543442487716675,0.8482728600502014
92baf8d1f01023ad,,1.0,,1.0,mistral_7b,invalide,0.458859384059906,0.44582006335258484,0.817662239074707,0.8486287593841553
92e1f5f19dbcb7d9,1.0,0.8,1.0,,mistral_7b,invalide,0.6754121780395508,0.7149852514266968,0.7981752157211304,0.6926057934761047
93234edb544c05a1,0.0,1.0,,0.8,mistral_7b,invalide,0.5172017216682434,0.5509093999862671,0.7336209416389465,0.7657449841499329
936e4c428b2bcc15,,1.0,,1.0,mistral_7b,invalide,0.6385151743888855,0.5928794145584106,0.7748417854309082,0.7405796051025391
9431b0c29c16ebf8,,1.0,,,mistral_7b,invalide,0.5456676483154297,0.6504604816436768,0.6157932281494141,0.664174497127533
946b4c530b12049d,0.0,1.0,0.0,1.0,mistral_7b,egalite,0.5670723915100098,0.6050736308097839,0.7539384365081787,0.7542518973350525
9492d7e4af20ccc4,,1.0,0.0,1.0,mistral_7b,invalide,0.46327367424964905,0.4855573773384094,0.7216617465019226,0.8932206630706787
94d54c7ee46ecbcd,0.0,1.0,0.0,1.0,mistral_7b,egalite,0.5592618584632874,0.6154965162277222,0.7546898722648621,0.6672672629356384
9509daa1f7bbd80c,0.0,1.0,0.0,1.0,mistral_7b,egalite,0.5082232356071472,0.49948111176490784,0.7526849508285522,0.7640562653541565
951a20244b7d161b,,1.0,,1.0,mistral_7b,invalide,0.5227572321891785,0.501300573348999,0.7895656824111938,0.7871364951133728
9583b9257309d01f,0.2,0.8,1.0,1.0,mistral_7b,meme_ordre,0.46214258670806885,0.5286802053451538,0.7808593511581421,0.7723975777626038
959b366fec0044a5,1.0,1.0,0.2,1.0,mistral_7b,egalite,0.47720855474472046,0.4470091164112091,0.888798177242279,0.8353650569915771
95b7e31145c3d63c,1.0,0.8,1.0,0.8,mistral_7b,egalite,0.6087790727615356,0.5419133305549622,0.7869429588317871,0.7796624302864075
95f02629c826519c,1.0,0.8,0.0,1.0,mistral_7b,inversion_stricte,0.48592203855514526,0.5248998403549194,0.7875010371208191,0.7605757713317871
96223e34c2c7a601,1.0,1.0,1.0,1.0,mistral_7b,egalite,0.5171612501144409,0.5529203414916992,0.835584282875061,0.8415893316268921
963842441c43d52e,0.0,1.0,0.0,1.0,mistral_7b,egalite,0.4497704803943634,0.4339282214641571,0.8097836971282959,0.7818174958229065
966c2f5a24320c09,0.0,1.0,0.0,1.0,mistral_7b,egalite,0.4548855423927307,0.2505245506763458,0.8045939207077026,0.6865841746330261
966d183a0840741c,0.0,1.0,0.0,1.0,mistral_7b,egalite,0.46849963068962097,0.4636456370353699,0.6965999007225037,0.766342043876648
97339381d5f324ed,0.0,1.0,0.0,1.0,mistral_7b,egalite,0.439852774143219,0.528178334236145,0.8306963443756104,0.7989374399185181
976151cc6e63bfae,,1.0,0.0,1.0,mistral_7b,invalide,0.4650498032569885,0.49937885999679565,0.7950867414474487,0.8428974151611328
97fea2b0a7bdac75,0.0,1.0,,1.0,mistral_7b,invalide,0.48323965072631836,0.5026627779006958,0.7958479523658752,0.8051239252090454
9852e55efb50501d,0.0,1.0,0.0,1.0,mistral_7b,egalite,0.5391411781311035,0.47747331857681274,0.7447862029075623,0.7341338396072388
98eaf63e3b9976f7,0.0,1.0,0.2,1.0,mistral_7b,egalite,0.40737107396125793,0.4379624128341675,0.817129909992218,0.7465981841087341
9957797aa845cb99,0.0,1.0,0.0,1.0,mistral_7b,egalite,0.5235446691513062,0.56168133020401,0.7999099493026733,0.7706789970397949
9989ff7fc921a389,1.0,1.0,1.0,1.0,mistral_7b,egalite,0.6295129060745239,0.6200751662254333,0.7361334562301636,0.7783845663070679
99d3790c2b6a39e5,,1.0,0.0,1.0,mistral_7b,invalide,0.46850550174713135,0.5154191255569458,0.785132646560669,0.8024711012840271
9a62a89ccea2109f,,1.0,,,mistral_7b,invalide,0.663084864616394,0.5778167247772217,0.8014957904815674,0.720741868019104
9adfc7bf77b82033,,1.0,0.0,1.0,mistral_7b,invalide,0.5557634830474854,0.5468654632568359,0.8121118545532227,0.8087571263313293
9b6ad8cadf84b579,0.0,1.0,0.0,1.0,mistral_7b,egalite,0.4681236445903778,0.4543417692184448,0.8481541872024536,0.7520933151245117
9b7b3fcb8c7c244c,,1.0,1.0,1.0,mistral_7b,invalide,0.5639148950576782,0.6133513450622559,0.885404109954834,0.7915986180305481
9c5128001e9608b5,1.0,1.0,1.0,0.8,mistral_7b,egalite,0.5618776082992554,0.5098892450332642,0.7797311544418335,0.7244536876678467
9c59ab79438ec35b,0.0,1.0,0.0,1.0,mistral_7b,egalite,0.5514136552810669,0.5231094360351562,0.7828933596611023,0.7715000510215759
9c7e346d7ae1429a,0.0,1.0,0.0,1.0,mistral_7b,egalite,0.4469137191772461,0.48707371950149536,0.8306038975715637,0.7744024991989136
9d2cc2d9aefe2ffc,1.0,1.0,1.0,1.0,mistral_7b,egalite,0.5476219654083252,0.5586593151092529,0.8290184140205383,0.8224353194236755
9d3aa4c80844d6c2,,1.0,,1.0,mistral_7b,invalide,0.44575759768486023,0.5271698832511902,0.8231119513511658,0.8173816204071045
9d55ff3d7f0eae35,0.0,1.0,,1.0,mistral_7b,invalide,0.4432762563228607,0.46672362089157104,0.7702001929283142,0.758136510848999
9d60b07411d91ec4,,,1.0,1.0,mistral_7b,invalide,0.6226029396057129,0.6877069473266602,0.6428763270378113,0.763032078742981
9d62be0405110ecf,0.0,1.0,,1.0,mistral_7b,invalide,0.5764892101287842,0.5603206157684326,0.7278501987457275,0.7897494435310364
9df2a34ee46fa7f0,1.0,1.0,0.0,1.0,mistral_7b,egalite,0.47598016262054443,0.445427805185318,0.8093439936637878,0.7905687093734741
9df79379120db893,0.0,1.0,1.0,0.8,mistral_7b,inversion_stricte,0.4132317900657654,0.5439848899841309,0.8031929731369019,0.7283898591995239
9e01676dc494ca05,,,1.0,0.8,mistral_7b,invalide,0.5156917572021484,0.5926221609115601,0.6951534748077393,0.7090327143669128
9e20350cb5dea2fe,0.0,1.0,0.0,1.0,mistral_7b,egalite,0.6078284978866577,0.5819880962371826,0.7955631613731384,0.7217152714729309
9ebf490e081e200b,0.0,1.0,1.0,1.0,mistral_7b,egalite,0.5027052164077759,0.5970838665962219,0.8062005639076233,0.7424628138542175
9ee1553bf9307125,,1.0,0.0,1.0,mistral_7b,invalide,0.45859840512275696,0.43976032733917236,0.7059438228607178,0.847281813621521
9f7998342af9a05e,,1.0,,1.0,mistral_7b,invalide,0.47770974040031433,0.5897746682167053,0.7226278781890869,0.7058982253074646
9ffc2874cf3d2de3,,1.0,,1.0,mistral_7b,invalide,0.42122742533683777,0.4625890552997589,0.750041663646698,0.7921532988548279
9ffdb03a36078699,0.0,1.0,,1.0,mistral_7b,invalide,0.4497259855270386,0.44736969470977783,0.8179367184638977,0.804305911064148
a0230aca0b7080f5,,1.0,,1.0,mistral_7b,invalide,0.4564577639102936,0.464652419090271,0.7906095385551453,0.8090453743934631
a06fbbb01e31ba97,1.0,1.0,1.0,1.0,mistral_7b,egalite,0.6661554574966431,0.6523879766464233,0.8438681960105896,0.8512328267097473
a15efe8eac27528f,1.0,1.0,1.0,1.0,mistral_7b,egalite,0.5770584344863892,0.5630950331687927,0.7359323501586914,0.6406843662261963
a198e1ae1580a042,0.0,1.0,0.0,1.0,mistral_7b,egalite,0.4796299338340759,0.5044251084327698,0.7224500775337219,0.8374430537223816
a1ac9949b68307e6,0.0,1.0,0.0,1.0,mistral_7b,egalite,0.39162349700927734,0.4838155508041382,0.7029871344566345,0.8173112869262695
a1bf11174f8edc66,1.0,0.8,1.0,0.8,mistral_7b,egalite,0.5750254988670349,0.6078938841819763,0.7248333096504211,0.7810704708099365
a218b1ae4c06afa4,,1.0,,1.0,mistral_7b,invalide,0.5348996520042419,0.5332775115966797,0.7168108820915222,0.6265984773635864
a226e406bd374852,0.0,1.0,0.0,1.0,mistral_7b,egalite,0.4492902159690857,0.5122109651565552,0.8195507526397705,0.7325537204742432
a2975fa1bc0d0e82,0.0,1.0,0.0,1.0,mistral_7b,egalite,0.4699389338493347,0.4867906868457794,0.8365368843078613,0.8228834271430969
a2bbac9fac8cea9e,1.0,1.0,0.0,1.0,mistral_7b,egalite,0.6334907412528992,0.5790743231773376,0.839624285697937,0.8386194109916687
a3739722612c56b7,0.2,0.8,,1.0,mistral_7b,invalide,0.4551335871219635,0.4757421910762787,0.8381814956665039,0.8445399403572083
a37b07ddbb5d6571,0.0,1.0,0.0,1.0,mistral_7b,egalite,0.42099529504776,0.43831464648246765,0.7707825303077698,0.7725651264190674
a3df859d3a0c5e8c,0.0,1.0,,1.0,mistral_7b,invalide,0.4888971745967865,0.48418477177619934,0.8099954724311829,0.7828675508499146
a447795e78eb6d37,0.0,1.0,0.0,1.0,mistral_7b,egalite,0.5342550873756409,0.5556502938270569,0.869809091091156,0.8536576628684998
a48c9b0f0d9665f8,,1.0,1.0,1.0,mistral_7b,invalide,0.49253663420677185,0.4968796372413635,0.7748115062713623,0.8104172945022583
a49f2f465b5b8f5f,0.0,1.0,0.0,1.0,mistral_7b,egalite,0.4981171488761902,0.5030790567398071,0.7729969024658203,0.8262554407119751
a4bbc8b5c98789f1,1.0,1.0,1.0,1.0,mistral_7b,egalite,0.5681113004684448,0.5641788840293884,0.8750114440917969,0.8788835406303406
a5df3dc3da0b1590,0.0,1.0,0.0,1.0,mistral_7b,egalite,0.45912113785743713,0.5052272081375122,0.8613630533218384,0.7813310623168945
a6edf7b338fa2506,0.0,1.0,0.0,1.0,mistral_7b,egalite,0.5398781299591064,0.5665360689163208,0.7634533643722534,0.7433565855026245
a75746d3344cfb3a,0.0,1.0,0.0,1.0,mistral_7b,egalite,0.4658113718032837,0.5001016855239868,0.7558343410491943,0.7066859006881714
a7ff296cca5d951b,0.0,1.0,,1.0,mistral_7b,invalide,0.4073028564453125,0.4547610282897949,0.7730696201324463,0.8024046421051025
a815e0b0fc42de56,1.0,0.8,0.0,1.0,mistral_7b,inversion_stricte,0.4926964044570923,0.4725404381752014,0.7562525272369385,0.7104373574256897
a86a16782f430354,0.0,1.0,0.0,1.0,mistral_7b,egalite,0.4406595230102539,0.5235316157341003,0.7563279867172241,0.7109666466712952
a88ba9ecadf8cec4,,1.0,,1.0,mistral_7b,invalide,0.5079386234283447,0.5089672803878784,0.836876392364502,0.8518933653831482
a96c8357210fd06f,,1.0,,1.0,mistral_7b,invalide,0.44848209619522095,0.4481853246688843,0.812570333480835,0.810082733631134
a9c18cfd7ccf7dbd,1.0,1.0,1.0,0.8,mistral_7b,egalite,0.6123799085617065,0.6005969047546387,0.7695704102516174,0.7244360446929932
aa0028e70c5ebf74,0.0,1.0,0.0,1.0,mistral_7b,egalite,0.465733140707016,0.4477667808532715,0.8361689448356628,0.8490890264511108
aa2c670cbe44fa0c,0.0,1.0,0.0,1.0,mistral_7b,egalite,0.44264644384384155,0.4423167109489441,0.8532789349555969,0.8526728749275208
aa5c230254444433,,1.0,,1.0,mistral_7b,invalide,0.606200635433197,0.5334734916687012,0.7342439293861389,0.6531519889831543
aa617e2db58ec991,1.0,1.0,,1.0,mistral_7b,invalide,0.6469301581382751,0.5691037178039551,0.8023186922073364,0.6842893958091736
aaf3365a17e46991,0.0,1.0,0.0,1.0,mistral_7b,egalite,0.5606449842453003,0.5704146027565002,0.7529442310333252,0.7188802361488342
ab0746f21d5ea727,0.0,1.0,0.0,1.0,mistral_7b,egalite,0.538788914680481,0.6184884905815125,0.7136965394020081,0.7360654473304749
abb62ae663492150,0.0,1.0,0.0,1.0,mistral_7b,egalite,0.4969114065170288,0.5007727742195129,0.7969334721565247,0.8301458954811096
abd8666a2660d863,0.0,1.0,,1.0,mistral_7b,invalide,0.5556052923202515,0.5178890824317932,0.7122904062271118,0.720403790473938
ac15a11207009786,1.0,1.0,1.0,0.8,mistral_7b,egalite,0.5608405470848083,0.6290176510810852,0.7623699903488159,0.7610971927642822
ac5569ec9efe7af9,,1.0,0.0,0.8,mistral_7b,invalide,0.3788199722766876,0.5061756372451782,0.7932054996490479,0.7908092737197876
ac8ab23b3e3fd25f,0.0,1.0,0.0,1.0,mistral_7b,egalite,0.5110504627227783,0.5319104194641113,0.8338283896446228,0.7941828966140747
ad22a684f5b0536e,0.0,1.0,0.0,1.0,mistral_7b,egalite,0.46741756796836853,0.4667692482471466,0.7388977408409119,0.7444959282875061
ad88ffb946968c0f,0.0,1.0,0.0,1.0,mistral_7b,egalite,0.5765171647071838,0.5734627842903137,0.8740242123603821,0.8634406924247742
adc0396f90573771,0.0,1.0,0.0,1.0,mistral_7b,egalite,0.5270669460296631,0.5690780282020569,0.7601830959320068,0.7100045680999756
ae7e6fe3f4f3287a,0.0,1.0,1.0,1.0,mistral_7b,egalite,0.4779374599456787,0.60193932056427,0.7752131223678589,0.7714954018592834
ae8768cd15f2c491,0.0,1.0,0.0,1.0,mistral_7b,egalite,0.4836128354072571,0.5260683298110962,0.8190588355064392,0.7818966507911682
ae97729bf054d1bb,,1.0,,1.0,mistral_7b,invalide,0.42578965425491333,0.4492674469947815,0.7352058291435242,0.7978121042251587
af350f62a962ae47,0.0,1.0,1.0,1.0,mistral_7b,egalite,0.41764822602272034,0.5140814781188965,0.8253948092460632,0.8237882852554321
afa9ffaacac51aac,1.0,1.0,1.0,1.0,mistral_7b,egalite,0.6242532730102539,0.721435010433197,0.7437824010848999,0.8179142475128174
afae78bf8e608e9c,0.0,1.0,0.0,1.0,mistral_7b,egalite,0.5729661583900452,0.47302860021591187,0.8670154213905334,0.8484422564506531
afe01ef3d4ca26a9,0.0,1.0,0.0,1.0,mistral_7b,egalite,0.47198042273521423,0.4660985469818115,0.8462395668029785,0.835750937461853
b069c352e530d5b8,,0.8,1.0,,mistral_7b,invalide,0.5282177925109863,0.6034598350524902,0.6999566555023193,0.6343702673912048
b06a5e307a5a9c60,,1.0,,1.0,mistral_7b,invalide,0.3592776358127594,0.3506146967411041,0.8097101449966431,0.8090292811393738
b08b5c94a380dd66,,1.0,0.0,1.0,mistral_7b,invalide,0.4573453664779663,0.46020543575286865,0.7969257831573486,0.8035253882408142
b0dd536f5abb8f97,1.0,1.0,1.0,1.0,mistral_7b,egalite,0.6089510917663574,0.6285529732704163,0.7212828397750854,0.7344437837600708
b11fa36c4ebd307f,0.0,1.0,1.0,1.0,mistral_7b,egalite,0.5296288132667542,0.5393917560577393,0.7205544710159302,0.8565013408660889
b1b9648b29c46a96,0.0,1.0,0.0,1.0,mistral_7b,egalite,0.45585334300994873,0.45960453152656555,0.814146101474762,0.8159972429275513
b1c5595f02a2ce52,0.0,1.0,0.0,1.0,mistral_7b,egalite,0.42131298780441284,0.43207255005836487,0.7812784910202026,0.7927632927894592
b1d00aa1dec8224c,1.0,0.8,0.0,0.8,mistral_7b,egalite,0.5256201028823853,0.4768965244293213,0.7278631329536438,0.7528631687164307
b2a75b68aa6179f8,0.0,1.0,1.0,1.0,mistral_7b,egalite,0.5208172798156738,0.5679141283035278,0.756022572517395,0.7403072714805603
b343c68c7c1d6e8a,0.0,1.0,0.0,1.0,mistral_7b,egalite,0.5205214023590088,0.49421149492263794,0.7328976392745972,0.8059020638465881
b35e6c0fc5732ca0,0.0,1.0,0.0,1.0,mistral_7b,egalite,0.5305808186531067,0.5159934759140015,0.7660808563232422,0.763536810874939
b36c4ba33bd81a48,1.0,0.8,1.0,0.8,mistral_7b,egalite,0.4672110676765442,0.5313017964363098,0.746832549571991,0.7723990678787231
b36e8eeb18a1ed1b,0.0,1.0,0.0,1.0,mistral_7b,egalite,0.4161706566810608,0.45970481634140015,0.7552661895751953,0.8114120364189148
b39870b7f4527ddb,1.0,1.0,1.0,1.0,mistral_7b,egalite,0.6218560934066772,0.5958290696144104,0.7438626289367676,0.7548593878746033
b3eae522a9150aeb,0.0,1.0,0.0,1.0,mistral_7b,egalite,0.3925946354866028,0.4174957275390625,0.7750348448753357,0.7719905376434326
b4432f7f65da7425,0.0,1.0,0.0,1.0,mistral_7b,egalite,0.5529507398605347,0.5272200107574463,0.7811329364776611,0.7550055384635925
b4ab3f8785203cd1,1.0,0.8,,1.0,mistral_7b,invalide,0.6374676823616028,0.5487138032913208,0.7558314204216003,0.7072672247886658
b4acf12c9bd6f345,0.0,1.0,0.0,1.0,mistral_7b,egalite,0.47670209407806396,0.5359748005867004,0.7849703431129456,0.68756103515625
b4d2ba82e92962bb,1.0,1.0,0.0,1.0,mistral_7b,egalite,0.5355449914932251,0.5134506821632385,0.8168190717697144,0.8027081489562988
b4e7e8d6faa30077,0.0,1.0,0.0,1.0,mistral_7b,egalite,0.5268349647521973,0.5744617581367493,0.7128421068191528,0.8236939311027527
b4e8a81af0c90380,0.0,1.0,0.0,1.0,mistral_7b,egalite,0.4122564196586609,0.47506123781204224,0.7199272513389587,0.7489310503005981
b55a34b1bcf2bae1,1.0,1.0,0.0,1.0,mistral_7b,egalite,0.5623750686645508,0.5643870830535889,0.7777529954910278,0.7635529637336731
b55b50dee27087e9,1.0,1.0,1.0,1.0,mistral_7b,egalite,0.5863845944404602,0.6092116832733154,0.814078152179718,0.7826116681098938
b567d6038905d630,1.0,1.0,1.0,1.0,mistral_7b,egalite,0.5892511606216431,0.6006839871406555,0.7810842394828796,0.7902583479881287
b61ef4b3136a25e7,1.0,1.0,1.0,1.0,mistral_7b,egalite,0.5778764486312866,0.5841875076293945,0.7743194103240967,0.8096269369125366
b636098c0031d8b4,,1.0,,1.0,mistral_7b,invalide,0.5458574891090393,0.5457655191421509,0.8757184743881226,0.8799879550933838
b64462e30aab0327,1.0,1.0,0.0,1.0,mistral_7b,egalite,0.5429185628890991,0.5193496942520142,0.8477669358253479,0.8444910645484924
b707d73a22bad1e0,0.0,1.0,0.0,1.0,mistral_7b,egalite,0.4696025252342224,0.5315894484519958,0.7641028761863708,0.7175678014755249
b7a37f0bc8b3959c,,1.0,,1.0,mistral_7b,invalide,0.4560515284538269,0.4851152002811432,0.7716789841651917,0.8000333905220032
b834699ef5825dda,,1.0,,1.0,mistral_7b,invalide,0.6408938765525818,0.6039595007896423,0.7433139681816101,0.7021609544754028
b958bf10a9d160f6,0.0,1.0,0.0,1.0,mistral_7b,egalite,0.40846961736679077,0.385184645652771,0.8057999610900879,0.7599610090255737
b9b8fee552763073,,1.0,,1.0,mistral_7b,invalide,0.5681856870651245,0.551505982875824,0.7784473896026611,0.8037608861923218
b9d164d3286cc381,0.0,1.0,0.0,1.0,mistral_7b,egalite,0.4518742561340332,0.49057459831237793,0.8038004040718079,0.8268758654594421
b9df042807fb42e1,0.0,1.0,,1.0,mistral_7b,invalide,0.41504228115081787,0.5865822434425354,0.8031287789344788,0.8104952573776245
b9ed495dc8a0c290,0.0,1.0,0.0,1.0,mistral_7b,egalite,0.41597360372543335,0.5321370363235474,0.7955957651138306,0.8015936613082886
bac1babf02a8c742,0.0,1.0,0.0,1.0,mistral_7b,egalite,0.5395981073379517,0.5290073156356812,0.8386412262916565,0.841945469379425
bad5ea38d8fefa09,0.0,1.0,0.0,1.0,mistral_7b,egalite,0.5850764513015747,0.6601899862289429,0.7367786169052124,0.6802828311920166
bae0dbcfe34ab384,,1.0,,1.0,mistral_7b,invalide,0.5858615636825562,0.5589243769645691,0.7346587777137756,0.7721338272094727
bb91dfdf322d110d,0.0,0.8,0.0,0.8,mistral_7b,egalite,0.5632992386817932,0.5626505613327026,0.8423271179199219,0.7816970348358154
bbfd37f76f1eba2a,1.0,1.0,0.0,1.0,mistral_7b,egalite,0.47199133038520813,0.42560088634490967,0.7773739099502563,0.8152284622192383
bc7c12296ccddfea,1.0,1.0,1.0,1.0,mistral_7b,egalite,0.5621742010116577,0.5208011269569397,0.7663533687591553,0.8083228468894958
bc94689def180a35,0.0,1.0,0.0,1.0,mistral_7b,egalite,0.5336594581604004,0.6187901496887207,0.6985822319984436,0.7805653810501099
bce136e82ec829cd,1.0,1.0,1.0,0.8,mistral_7b,egalite,0.6132775545120239,0.643032968044281,0.7409745454788208,0.7650788426399231
bceb04cdec4011e6,1.0,1.0,1.0,1.0,mistral_7b,egalite,0.4942075312137604,0.517578125,0.7990808486938477,0.7682821750640869
bd152ad98952877a,0.0,1.0,0.0,1.0,mistral_7b,egalite,0.5222045183181763,0.4897068738937378,0.7439127564430237,0.7119861841201782
bddcff36f611b417,0.0,1.0,0.0,1.0,mistral_7b,egalite,0.4916599690914154,0.5798038840293884,0.7872909903526306,0.7530625462532043
be08397ee15b0cd2,,1.0,,1.0,mistral_7b,invalide,0.5383569002151489,0.5485008955001831,0.8740473985671997,0.8564410209655762
be8e6082d20d510f,0.0,1.0,0.0,1.0,mistral_7b,egalite,0.5738110542297363,0.5375458002090454,0.7309762835502625,0.811718761920929
bebd31fcf1c376db,0.0,1.0,1.0,1.0,mistral_7b,egalite,0.5366424918174744,0.5757219791412354,0.806995689868927,0.754601001739502
befe6586bf7e2f38,0.0,1.0,0.0,1.0,mistral_7b,egalite,0.40143054723739624,0.4328666031360626,0.830224871635437,0.8411245942115784
bf1bc189c7bd9a9c,0.0,1.0,0.0,1.0,mistral_7b,egalite,0.48912012577056885,0.5515930652618408,0.8516247272491455,0.825786292552948
bf34c09eca3f74bf,1.0,1.0,1.0,1.0,mistral_7b,egalite,0.48520541191101074,0.4785730838775635,0.6559237837791443,0.8644000291824341
bfcc87ba2060c703,1.0,0.8,1.0,1.0,mistral_7b,egalite,0.6244730353355408,0.6145579814910889,0.6972284913063049,0.7589839696884155
c065711346126d46,1.0,1.0,,1.0,mistral_7b,invalide,0.5389699339866638,0.5383043885231018,0.8458390235900879,0.7962237000465393
c0c62e4aacc574e7,1.0,0.8,1.0,0.8,mistral_7b,egalite,0.6304882764816284,0.5378259420394897,0.7906204462051392,0.7869023084640503
c0c9b6c63cc87ab8,0.0,1.0,0.0,1.0,mistral_7b,egalite,0.5655115842819214,0.5605213642120361,0.8002493977546692,0.7975285649299622
c1a8d3e94bc8fb40,0.0,1.0,0.0,1.0,mistral_7b,egalite,0.44495630264282227,0.4770256280899048,0.8551434278488159,0.8150508403778076
c1ac49018a0e2a86,0.0,1.0,0.0,1.0,mistral_7b,egalite,0.39859506487846375,0.47126442193984985,0.856018602848053,0.8486730456352234
c1b5c3ea579fba13,0.0,1.0,0.0,1.0,mistral_7b,egalite,0.47009366750717163,0.4900294244289398,0.8474200367927551,0.8181465864181519
c1ca82582f1f8e7c,0.0,1.0,0.0,1.0,mistral_7b,egalite,0.4516739249229431,0.4471503496170044,0.8083762526512146,0.7301523685455322
c1d3f49e32eb63ba,1.0,1.0,0.0,1.0,mistral_7b,egalite,0.6428058743476868,0.6321966648101807,0.8273071050643921,0.8036615252494812
c1f5aea3463b2127,1.0,0.8,1.0,1.0,mistral_7b,egalite,0.5469026565551758,0.5241261124610901,0.7919172048568726,0.8119457364082336
c2423e21a7b8024a,0.0,1.0,0.0,1.0,mistral_7b,egalite,0.5062592625617981,0.5180321931838989,0.8084877133369446,0.7752941846847534
c2c888ec9d7fb683,0.0,1.0,0.0,1.0,mistral_7b,egalite,0.4239749014377594,0.49030041694641113,0.8066833019256592,0.8346055746078491
c2f5df3fcbbb6bab,1.0,1.0,,1.0,mistral_7b,invalide,0.5906236171722412,0.5587731599807739,0.7741454839706421,0.7649411559104919
c2ffd4b0052710b1,,1.0,1.0,1.0,mistral_7b,invalide,0.4653645157814026,0.5104843378067017,0.7745202779769897,0.842261791229248
c3917ac55e61df49,0.0,1.0,0.0,0.8,mistral_7b,egalite,0.5799198150634766,0.6041582822799683,0.7411715984344482,0.7102707028388977
c4cfcfef90c0c76b,0.0,1.0,0.0,1.0,mistral_7b,egalite,0.5097441077232361,0.5211381912231445,0.8210349082946777,0.8252221345901489
c4e7b1e2de3ef1c7,1.0,1.0,1.0,1.0,mistral_7b,egalite,0.572498619556427,0.5916889905929565,0.8085765242576599,0.8156266808509827
c53949c378c6a90c,1.0,0.8,0.0,0.8,mistral_7b,egalite,0.45849087834358215,0.481947660446167,0.7879987359046936,0.8001004457473755
c596f72c0994d0a5,0.0,1.0,0.0,1.0,mistral_7b,egalite,0.6821309328079224,0.5856567025184631,0.8718505501747131,0.726661741733551
c68387701a2f94d5,0.0,1.0,0.0,1.0,mistral_7b,egalite,0.5159986019134521,0.5004193186759949,0.8259920477867126,0.8243955373764038
c694de1b3c4c5c70,,1.0,,1.0,mistral_7b,invalide,0.5201684832572937,0.4894372820854187,0.8185499906539917,0.842826247215271
c6bcc653ff1ec8b9,,1.0,,1.0,mistral_7b,invalide,0.6000412702560425,0.5810999870300293,0.8176016211509705,0.8025883436203003
c762d91cd7a5f4e6,,1.0,,1.0,mistral_7b,invalide,0.5529786348342896,0.581012487411499,0.7366061210632324,0.7475327849388123
c7b1a5e7aadc5d9e,0.0,1.0,1.0,1.0,mistral_7b,egalite,0.5126668214797974,0.5851086974143982,0.6732506155967712,0.8427994251251221
c85975e9f3e41e2e,0.0,1.0,0.0,1.0,mistral_7b,egalite,0.4210922122001648,0.4437369704246521,0.8042439222335815,0.829910933971405
c8e535a2ea063c50,1.0,1.0,1.0,1.0,mistral_7b,egalite,0.6568716764450073,0.6136288046836853,0.8438599109649658,0.8401018977165222
c906cc2f359d0e15,,1.0,1.0,0.8,mistral_7b,invalide,0.5008260011672974,0.5988339781761169,0.6770246624946594,0.7063875198364258
c92f416cedbd55e6,1.0,1.0,0.0,1.0,mistral_7b,egalite,0.5221798419952393,0.535903811454773,0.7346004843711853,0.858125627040863
c93cbfcb39be3722,1.0,1.0,1.0,1.0,mistral_7b,egalite,0.6208699345588684,0.5807189345359802,0.8397076725959778,0.78117835521698
c98d03a1d0475291,0.0,1.0,0.0,1.0,mistral_7b,egalite,0.5865152478218079,0.5199407935142517,0.8136756420135498,0.7533542513847351
c9994f84b0029e56,1.0,1.0,1.0,1.0,mistral_7b,egalite,0.7444587349891663,0.6098377108573914,0.9502485394477844,0.9164623022079468
c9a95a725a2d9ce6,,1.0,0.0,1.0,mistral_7b,invalide,0.5528628826141357,0.5380538702011108,0.7606334686279297,0.7671950459480286
c9c342035f91b62a,1.0,1.0,1.0,1.0,mistral_7b,egalite,0.5352563261985779,0.6176135540008545,0.8514132499694824,0.8662347793579102
c9eb1ecf0b1b36d5,1.0,1.0,,1.0,mistral_7b,invalide,0.6262122392654419,0.5449799299240112,0.7777185440063477,0.7028388977050781
c9fc7a1a3e928b5a,1.0,1.0,1.0,1.0,mistral_7b,egalite,0.5176818370819092,0.5076320171356201,0.8742758631706238,0.7857337594032288
ca03258ee2552488,1.0,0.8,1.0,0.8,mistral_7b,egalite,0.6133041381835938,0.5944702625274658,0.837151825428009,0.818368673324585
caff125d25466b98,1.0,1.0,1.0,0.8,mistral_7b,egalite,0.5507074594497681,0.5430847406387329,0.7905694842338562,0.7504216432571411
cb57cd67c9df1562,0.0,1.0,0.0,1.0,mistral_7b,egalite,0.5016016960144043,0.33554956316947937,0.7446900606155396,0.586720883846283
cc2c3e675a43a653,1.0,0.8,1.0,0.8,mistral_7b,egalite,0.6086087226867676,0.5943417549133301,0.6910812258720398,0.7122209668159485
cc8e5a29e02b6f53,1.0,1.0,1.0,1.0,mistral_7b,egalite,0.5393408536911011,0.5029087662696838,0.8087815642356873,0.8177728652954102
cca9be95688a0fad,0.0,0.8,,1.0,mistral_7b,invalide,0.4818767309188843,0.538830578327179,0.7386801242828369,0.7713853120803833
cd59cf33b84dbbe0,1.0,1.0,1.0,1.0,mistral_7b,egalite,0.6145124435424805,0.5632938146591187,0.8920385241508484,0.8176652789115906
cd8f1aa24b30584f,,1.0,0.0,1.0,mistral_7b,invalide,0.44979339838027954,0.4711832106113434,0.7693624496459961,0.7777529954910278
ce1d05f6964bf1f5,1.0,1.0,1.0,1.0,mistral_7b,egalite,0.48364317417144775,0.6376650929450989,0.8679076433181763,0.8541940450668335
ce3da51df70246aa,0.0,,0.0,1.0,mistral_7b,invalide,0.4269886016845703,0.5045435428619385,0.77711421251297,0.7730257511138916
ce8b076e67be117f,,1.0,0.0,1.0,mistral_7b,invalide,0.4586794376373291,0.4863823652267456,0.691585123538971,0.7311269044876099
cf11d42197c59876,,1.0,,1.0,mistral_7b,invalide,0.4711388945579529,0.5027729272842407,0.7874631881713867,0.8411466479301453
cf837a506c1ef189,0.0,1.0,1.0,1.0,mistral_7b,egalite,0.43832385540008545,0.5431181192398071,0.8148070573806763,0.7998554110527039
cf87b209083db05b,0.0,1.0,0.0,1.0,mistral_7b,egalite,0.4762532114982605,0.5178940892219543,0.8066218495368958,0.7800607085227966
cf9e96d8330b1056,1.0,1.0,1.0,1.0,mistral_7b,egalite,0.5003924369812012,0.5342838764190674,0.8001287579536438,0.7378213405609131
cfb4e70c04d45d94,0.0,1.0,0.0,,mistral_7b,invalide,0.4011206030845642,0.38401883840560913,0.8193277716636658,0.7657835483551025
cfd6da575429719c,0.0,1.0,0.0,1.0,mistral_7b,egalite,0.5037447810173035,0.515139639377594,0.8459336161613464,0.829948365688324
d01615c9ef0c1486,1.0,1.0,1.0,1.0,mistral_7b,egalite,0.6253915429115295,0.6454019546508789,0.8287003040313721,0.8526103496551514
d08f4b6046ac0000,0.0,1.0,0.0,1.0,mistral_7b,egalite,0.5882146954536438,0.44841161370277405,0.7239874005317688,0.5512977242469788
d0cb0ecf0fb4f20e,0.0,1.0,0.0,1.0,mistral_7b,egalite,0.5015826225280762,0.5106093883514404,0.8725149631500244,0.8413450717926025
d12ef20e45931369,0.0,1.0,1.0,0.8,mistral_7b,inversion_stricte,0.41148120164871216,0.47877171635627747,0.7838297486305237,0.7707199454307556
d130bcafb6d4857b,0.0,1.0,0.0,1.0,mistral_7b,egalite,0.48602917790412903,0.47304588556289673,0.810758113861084,0.8113941550254822
d142fc26860bc13f,0.0,1.0,0.0,1.0,mistral_7b,egalite,0.47456443309783936,0.5096727609634399,0.786791205406189,0.8226025700569153
d1828ef1fed35212,0.0,1.0,0.0,1.0,mistral_7b,egalite,0.43861880898475647,0.49945345520973206,0.7709284424781799,0.836738109588623
d1f49725319a8992,1.0,1.0,1.0,1.0,mistral_7b,egalite,0.594601571559906,0.5953831672668457,0.8439323306083679,0.8019309639930725
d230a134fe1575ed,0.0,1.0,0.0,1.0,mistral_7b,egalite,0.45873576402664185,0.5091657638549805,0.8673303127288818,0.8422240018844604
d28dd71f5793f297,0.0,1.0,1.0,1.0,mistral_7b,egalite,0.5185982584953308,0.5176161527633667,0.7532631754875183,0.8417491316795349
d2f347df24262a3f,1.0,1.0,1.0,1.0,mistral_7b,egalite,0.48442894220352173,0.4954495429992676,0.8060203194618225,0.8204049468040466
d3196b6bc0b067f9,0.0,1.0,0.0,1.0,mistral_7b,egalite,0.5108159780502319,0.544237494468689,0.7219852805137634,0.7174240946769714
d329ef27916bd35a,1.0,0.8,,0.8,mistral_7b,invalide,0.6238110661506653,0.5831818580627441,0.8023303747177124,0.7466731071472168
d34ade1a4aef98f6,0.0,1.0,0.0,1.0,mistral_7b,egalite,0.48455291986465454,0.46906208992004395,0.8410620093345642,0.8261471390724182
d3fad68c76b693d7,,,,1.0,mistral_7b,invalide,0.5348606705665588,0.5023453235626221,0.7003784775733948,0.7387470006942749
d42441f9b63d6489,1.0,0.8,,0.8,mistral_7b,invalide,0.5124363899230957,0.4998757541179657,0.7962554097175598,0.7935852408409119
d519c84a3d272208,1.0,1.0,0.0,1.0,mistral_7b,egalite,0.5050042867660522,0.5009534358978271,0.8112658858299255,0.8081021308898926
d53f2902ea3acf64,0.0,1.0,0.0,1.0,mistral_7b,egalite,0.4393293857574463,0.45274150371551514,0.8038922548294067,0.8481440544128418
d624b08c1c4c57e1,0.0,1.0,0.0,1.0,mistral_7b,egalite,0.4608573317527771,0.41840994358062744,0.8513582944869995,0.7554908394813538
d713be3cd6470c51,,1.0,,1.0,mistral_7b,invalide,0.48364219069480896,0.4911609888076782,0.8214960694313049,0.8263155817985535
d7bb11e810e56393,0.0,0.8,0.0,1.0,mistral_7b,egalite,0.5097454786300659,0.5809199213981628,0.7613736391067505,0.824935257434845
d820d0b13c589a3a,0.0,1.0,0.0,1.0,mistral_7b,egalite,0.5118145942687988,0.514018714427948,0.6935727596282959,0.7493382692337036
d86c6e40b0e0d798,1.0,1.0,1.0,1.0,mistral_7b,egalite,0.5114532709121704,0.5587599277496338,0.7940598726272583,0.8462114334106445
d8ad1a58235204a0,1.0,1.0,1.0,1.0,mistral_7b,egalite,0.541722297668457,0.5177406668663025,0.8572620153427124,0.8412675857543945
d8fb333bcbe5e49a,0.0,1.0,0.0,1.0,mistral_7b,egalite,0.43362343311309814,0.4683501422405243,0.7408140897750854,0.8346144556999207
d965265524c54a8a,1.0,1.0,,1.0,mistral_7b,invalide,0.5463253855705261,0.5383377075195312,0.738355815410614,0.7611380815505981
d981b78ed7713b6a,0.0,0.8,1.0,1.0,mistral_7b,meme_ordre,0.47199007868766785,0.622997522354126,0.7686014771461487,0.8617968559265137
d9b6b524dc561962,0.0,1.0,0.0,1.0,mistral_7b,egalite,0.5379817485809326,0.5356312394142151,0.8347360491752625,0.8391801118850708
d9ba654b17637148,1.0,1.0,0.0,1.0,mistral_7b,egalite,0.43998003005981445,0.4646952152252197,0.8044888377189636,0.8149519562721252
da975c3183b17f3e,1.0,1.0,1.0,1.0,mistral_7b,egalite,0.5280817747116089,0.5247340798377991,0.8613038659095764,0.8662580847740173
daa897f850b3def0,0.0,1.0,0.0,1.0,mistral_7b,egalite,0.5639739036560059,0.5144853591918945,0.8678824305534363,0.8680680394172668
dad055fc0b31ba82,,1.0,,1.0,mistral_7b,invalide,0.5213446617126465,0.5416641235351562,0.7835991978645325,0.8352817893028259
daf016ae6a454272,,1.0,0.0,1.0,mistral_7b,invalide,0.5240216255187988,0.5004059076309204,0.66285240650177,0.8364050388336182
db78b33dce5354e6,0.0,1.0,0.0,1.0,mistral_7b,egalite,0.446962833404541,0.5562177896499634,0.7145651578903198,0.7636399269104004
db91565e9047a448,0.0,1.0,1.0,1.0,mistral_7b,egalite,0.49015140533447266,0.5798371434211731,0.833284318447113,0.7716976404190063
db95ddaf3a1562fb,0.0,1.0,0.0,1.0,mistral_7b,egalite,0.5513969659805298,0.5430466532707214,0.7978209257125854,0.8056990504264832
dbc745e0f3ce1b95,0.0,1.0,1.0,1.0,mistral_7b,egalite,0.4771556556224823,0.5825483798980713,0.8181861639022827,0.7735535502433777
dbf83fc9aa7bbd54,0.0,1.0,1.0,1.0,mistral_7b,egalite,0.4674018621444702,0.5300919413566589,0.8032904267311096,0.6379926204681396
dc15b72c1671f7e9,1.0,1.0,,1.0,mistral_7b,invalide,0.5197994112968445,0.5592400431632996,0.8726337552070618,0.7948510050773621
dcfb301985790adf,,1.0,,1.0,mistral_7b,invalide,0.5314293503761292,0.483094185590744,0.713991105556488,0.7019155621528625
dd6ff7e99ed3590b,0.0,1.0,0.0,1.0,mistral_7b,egalite,0.43535658717155457,0.4026907980442047,0.8144932389259338,0.8214638829231262
dd7812e760b79c1b,0.0,1.0,0.0,1.0,mistral_7b,egalite,0.45508432388305664,0.5221418142318726,0.7704441547393799,0.7956583499908447
dde72772d77c9d22,0.0,1.0,0.0,1.0,mistral_7b,egalite,0.4293089509010315,0.494978129863739,0.7577647566795349,0.8442768454551697
ddea97fd028744b4,,1.0,,1.0,mistral_7b,invalide,0.48588621616363525,0.4742406904697418,0.6989366412162781,0.7494997978210449
ddf1380bb21b8ce3,1.0,1.0,1.0,1.0,mistral_7b,egalite,0.5283892750740051,0.6313961744308472,0.8198919892311096,0.7801501154899597
de167f69e2e32110,0.0,0.8,1.0,1.0,mistral_7b,meme_ordre,0.3909105658531189,0.45713287591934204,0.78424471616745,0.8446117043495178
de26941ea7c7c569,,1.0,,1.0,mistral_7b,invalide,0.525895357131958,0.5105897188186646,0.8058438897132874,0.8016625046730042
de56d16357a75ef1,0.0,1.0,0.0,1.0,mistral_7b,egalite,0.5096831321716309,0.5740293264389038,0.6825342774391174,0.8052127361297607
deb4cbcdc86d2217,,1.0,,0.8,mistral_7b,invalide,0.4185274541378021,0.47218576073646545,0.8206992745399475,0.7340598106384277
dec6f438be5518f7,1.0,0.8,1.0,0.8,mistral_7b,egalite,0.5499635934829712,0.5680958032608032,0.7943318486213684,0.8082920908927917
dfa76b4cc935ea9d,0.0,1.0,1.0,1.0,mistral_7b,egalite,0.5784130096435547,0.5808145403862,0.7970587611198425,0.8024625778198242
dfe8b5fc506ff213,0.0,1.0,1.0,1.0,mistral_7b,egalite,0.40098297595977783,0.6005196571350098,0.6839571595191956,0.7287430763244629
dff970349743006f,0.0,1.0,0.0,1.0,mistral_7b,egalite,0.49975332617759705,0.4699927270412445,0.8534084558486938,0.8649242520332336
dffcf27ab35c8ab1,0.0,1.0,0.0,1.0,mistral_7b,egalite,0.5269219875335693,0.542840838432312,0.7830548286437988,0.7229624390602112
e06d67d108547684,,1.0,0.0,1.0,mistral_7b,invalide,0.4309385418891907,0.3580935597419739,0.7710364460945129,0.7741320133209229
e12044c887ab2d0e,,1.0,,0.8,mistral_7b,invalide,0.47741150856018066,0.5085151195526123,0.6862044334411621,0.7651519179344177
e1847af0a85b73b9,0.0,1.0,0.0,1.0,mistral_7b,egalite,0.5013323426246643,0.4875468611717224,0.8306112289428711,0.8324829339981079
e1a7e6c91013d697,0.0,,0.0,0.8,mistral_7b,invalide,0.4711446762084961,0.5023736357688904,0.737603485584259,0.7532429695129395
e1b622c1a07b01c9,0.0,1.0,0.0,1.0,mistral_7b,egalite,0.4562082290649414,0.5232733488082886,0.7893334031105042,0.7670015096664429
e1e4ff2e3b3664a1,1.0,1.0,1.0,1.0,mistral_7b,egalite,0.5032604336738586,0.5538991689682007,0.7277307510375977,0.7789506316184998
e1e88153983d6416,0.0,1.0,0.0,1.0,mistral_7b,egalite,0.5120137929916382,0.5406888723373413,0.8367639183998108,0.8662286996841431
e27d8a24b6195c27,0.0,1.0,0.0,1.0,mistral_7b,egalite,0.5374648571014404,0.5360839366912842,0.8381035923957825,0.8254615664482117
e2967551ecbd1d6c,1.0,1.0,1.0,1.0,mistral_7b,egalite,0.5926977396011353,0.5363461375236511,0.7800897359848022,0.7275026440620422
e29e727003766a2e,,1.0,1.0,1.0,mistral_7b,invalide,0.5325407981872559,0.5700454115867615,0.7655558586120605,0.8101982474327087
e2a8c094d8e245ba,0.0,1.0,0.0,1.0,mistral_7b,egalite,0.5052069425582886,0.49798324704170227,0.8202773332595825,0.8119624257087708
e2c050a5e8496b1a,1.0,1.0,,1.0,mistral_7b,invalide,0.5578751564025879,0.5220035910606384,0.8203859925270081,0.8195399641990662
e2fdea546d6c589f,,1.0,,1.0,mistral_7b,invalide,0.4825344383716583,0.4925224781036377,0.7598183155059814,0.8624829649925232
e333835aa2786e79,1.0,1.0,0.0,1.0,mistral_7b,egalite,0.5287370085716248,0.5019867420196533,0.8284405469894409,0.8110380172729492
e34140c5ae2e6845,0.0,1.0,1.0,1.0,mistral_7b,egalite,0.4691041111946106,0.5736958980560303,0.7740123867988586,0.8220173716545105
e352a2310e2523f3,,1.0,,1.0,mistral_7b,invalide,0.48314204812049866,0.4975540339946747,0.8124845623970032,0.8573935627937317
e38b7bda14d30315,1.0,1.0,1.0,1.0,mistral_7b,egalite,0.5497905015945435,0.59149169921875,0.8107556700706482,0.8537300825119019
e3c6559383ae0881,,1.0,,1.0,mistral_7b,invalide,0.5692776441574097,0.5982508659362793,0.73042893409729,0.7924506664276123
e41798d429d78e06,,1.0,1.0,1.0,mistral_7b,invalide,0.44965246319770813,0.6501361131668091,0.7183255553245544,0.8543286323547363
e497b22ebd655863,1.0,0.8,,1.0,mistral_7b,invalide,0.5035765171051025,0.5813494920730591,0.6826688051223755,0.7941991090774536
e56883409c82540c,,1.0,1.0,1.0,mistral_7b,invalide,0.5085005164146423,0.5475106239318848,0.800808846950531,0.780051052570343
e58568b123dcfbf8,1.0,1.0,1.0,1.0,mistral_7b,egalite,0.6559133529663086,0.6714837551116943,0.8306199312210083,0.845219612121582
e5a6771faf8ce951,0.0,1.0,0.0,1.0,mistral_7b,egalite,0.4728149175643921,0.512719452381134,0.8160108327865601,0.7866349220275879
e5f09400d086db9f,0.0,1.0,,1.0,mistral_7b,invalide,0.5903850793838501,0.5582455992698669,0.6866723895072937,0.7506060600280762
e610167900919fd4,1.0,0.8,1.0,0.8,mistral_7b,egalite,0.5929173231124878,0.5898785591125488,0.8325211405754089,0.814082145690918
e65f6dccfc83cee4,0.0,0.8,0.0,1.0,mistral_7b,egalite,0.5256602764129639,0.5242719054222107,0.7623721957206726,0.6932225823402405
e713318cbbd4e025,0.0,1.0,,1.0,mistral_7b,invalide,0.49622002243995667,0.4853864908218384,0.7820312976837158,0.8412445783615112
e721483c0ca07263,1.0,0.8,,1.0,mistral_7b,invalide,0.5660324692726135,0.5756818652153015,0.7207866311073303,0.7893276214599609
e72dc107c52c558f,0.0,1.0,1.0,1.0,mistral_7b,egalite,0.4187942147254944,0.5359916090965271,0.702424943447113,0.7356205582618713
e74519518a6f4df6,,1.0,,1.0,mistral_7b,invalide,0.5816981792449951,0.5853687524795532,0.870542049407959,0.8781078457832336
e807f50c78a8f184,0.0,1.0,0.0,1.0,mistral_7b,egalite,0.5285290479660034,0.5950942039489746,0.7546530961990356,0.7803499698638916
e81a4fb5b2dea5a1,0.0,1.0,,,mistral_7b,invalide,0.48768410086631775,0.6099696159362793,0.7753452062606812,0.7412906885147095
e82141dbcb8a097f,0.0,1.0,0.0,1.0,mistral_7b,egalite,0.48615002632141113,0.48282909393310547,0.8576754927635193,0.8358784914016724
e8ec37bbf45f257c,0.0,0.8,1.0,1.0,mistral_7b,meme_ordre,0.5363993644714355,0.5973475575447083,0.7855570912361145,0.8224614262580872
e93729b2b4196785,1.0,1.0,1.0,1.0,mistral_7b,egalite,0.619064450263977,0.6202913522720337,0.8235337138175964,0.8085092902183533
e9766168d8912076,0.0,1.0,,1.0,mistral_7b,invalide,0.4464769959449768,0.45419222116470337,0.7179460525512695,0.7933801412582397
e9b2c4cd41698286,0.0,1.0,0.0,1.0,mistral_7b,egalite,0.4715026617050171,0.5364847779273987,0.811647891998291,0.7939435839653015
e9f192f25ffa0f88,1.0,1.0,0.0,1.0,mistral_7b,egalite,0.659858226776123,0.6381051540374756,0.8518300652503967,0.8841348886489868
ea8d4b1f59827a46,0.0,1.0,0.0,1.0,mistral_7b,egalite,0.5216169357299805,0.5443025231361389,0.7554700970649719,0.8337493538856506
ead02ae955988e3c,0.0,1.0,1.0,1.0,mistral_7b,egalite,0.5824774503707886,0.6182825565338135,0.7917658686637878,0.8202349543571472
eb26e4737d9da432,1.0,1.0,1.0,1.0,mistral_7b,egalite,0.5010851621627808,0.5722011923789978,0.7325359582901001,0.7849282622337341
eb52e90449375c13,,1.0,,1.0,mistral_7b,invalide,0.5615573525428772,0.5069860219955444,0.788864016532898,0.7257758378982544
ebb7d89033422504,0.0,1.0,,1.0,mistral_7b,invalide,0.4545643925666809,0.48075300455093384,0.7378885746002197,0.7682924270629883
ec002eabc93bf837,0.0,1.0,1.0,1.0,mistral_7b,egalite,0.6069350242614746,0.6172821521759033,0.7731903195381165,0.7348580360412598
ec54afb282b16e88,0.0,1.0,1.0,1.0,mistral_7b,egalite,0.5934595465660095,0.6145626902580261,0.7256714701652527,0.7624595165252686
ecb9cbdba3027557,1.0,0.8,,1.0,mistral_7b,invalide,0.5472618341445923,0.5272458791732788,0.7842883467674255,0.8561801314353943
ed7b90dde049cb22,,1.0,,1.0,mistral_7b,invalide,0.49098140001296997,0.4683234393596649,0.7659729719161987,0.7878833413124084
eda218288846c4a5,0.0,1.0,,1.0,mistral_7b,invalide,0.4812380075454712,0.5175730586051941,0.7974077463150024,0.7860715389251709
ee76c8871f9f5128,0.0,1.0,0.0,1.0,mistral_7b,egalite,0.48896411061286926,0.4812030494213104,0.8224017024040222,0.8363831639289856
ee9c627b750f12e5,0.0,1.0,0.0,1.0,mistral_7b,egalite,0.4895237684249878,0.5579466819763184,0.7658409476280212,0.7584681510925293
ef21d44759e262eb,0.0,1.0,0.0,1.0,mistral_7b,egalite,0.48300909996032715,0.5009735822677612,0.8056961894035339,0.8181213736534119
ef8a834ccb1e662a,1.0,1.0,1.0,1.0,mistral_7b,egalite,0.5808230638504028,0.6257381439208984,0.7555052042007446,0.8305541276931763
efa0687e66e5d388,1.0,1.0,,1.0,mistral_7b,invalide,0.45914578437805176,0.5105882883071899,0.7450350522994995,0.7726199626922607
efbb94b417885803,0.0,1.0,0.0,1.0,mistral_7b,egalite,0.5074145793914795,0.4642637372016907,0.8248809576034546,0.7374200820922852
f04d2cf495eeb31a,0.0,1.0,0.0,1.0,mistral_7b,egalite,0.42912495136260986,0.3743586838245392,0.8657278418540955,0.7940961718559265
f0a44f879baa06ea,0.0,1.0,0.0,1.0,mistral_7b,egalite,0.42190659046173096,0.5566328763961792,0.7442294359207153,0.8389654755592346
f1a34a9dabde6072,0.0,1.0,1.0,1.0,mistral_7b,egalite,0.43027716875076294,0.5876166224479675,0.7481945157051086,0.7337465882301331
f1d1444a5bb2f64a,0.0,1.0,0.0,1.0,mistral_7b,egalite,0.4556107819080353,0.4408116340637207,0.839742124080658,0.8344036936759949
f1ec648dcb443a0d,0.0,1.0,0.0,1.0,mistral_7b,egalite,0.5683395266532898,0.602213978767395,0.8405958414077759,0.8502833247184753
f2e16895cdc0dc54,0.0,1.0,0.0,1.0,mistral_7b,egalite,0.5338979959487915,0.5042991638183594,0.8627207279205322,0.802627444267273
f2f29b73aa45f304,0.0,1.0,0.0,1.0,mistral_7b,egalite,0.45565640926361084,0.46378737688064575,0.8445314168930054,0.7988494634628296
f2fb7a67500e8008,1.0,1.0,1.0,1.0,mistral_7b,egalite,0.6018801927566528,0.7049931287765503,0.7981138825416565,0.840265154838562
f30ea9aed2833177,1.0,1.0,0.0,1.0,mistral_7b,egalite,0.6305301189422607,0.5951207280158997,0.7963131666183472,0.8035874962806702
f40f2761bdd0291a,0.0,1.0,0.0,1.0,mistral_7b,egalite,0.5445024967193604,0.649537205696106,0.5566417574882507,0.6690244674682617
f47c5a31c127c23a,1.0,0.8,1.0,1.0,mistral_7b,egalite,0.5778105854988098,0.6291428804397583,0.7617833614349365,0.7688878178596497
f4c9ecd92e6d9d0e,,1.0,,1.0,mistral_7b,invalide,0.5744333267211914,0.5467686653137207,0.7739133834838867,0.7793818712234497
f5268d157dbdc27c,0.0,1.0,0.0,1.0,mistral_7b,egalite,0.4833794832229614,0.43485015630722046,0.8596345782279968,0.7869294881820679
f5587d62e7e4249f,0.0,1.0,0.0,1.0,mistral_7b,egalite,0.5179892778396606,0.49474212527275085,0.8092350363731384,0.7849256992340088
f566a03761808dec,1.0,1.0,1.0,1.0,mistral_7b,egalite,0.5534375905990601,0.6603865027427673,0.8283969163894653,0.8683122992515564
f595b271f4c5c42a,,1.0,,1.0,mistral_7b,invalide,0.5561832785606384,0.6008649468421936,0.8133165240287781,0.7911520004272461
f5c41fdc3cb46194,1.0,1.0,0.0,1.0,mistral_7b,egalite,0.5101279020309448,0.4931000769138336,0.6669251918792725,0.8771936297416687
f5eae4d9165337ed,1.0,1.0,1.0,1.0,mistral_7b,egalite,0.5592056512832642,0.5287895798683167,0.8452328443527222,0.8322985768318176
f6442367a15f78b1,0.0,1.0,0.0,1.0,mistral_7b,egalite,0.5529204607009888,0.46929049491882324,0.8263087868690491,0.6895132064819336
f64f1b7785646c32,0.0,0.8,1.0,0.8,mistral_7b,egalite,0.4886321425437927,0.5922650098800659,0.7321430444717407,0.746618926525116
f6f2457e7f643e5e,1.0,1.0,0.0,1.0,mistral_7b,egalite,0.5028597116470337,0.4629497528076172,0.8378827571868896,0.8149884343147278
f7e57c46a04b8d18,0.0,1.0,0.0,1.0,mistral_7b,egalite,0.4364321827888489,0.4429405629634857,0.7760970592498779,0.7644190192222595
f81542563a03aa05,1.0,1.0,1.0,1.0,mistral_7b,egalite,0.6532745361328125,0.6482260823249817,0.6876615881919861,0.7647897005081177
f8515e36b57e5daa,1.0,1.0,1.0,1.0,mistral_7b,egalite,0.5313013792037964,0.599090576171875,0.8987503051757812,0.8347285389900208
f85c3714d8ca519b,1.0,1.0,1.0,1.0,mistral_7b,egalite,0.5507772564888,0.6933227181434631,0.5945574045181274,0.7840140461921692
f85ebcb8f145a6d7,0.0,1.0,0.0,1.0,mistral_7b,egalite,0.523439884185791,0.5260546803474426,0.8223315477371216,0.8149145245552063
f8e2b9f04b603d6f,,1.0,,1.0,mistral_7b,invalide,0.5148894190788269,0.5462162494659424,0.7397895455360413,0.7417455911636353
f92a677f8c89de6c,,1.0,,1.0,mistral_7b,invalide,0.5354383587837219,0.5460916757583618,0.6988003253936768,0.6723542213439941
f965fcb86f55e3ac,0.0,1.0,0.0,1.0,mistral_7b,egalite,0.43131059408187866,0.5191517472267151,0.8003321290016174,0.7405915856361389
f9e19c5cd647c353,0.0,1.0,0.0,1.0,mistral_7b,egalite,0.5175167918205261,0.552737832069397,0.7521223425865173,0.7342351078987122
f9e1a5708df7327d,,1.0,,1.0,mistral_7b,invalide,0.6191930770874023,0.5344299674034119,0.8021370768547058,0.7923725247383118
fa075819c46433ec,,1.0,,1.0,mistral_7b,invalide,0.49738866090774536,0.5461721420288086,0.7795848250389099,0.7208385467529297
fa46cda83df6cd5b,1.0,1.0,1.0,0.8,mistral_7b,egalite,0.533383846282959,0.5892895460128784,0.8340024948120117,0.6374502778053284
fa84391729af147b,1.0,1.0,0.0,0.8,mistral_7b,meme_ordre,0.5125781893730164,0.47062981128692627,0.830281138420105,0.816859245300293
fa87b605a0298441,0.0,1.0,0.0,0.8,mistral_7b,egalite,0.4351384937763214,0.464300274848938,0.8304579257965088,0.7964534759521484
fac83f5d7c48e193,1.0,1.0,0.0,1.0,mistral_7b,egalite,0.5231930017471313,0.5477724075317383,0.7913436889648438,0.708091676235199
fb0200d3253a3f62,1.0,1.0,1.0,1.0,mistral_7b,egalite,0.5848174095153809,0.5551175475120544,0.826447069644928,0.8045923113822937
fc61842f02d06c1b,0.0,1.0,0.0,1.0,mistral_7b,egalite,0.4746719002723694,0.4718469977378845,0.7895206809043884,0.8127629160881042
fc6ea29b977b7eea,0.0,1.0,0.0,1.0,mistral_7b,egalite,0.4418473243713379,0.45011234283447266,0.7626401782035828,0.7764983773231506
fcc80eef3db55bc2,0.0,1.0,0.0,1.0,mistral_7b,egalite,0.4338771104812622,0.43558764457702637,0.782649040222168,0.8067839741706848
fd161476ea4963f4,1.0,1.0,0.0,1.0,mistral_7b,egalite,0.4888033866882324,0.4223487377166748,0.7948191165924072,0.7749454975128174
fd8220dd4d0e6e73,0.0,1.0,0.0,1.0,mistral_7b,egalite,0.5487706065177917,0.5667195320129395,0.7924529314041138,0.7856813669204712
fdac6d41e5ed2840,,1.0,,1.0,mistral_7b,invalide,0.5265406370162964,0.5024555921554565,0.7961017489433289,0.7899549603462219
fdf1d731b5593c9e,1.0,1.0,1.0,1.0,mistral_7b,egalite,0.5849968194961548,0.6805416941642761,0.8434224724769592,0.8374682664871216
fdf6d5b46ff1f104,1.0,0.8,,0.8,mistral_7b,invalide,0.6576815843582153,0.573668897151947,0.7908335328102112,0.70998215675354
fe66ea8590dff7c8,0.0,1.0,0.0,1.0,mistral_7b,egalite,0.4386436641216278,0.48882830142974854,0.7449352145195007,0.7823935151100159
feb8313fef210298,,1.0,0.0,1.0,mistral_7b,invalide,0.45621389150619507,0.48132097721099854,0.690302312374115,0.8317852020263672
feb84bcc1543238c,0.0,1.0,0.0,1.0,mistral_7b,egalite,0.42024368047714233,0.4186207354068756,0.7854495644569397,0.7617037892341614
ff128283a9f919bd,0.0,1.0,0.0,1.0,mistral_7b,egalite,0.4544425904750824,0.5309090614318848,0.79756760597229,0.7777983546257019
ff20b86d53d59696,1.0,0.8,,0.8,mistral_7b,invalide,0.6277520656585693,0.549054741859436,0.765916109085083,0.6953515410423279
ff8a5ccb10bb650b,0.0,1.0,1.0,1.0,mistral_7b,egalite,0.5325703620910645,0.5368826985359192,0.802764356136322,0.7022225856781006
fff9c35b418eecd2,0.0,1.0,,1.0,mistral_7b,invalide,0.407467246055603,0.5107473731040955,0.7939998507499695,0.8085946440696716
00789db244eaee0f,1.0,1.0,1.0,1.0,qwen2_5_7b,egalite,0.9939043521881104,0.9659184217453003,0.8714891672134399,0.6477916836738586
01461d489206b211,1.0,1.0,0.1,0.0,qwen2_5_7b,meme_ordre,0.97865891456604,0.3512793779373169,0.8706480264663696,0.17324510216712952
01947b22d18938b7,1.0,1.0,1.0,0.9,qwen2_5_7b,egalite,0.99745112657547,0.9994409084320068,0.5389869213104248,0.836834192276001
0292664fc85e3208,1.0,0.0,1.0,0.0,qwen2_5_7b,egalite,0.9799764752388,0.9132128357887268,0.4745192527770996,0.4847062826156616
02e4265adf619cd2,1.0,0.0,1.0,0.9,qwen2_5_7b,egalite,0.7810776233673096,0.9837567806243896,0.22711637616157532,0.6781470775604248
03338f3d3818274f,1.0,1.0,1.0,0.0,qwen2_5_7b,egalite,0.9990882873535156,0.9945351481437683,0.6754839420318604,0.4786211848258972
03417ae0074719a8,0.1,0.0,1.0,1.0,qwen2_5_7b,meme_ordre,0.1292991191148758,0.9999575018882751,0.4005252718925476,0.8606591820716858
03555a497179045f,1.0,0.9,1.0,0.0,qwen2_5_7b,egalite,0.9981977939605713,0.9892125129699707,0.56090247631073,0.4206407368183136
03d27f8139cfc13a,1.0,0.0,1.0,0.7000000000000001,qwen2_5_7b,egalite,0.9820337891578674,0.8273659348487854,0.06418739259243011,0.6224035620689392
04720516edac2b9e,1.0,0.0,1.0,0.9,qwen2_5_7b,egalite,0.9981327056884766,0.9725950956344604,0.17330655455589294,0.8392458558082581
04ca621cd2d4398a,1.0,0.9,1.0,0.9,qwen2_5_7b,egalite,0.9732859134674072,0.9838602542877197,0.7115846276283264,0.7341223359107971
0626daa9dff9e7cc,1.0,0.0,1.0,0.0,qwen2_5_7b,egalite,0.98397296667099,0.9769434928894043,0.36049750447273254,0.4453456699848175
0634c87647c66be7,1.0,0.7000000000000001,1.0,1.0,qwen2_5_7b,egalite,0.9840623736381531,0.8863635659217834,0.5952578783035278,0.7836436629295349
065bb8cae33e2560,1.0,0.0,1.0,0.7000000000000001,qwen2_5_7b,egalite,0.8788642287254333,0.9470721483230591,0.13291692733764648,0.5077023506164551
0667a3ed1354489b,1.0,0.0,1.0,0.0,qwen2_5_7b,egalite,0.9889059662818909,0.9680672287940979,0.3622356355190277,0.14685119688510895
0674b477ab743871,0.30000000000000004,0.7000000000000001,1.0,0.9,qwen2_5_7b,meme_ordre,0.46763867139816284,0.9177395701408386,0.5921359658241272,0.8462796211242676
06b571880f403ecd,1.0,0.0,1.0,0.9,qwen2_5_7b,egalite,0.5269938707351685,0.9539358615875244,0.3818455934524536,0.6477943062782288
06f6288b4814ca3c,1.0,0.0,1.0,1.0,qwen2_5_7b,egalite,0.9368954300880432,0.9806731343269348,0.210660919547081,0.5700146555900574
06fc88a33aab307a,1.0,0.0,1.0,0.0,qwen2_5_7b,egalite,0.8445311784744263,0.9099196195602417,0.36469486355781555,0.5296347737312317
072cb9f2d511d84b,0.1,0.7000000000000001,1.0,0.0,qwen2_5_7b,inversion_stricte,0.1855689138174057,0.7690334320068359,0.5198917388916016,0.2894923686981201
079ef7db5cfc17dd,1.0,0.0,1.0,1.0,qwen2_5_7b,egalite,0.5620294809341431,0.9874539971351624,0.23148475587368011,0.7003526091575623
083721e9baf53b04,0.1,0.0,1.0,0.9,qwen2_5_7b,meme_ordre,0.35398155450820923,0.9994843006134033,0.2868596315383911,0.7459824681282043
083dda683f3d77a3,1.0,1.0,1.0,1.0,qwen2_5_7b,egalite,0.9652120471000671,0.9373790621757507,0.5934928059577942,0.6900830268859863
08c6791aa311a1c0,1.0,0.9,1.0,0.7000000000000001,qwen2_5_7b,egalite,0.9843840003013611,0.9590921401977539,0.7768409252166748,0.6572718620300293
0936a185618fea23,1.0,1.0,1.0,1.0,qwen2_5_7b,egalite,0.9816082119941711,0.9632624983787537,0.8286881446838379,0.730542778968811
094610fe753972bf,1.0,1.0,1.0,1.0,qwen2_5_7b,egalite,0.999966025352478,0.9995686411857605,0.9874429702758789,0.9194661974906921
09646b9c298454f8,1.0,0.0,0.1,0.1,qwen2_5_7b,inversion_stricte,0.9864703416824341,0.31068235635757446,0.1901084929704666,0.11935833841562271
097017e1fc02cead,1.0,1.0,0.1,0.0,qwen2_5_7b,meme_ordre,0.9997230172157288,0.1502174437046051,0.4864475727081299,0.17508766055107117
0972a3e4bea2d2ed,1.0,0.0,1.0,0.0,qwen2_5_7b,egalite,0.9958810806274414,0.9613396525382996,0.40980982780456543,0.2689021825790405
09903c5c86533ccc,1.0,1.0,0.1,0.0,qwen2_5_7b,meme_ordre,0.9993564486503601,0.30277979373931885,0.5912649035453796,0.11826713383197784
09b3ae7d34a6a05b,1.0,1.0,1.0,0.9,qwen2_5_7b,egalite,0.9989029765129089,0.9890164732933044,0.8687191009521484,0.6452025771141052
09d9d19f3f5df381,1.0,0.0,1.0,0.0,qwen2_5_7b,egalite,0.9477952122688293,0.9303873777389526,0.3639164865016937,0.5019606351852417
09df2f516f2c6d8f,1.0,0.7000000000000001,1.0,0.7000000000000001,qwen2_5_7b,egalite,0.9785776138305664,0.9744333624839783,0.5270227789878845,0.6233066320419312
09e509fa6d05b49c,1.0,1.0,1.0,0.9,qwen2_5_7b,egalite,0.9975061416625977,0.9963381290435791,0.8367237448692322,0.8558840155601501
0a651c68bbd2cf15,0.1,0.0,1.0,0.7000000000000001,qwen2_5_7b,meme_ordre,0.21387653052806854,0.8948870897293091,0.2930834889411926,0.5418730974197388
0a84f0cb2f7ab820,1.0,0.0,1.0,1.0,qwen2_5_7b,egalite,0.9815970063209534,0.9873114824295044,0.44268175959587097,0.6316694617271423
0ac9935f288c9acb,1.0,1.0,1.0,1.0,qwen2_5_7b,egalite,0.9945216774940491,0.9986190795898438,0.8967423439025879,0.9139984846115112
0add26f12b0cf0e2,1.0,0.0,1.0,1.0,qwen2_5_7b,egalite,0.8330170512199402,0.9999582171440125,0.3004991114139557,0.9336132407188416
0ae9b7c4212a2c7e,1.0,0.7000000000000001,1.0,0.9,qwen2_5_7b,egalite,0.8383231163024902,0.9930505156517029,0.5642048120498657,0.6811647415161133
0b0a9b38e0fe59f1,1.0,0.0,1.0,0.7000000000000001,qwen2_5_7b,egalite,0.9599553942680359,0.8530983924865723,0.5264264941215515,0.5388306975364685
0b477f31c649f71d,1.0,1.0,1.0,0.7000000000000001,qwen2_5_7b,egalite,0.910591185092926,0.8700771331787109,0.76008540391922,0.6380334496498108
0b74ab9a07f476ed,1.0,0.0,1.0,0.0,qwen2_5_7b,egalite,0.9990980625152588,0.7971470355987549,0.18951724469661713,0.39171358942985535
0b9a2d690eab6cd0,1.0,1.0,1.0,0.9,qwen2_5_7b,egalite,0.9993991255760193,0.9991042613983154,0.8355976343154907,0.8173325657844543
0c1005ef28f9bcaf,1.0,1.0,1.0,0.9,qwen2_5_7b,egalite,0.9991506338119507,0.9961118102073669,0.8015881776809692,0.6028233170509338
0c2c12586aa084ce,1.0,0.0,1.0,0.7000000000000001,qwen2_5_7b,egalite,0.9625223278999329,0.8914152979850769,0.28900039196014404,0.46924784779548645
0c64a6baf7f53277,1.0,1.0,1.0,0.9,qwen2_5_7b,egalite,0.9999029636383057,0.9959448575973511,0.8774768710136414,0.5195070505142212
0d3a2e5711474cbe,1.0,0.0,1.0,0.0,qwen2_5_7b,egalite,0.7076022624969482,0.9365260601043701,0.3175794780254364,0.17624829709529877
0d53eba319f97e83,1.0,0.0,1.0,0.0,qwen2_5_7b,egalite,0.9995771050453186,0.836246132850647,0.19049228727817535,0.13920754194259644
0d60452136dd09d7,1.0,0.0,1.0,0.0,qwen2_5_7b,egalite,0.9975162148475647,0.959424614906311,0.2957124710083008,0.0992136150598526
0d82030243eecae4,1.0,0.9,1.0,0.9,qwen2_5_7b,egalite,0.9938992857933044,0.9756641387939453,0.8216813206672668,0.6683520674705505
0dec270715300684,1.0,0.0,1.0,0.0,qwen2_5_7b,egalite,0.9975768327713013,0.9950105547904968,0.15099336206912994,0.3192237615585327
0e271f12b70ab3bb,1.0,0.9,0.1,0.7000000000000001,qwen2_5_7b,meme_ordre,0.9787259101867676,0.13248693943023682,0.7477309703826904,0.43423083424568176
0e59334afc751d3b,1.0,0.0,1.0,0.9,qwen2_5_7b,egalite,0.9936546683311462,0.9896717071533203,0.09731589257717133,0.6423736214637756
0eb1b2af42b01dce,1.0,0.0,1.0,0.9,qwen2_5_7b,egalite,0.9849592447280884,0.9850873351097107,0.484201043844223,0.8251544833183289
0f2bb168efa83c85,1.0,0.0,1.0,0.0,qwen2_5_7b,egalite,0.9956546425819397,0.9629337787628174,0.23653261363506317,0.057273656129837036
0ff57926ec6a3e29,1.0,0.7000000000000001,1.0,1.0,qwen2_5_7b,egalite,0.9764211773872375,0.9995435476303101,0.5419781804084778,0.5355470180511475
0ffcb56c8ced3b14,1.0,0.0,1.0,0.0,qwen2_5_7b,egalite,0.9718086123466492,0.6501365303993225,0.15330278873443604,0.21667355298995972
1016c4c6cd45de22,1.0,0.9,1.0,1.0,qwen2_5_7b,egalite,0.9915801882743835,0.9875317811965942,0.7043462991714478,0.5390361547470093
102ac47cf38b8e80,1.0,0.9,1.0,0.9,qwen2_5_7b,egalite,0.9995620846748352,0.9940149784088135,0.6247458457946777,0.5682244896888733
107d9bf661accfa2,1.0,0.0,1.0,0.9,qwen2_5_7b,egalite,0.9566550850868225,0.993328332901001,0.22501210868358612,0.6733669638633728
108223d91d2c7db7,1.0,0.0,0.1,0.0,qwen2_5_7b,egalite,0.9716528654098511,0.3463558852672577,0.13778990507125854,0.270305871963501
10ad3d8fbfc3b0aa,1.0,0.7000000000000001,1.0,0.7000000000000001,qwen2_5_7b,egalite,0.5874662399291992,0.9717448353767395,0.5358758568763733,0.5738367438316345
110bd5b14a4e51ff,1.0,0.9,1.0,1.0,qwen2_5_7b,egalite,0.953635036945343,0.992249608039856,0.67350172996521,0.7233824729919434
110fff933a8f3d32,1.0,0.7000000000000001,1.0,0.7000000000000001,qwen2_5_7b,egalite,0.988158643245697,0.9961625933647156,0.5109474658966064,0.5038197636604309
115eca902298d4ac,1.0,1.0,1.0,1.0,qwen2_5_7b,egalite,0.9853031635284424,0.9928038716316223,0.9590922594070435,0.9836632013320923
1171aa032eaf9964,1.0,0.0,1.0,0.0,qwen2_5_7b,egalite,0.5204099416732788,0.7389947175979614,0.14949822425842285,0.4258961081504822
119e1d0913bc86f0,1.0,0.9,1.0,0.0,qwen2_5_7b,egalite,0.9971967339515686,0.9673814177513123,0.8113210201263428,0.3468446433544159
122ab70aec22fc5e,1.0,0.0,1.0,0.0,qwen2_5_7b,egalite,0.9986553192138672,0.9938629269599915,0.4563398063182831,0.41131189465522766
1258e46cc95bcec6,1.0,1.0,1.0,0.0,qwen2_5_7b,egalite,0.994850218296051,0.5773440599441528,0.7792081832885742,0.3507690727710724
125ef41578ebb500,1.0,0.7000000000000001,1.0,1.0,qwen2_5_7b,egalite,0.989639163017273,0.9182286858558655,0.4872709810733795,0.7081990838050842
128ffefefb991e21,1.0,0.9,1.0,0.9,qwen2_5_7b,egalite,0.9994346499443054,0.9880595803260803,0.8878287076950073,0.5903446674346924
12abe451fe448350,1.0,0.7000000000000001,1.0,0.0,qwen2_5_7b,egalite,0.9360356330871582,0.8712428212165833,0.5386951565742493,0.3529587686061859
12c16a2af8ec8b86,1.0,0.0,1.0,0.0,qwen2_5_7b,egalite,0.9810118675231934,0.9507480263710022,0.2188647836446762,0.349216103553772
12d50ea972dd7999,1.0,0.7000000000000001,1.0,0.7000000000000001,qwen2_5_7b,egalite,0.9215600490570068,0.6326518058776855,0.602397620677948,0.4293636977672577
13409c010ee8fae1,1.0,0.7000000000000001,1.0,0.7000000000000001,qwen2_5_7b,egalite,0.9864397048950195,0.9972681999206543,0.5913474559783936,0.6209237575531006
1368ad6ec07df993,1.0,1.0,1.0,0.0,qwen2_5_7b,egalite,0.9530166983604431,0.9751542210578918,0.6708886027336121,0.20820099115371704
1382fe95caf31909,1.0,1.0,1.0,1.0,qwen2_5_7b,egalite,0.9787315130233765,0.9962817430496216,0.6199008822441101,0.7013841271400452
13973c64b67afa69,1.0,1.0,1.0,0.0,qwen2_5_7b,egalite,0.9882633090019226,0.9170425534248352,0.8830254673957825,0.3309476673603058
13f1c167f80b3c86,1.0,1.0,1.0,1.0,qwen2_5_7b,egalite,0.9864402413368225,0.9655171036720276,0.6671015620231628,0.7500802874565125
140ea212b8f6441b,1.0,1.0,1.0,0.0,qwen2_5_7b,egalite,0.9971359372138977,0.9410635828971863,0.5591090321540833,0.07922767102718353
14216d32ec79e316,1.0,1.0,1.0,1.0,qwen2_5_7b,egalite,0.9998304843902588,0.9988800883293152,0.8753703236579895,0.7381302118301392
1437dca36cb6af4a,1.0,0.9,1.0,1.0,qwen2_5_7b,egalite,0.9921872615814209,0.9949108958244324,0.7034339308738708,0.8377676606178284
1440d36c1537b1a4,1.0,0.9,1.0,0.9,qwen2_5_7b,egalite,0.986587405204773,0.9830949306488037,0.5523199439048767,0.7397416234016418
148666b2d26e4fdc,1.0,0.7000000000000001,1.0,0.7000000000000001,qwen2_5_7b,egalite,0.9427064061164856,0.9387466907501221,0.5953893661499023,0.5151366591453552
1584ba4b601c29a4,1.0,0.7000000000000001,1.0,1.0,qwen2_5_7b,egalite,0.9892730712890625,0.9707499146461487,0.5561617016792297,0.6912465691566467
16bd6d87305f1b98,1.0,1.0,1.0,0.9,qwen2_5_7b,egalite,0.9363842606544495,0.9414535760879517,0.6387974619865417,0.8647016882896423
16f35a986f1aee62,1.0,0.0,0.30000000000000004,0.7000000000000001,qwen2_5_7b,inversion_stricte,0.9543381333351135,0.6386911273002625,0.4508056044578552,0.5255184173583984
1811a164271f1361,0.1,0.0,1.0,0.0,qwen2_5_7b,egalite,0.1331843137741089,0.9561387300491333,0.2397191971540451,0.2760884761810303
1842a4e44d0d0263,1.0,0.0,1.0,0.0,qwen2_5_7b,egalite,0.9994372129440308,0.9630416035652161,0.17851068079471588,0.26929113268852234
1855fd7637ca921d,1.0,0.9,1.0,0.9,qwen2_5_7b,egalite,0.9916671514511108,0.9983810782432556,0.7099342942237854,0.7131686210632324
18df09c730204788,1.0,0.0,1.0,0.0,qwen2_5_7b,egalite,0.9891691207885742,0.9918984174728394,0.27054283022880554,0.43976902961730957
1963335d917b3592,1.0,0.7000000000000001,1.0,0.0,qwen2_5_7b,egalite,0.9770984053611755,0.9520481824874878,0.4776231348514557,0.36090990900993347
1a6346c1e755a1ab,0.1,0.0,1.0,0.7000000000000001,qwen2_5_7b,meme_ordre,0.13732680678367615,0.8588324785232544,0.2512351870536804,0.48107418417930603
1a66a10e09b98bb6,0.1,0.7000000000000001,1.0,1.0,qwen2_5_7b,meme_ordre,0.1599346548318863,0.9942576885223389,0.548150897026062,0.7397881746292114
1a6f1b65325a5bf9,1.0,0.7000000000000001,1.0,0.7000000000000001,qwen2_5_7b,egalite,0.9691286683082581,0.9723898768424988,0.7019661068916321,0.6175568699836731
1b7b453a8c92500d,1.0,1.0,1.0,1.0,qwen2_5_7b,egalite,0.9996033906936646,0.9999005794525146,0.9688637256622314,0.9885522723197937
1bd8539ddd8e9753,1.0,0.7000000000000001,1.0,1.0,qwen2_5_7b,egalite,0.9713696241378784,0.920087456703186,0.5327995419502258,0.6596068143844604
1bef490e9fc8b8a5,0.5,0.0,1.0,1.0,qwen2_5_7b,meme_ordre,0.5520533323287964,0.9998047947883606,0.3766767680644989,0.8019708395004272
1c00f4ad8c05671e,1.0,0.0,0.1,0.0,qwen2_5_7b,egalite,0.9991219639778137,0.29339921474456787,0.18190549314022064,0.06002222001552582
1c6233c5c9d67094,1.0,0.0,0.1,0.0,qwen2_5_7b,egalite,0.971773087978363,0.22044900059700012,0.1583339273929596,0.33421987295150757
1c6bdae058932db0,1.0,0.0,0.1,0.1,qwen2_5_7b,inversion_stricte,0.9046942591667175,0.30705058574676514,0.058081962168216705,0.08041199296712875
1c912683e1747b56,1.0,0.7000000000000001,1.0,0.7000000000000001,qwen2_5_7b,egalite,0.658395528793335,0.9946693181991577,0.555900514125824,0.604137122631073
1cb261c1e117ea71,1.0,1.0,1.0,1.0,qwen2_5_7b,egalite,0.9892675280570984,0.9862926602363586,0.5735832452774048,0.6602318286895752
1d0edad736c26a23,1.0,0.0,1.0,1.0,qwen2_5_7b,egalite,0.9973392486572266,0.9972389936447144,0.11408921331167221,0.510164737701416
1d93001803348dc8,1.0,0.7000000000000001,0.30000000000000004,0.7000000000000001,qwen2_5_7b,egalite,0.8733202219009399,0.6306030750274658,0.5056017637252808,0.5838661193847656
1db6879ab09ee566,1.0,0.9,1.0,0.0,qwen2_5_7b,egalite,0.9610269069671631,0.9361048340797424,0.7380428314208984,0.41736528277397156
1eac5b461888a05a,0.1,0.0,0.30000000000000004,0.7000000000000001,qwen2_5_7b,meme_ordre,0.2371014654636383,0.5819116830825806,0.42119577527046204,0.5047788023948669
1eb1d4134dc08f2b,1.0,1.0,1.0,1.0,qwen2_5_7b,egalite,0.9999209046363831,0.9997521638870239,0.949844241142273,0.81205815076828
202e7f37edc7f1ce,1.0,0.0,0.1,0.0,qwen2_5_7b,egalite,0.9582653045654297,0.3069913983345032,0.13716134428977966,0.42189905047416687
2035ff608d2218fb,1.0,0.0,1.0,0.0,qwen2_5_7b,egalite,0.9980381727218628,0.8412562608718872,0.32484862208366394,0.10531194508075714
207f9355574117ad,1.0,0.0,0.30000000000000004,0.0,qwen2_5_7b,egalite,0.6392852067947388,0.6014901399612427,0.2892579734325409,0.10824490338563919
2090d421634c0ff1,1.0,0.0,0.1,0.0,qwen2_5_7b,egalite,0.9856781363487244,0.17139342427253723,0.12989601492881775,0.390907347202301
21069fe60641ac1a,0.1,0.0,1.0,0.9,qwen2_5_7b,meme_ordre,0.26246076822280884,0.8124566078186035,0.39742526412010193,0.9025419354438782
2156503933a78937,1.0,0.9,0.1,0.7000000000000001,qwen2_5_7b,meme_ordre,0.9723829627037048,0.5098605751991272,0.834091067314148,0.4805052578449249
2175ae30946371b5,1.0,1.0,1.0,0.9,qwen2_5_7b,egalite,0.9999787211418152,0.9893029928207397,0.8657913208007812,0.6360658407211304
22417d4db841ddc8,1.0,0.0,0.1,0.7000000000000001,qwen2_5_7b,inversion_stricte,0.9929820895195007,0.4970334768295288,0.07093709707260132,0.4175347685813904
224b8fa4321f0269,0.1,0.0,1.0,0.9,qwen2_5_7b,meme_ordre,0.21205386519432068,0.990487277507782,0.21366696059703827,0.7801570296287537
2273f95aba13db2c,1.0,0.0,1.0,1.0,qwen2_5_7b,egalite,0.9009806513786316,0.999967634677887,0.05421748757362366,0.8625150918960571
2286919c4314a438,0.1,0.0,1.0,0.9,qwen2_5_7b,meme_ordre,0.30925026535987854,0.8601425886154175,0.24261431396007538,0.5352615714073181
235260fe8de0a7cb,1.0,0.9,1.0,0.7000000000000001,qwen2_5_7b,egalite,0.9364744424819946,0.9146990180015564,0.8227715492248535,0.7232055068016052
235ccf0a9c5ac568,1.0,1.0,1.0,0.0,qwen2_5_7b,egalite,0.9793254733085632,0.887571394443512,0.6317353844642639,0.4222307801246643
245bfabbc11c7a02,1.0,1.0,0.9,0.1,qwen2_5_7b,meme_ordre,0.9984774589538574,0.9330549836158752,0.7359312176704407,0.14992842078208923
25b631198a356a03,1.0,0.9,1.0,0.9,qwen2_5_7b,egalite,0.9269769191741943,0.8162672519683838,0.6768702864646912,0.6905041933059692
26119a37ec8798e4,1.0,1.0,1.0,1.0,qwen2_5_7b,egalite,0.9992285966873169,0.9994071125984192,0.770932674407959,0.8247357606887817
26a29080b3242ced,1.0,0.9,1.0,0.9,qwen2_5_7b,egalite,0.988291323184967,0.9938684701919556,0.7612125277519226,0.6492397785186768
26cb0609cba69172,1.0,0.0,0.30000000000000004,0.7000000000000001,qwen2_5_7b,inversion_stricte,0.9516971111297607,0.5875404477119446,0.3749980032444,0.5469101071357727
26f91f23fcd037f3,1.0,0.0,1.0,0.7000000000000001,qwen2_5_7b,egalite,0.9943260550498962,0.8904752731323242,0.43339601159095764,0.4796677827835083
27b740704724074f,0.1,0.0,0.30000000000000004,0.7000000000000001,qwen2_5_7b,meme_ordre,0.32398271560668945,0.4448857307434082,0.22778719663619995,0.5785070657730103
27ba3026638b0d62,1.0,1.0,1.0,1.0,qwen2_5_7b,egalite,0.9867711663246155,0.984599232673645,0.482715904712677,0.6229069232940674
27d04f47837c25eb,1.0,0.7000000000000001,1.0,0.7000000000000001,qwen2_5_7b,egalite,0.8628700971603394,0.8301817178726196,0.5221469402313232,0.522494912147522
27e5590e3c355612,1.0,1.0,1.0,1.0,qwen2_5_7b,egalite,0.9908090233802795,0.9887804985046387,0.7609805464744568,0.856142520904541
28e88d850e897345,1.0,0.7000000000000001,1.0,1.0,qwen2_5_7b,egalite,0.815302848815918,0.9988451600074768,0.5199606418609619,0.7309995889663696
29efa3e04565c90f,1.0,1.0,1.0,0.0,qwen2_5_7b,egalite,0.9802327752113342,0.8864167928695679,0.5912498235702515,0.47465240955352783
2a40eb88f48c56d2,1.0,1.0,0.30000000000000004,0.7000000000000001,qwen2_5_7b,meme_ordre,0.9933544397354126,0.4980437755584717,0.5143259763717651,0.4636962413787842
2b4baced699ad5ac,1.0,0.7000000000000001,1.0,0.0,qwen2_5_7b,egalite,0.9969499707221985,0.9804856181144714,0.5245731472969055,0.5186949372291565
2b7df4ad1fdd15f4,1.0,1.0,1.0,1.0,qwen2_5_7b,egalite,0.9960474371910095,0.9878105521202087,0.7720338106155396,0.7489215135574341
2cba572abc4bbf33,1.0,0.7000000000000001,0.1,0.0,qwen2_5_7b,meme_ordre,0.8474330306053162,0.23071712255477905,0.46560925245285034,0.3048537075519562
2cdf2fb89fb25c01,1.0,1.0,1.0,1.0,qwen2_5_7b,egalite,0.9995526075363159,0.9992112517356873,0.9010335206985474,0.9069463610649109
2ce9cedd6b2f649a,0.1,0.7000000000000001,1.0,0.7000000000000001,qwen2_5_7b,egalite,0.2291441261768341,0.7100850343704224,0.47096771001815796,0.6491805911064148
2cfed28d392e9183,1.0,0.9,1.0,1.0,qwen2_5_7b,egalite,0.9664127230644226,0.9983440041542053,0.6346435546875,0.703635573387146
2d0b89331216e298,0.1,0.0,0.1,0.0,qwen2_5_7b,egalite,0.18442535400390625,0.215250164270401,0.34779658913612366,0.2821538746356964
2d57428b016a175a,1.0,0.7000000000000001,1.0,0.9,qwen2_5_7b,egalite,0.9461473226547241,0.9765262007713318,0.4622495770454407,0.8407405018806458
2dc5c33c1e8f1832,1.0,0.0,1.0,1.0,qwen2_5_7b,egalite,0.9965172410011292,0.9976406693458557,0.45983368158340454,0.715520977973938
2e1877c8519e103a,1.0,0.0,0.1,0.0,qwen2_5_7b,egalite,0.8436441421508789,0.5744032859802246,0.4412694275379181,0.29482942819595337
2e286d136821bbe7,1.0,1.0,1.0,1.0,qwen2_5_7b,egalite,0.9995447397232056,0.9996582269668579,0.7415838241577148,0.7505301833152771
2eb811f240bddc6e,1.0,0.0,1.0,1.0,qwen2_5_7b,egalite,0.8611952662467957,0.9998441338539124,0.09699899703264236,0.5518450736999512
2ebea5a20d550e42,1.0,0.0,1.0,0.7000000000000001,qwen2_5_7b,egalite,0.9515844583511353,0.8751757740974426,0.4299352169036865,0.5315903425216675
2f424852a1361414,1.0,0.5,0.1,0.0,qwen2_5_7b,meme_ordre,0.9757452011108398,0.46535205841064453,0.38543370366096497,0.3314448893070221
2fbeadba295f1283,1.0,0.0,1.0,1.0,qwen2_5_7b,egalite,0.8781614303588867,0.8971235156059265,0.3155200779438019,0.5602011680603027
301c90a857082716,1.0,1.0,0.1,0.7000000000000001,qwen2_5_7b,meme_ordre,0.9985902905464172,0.26155152916908264,0.605850100517273,0.4365091025829315
3044e9b5834d5c8c,1.0,0.0,0.1,0.0,qwen2_5_7b,egalite,0.9994056820869446,0.15451779961585999,0.23421160876750946,0.16024470329284668
304d73107e78a347,1.0,1.0,1.0,0.9,qwen2_5_7b,egalite,0.9989544749259949,0.9930183291435242,0.7469003796577454,0.577577531337738
307450e0dcbfc217,1.0,0.0,1.0,0.0,qwen2_5_7b,egalite,0.9971255660057068,0.9907853007316589,0.2567810118198395,0.33038705587387085
30c72e16626686df,1.0,0.0,1.0,0.0,qwen2_5_7b,egalite,0.9991552233695984,0.8914574384689331,0.18421970307826996,0.11709988862276077
3133853edbc1d206,1.0,0.0,1.0,0.0,qwen2_5_7b,egalite,0.9880293011665344,0.9370999336242676,0.22254182398319244,0.20577871799468994
31a146b377c334ec,1.0,1.0,1.0,0.9,qwen2_5_7b,egalite,0.999809741973877,0.9992929697036743,0.8353394865989685,0.859941840171814
31a228d3a2265efd,1.0,0.7000000000000001,1.0,0.0,qwen2_5_7b,egalite,0.8188563585281372,0.7074447274208069,0.4262172281742096,0.3696100413799286
31c6ad0bede05f6f,1.0,0.7000000000000001,1.0,0.0,qwen2_5_7b,egalite,0.8728270530700684,0.8864359259605408,0.596248984336853,0.30223676562309265
320ae78b696af6d7,1.0,1.0,1.0,0.0,qwen2_5_7b,egalite,0.9085018634796143,0.8599273562431335,0.6062973141670227,0.419587105512619
32129819edf4b4a6,1.0,1.0,0.1,0.0,qwen2_5_7b,meme_ordre,0.9998358488082886,0.19370678067207336,0.9062572121620178,0.08847847580909729
329fa18666725719,1.0,0.0,1.0,1.0,qwen2_5_7b,egalite,0.9754205942153931,0.9821922779083252,0.16727446019649506,0.4408521056175232
32cea137da76b1c5,1.0,0.0,1.0,1.0,qwen2_5_7b,egalite,0.7000808715820312,0.9961879253387451,0.2985738515853882,0.679919421672821
330636641b2e79fb,1.0,1.0,0.1,0.0,qwen2_5_7b,meme_ordre,0.9998666644096375,0.17485785484313965,0.9050144553184509,0.07261589169502258
334e6774d9e35bec,1.0,0.7000000000000001,1.0,0.7000000000000001,qwen2_5_7b,egalite,0.9511953592300415,0.959669828414917,0.6297490000724792,0.5925770998001099
3386ad2e97662b5b,0.1,0.0,1.0,1.0,qwen2_5_7b,meme_ordre,0.11258971691131592,0.9980890154838562,0.3639776408672333,0.949083685874939
33cea334cdda4297,1.0,0.0,1.0,0.0,qwen2_5_7b,egalite,0.9796486496925354,0.7230201959609985,0.3623374104499817,0.2473975569009781
34054ba8a6d4ffd5,0.1,0.0,1.0,0.0,qwen2_5_7b,egalite,0.36120253801345825,0.9002333283424377,0.2787581980228424,0.4472215473651886
342ce9a5b0a08f34,1.0,1.0,1.0,1.0,qwen2_5_7b,egalite,0.9789218902587891,0.9167025685310364,0.8366706371307373,0.8899251222610474
34e958c099b169fd,0.1,0.0,1.0,0.7000000000000001,qwen2_5_7b,meme_ordre,0.3024075925350189,0.9588150978088379,0.209929421544075,0.5486742258071899
360c8590a9a2698e,1.0,0.0,1.0,1.0,qwen2_5_7b,egalite,0.7614796161651611,0.9753693342208862,0.35355520248413086,0.7095662355422974
36530219910e14a4,1.0,1.0,0.1,0.0,qwen2_5_7b,meme_ordre,0.9793944954872131,0.18258816003799438,0.7045567631721497,0.12606172263622284
366dd7a9592c0d76,1.0,0.9,1.0,0.9,qwen2_5_7b,egalite,0.9997486472129822,0.9951338768005371,0.8546571135520935,0.6863604187965393
3773509fd95d720e,1.0,0.0,1.0,0.1,qwen2_5_7b,egalite,0.952982485294342,0.6934707164764404,0.21774767339229584,0.08641833811998367
3796934130117f63,0.1,0.0,1.0,0.0,qwen2_5_7b,egalite,0.1888214349746704,0.9176297187805176,0.25782886147499084,0.2426362931728363
37a25db3acefb124,1.0,1.0,1.0,1.0,qwen2_5_7b,egalite,0.99638831615448,0.705165445804596,0.8024550080299377,0.6472948789596558
37ce2968ca16b42d,0.1,0.0,1.0,0.9,qwen2_5_7b,meme_ordre,0.17467516660690308,0.9787185192108154,0.2822621166706085,0.7795664072036743
3823e6268fcc1164,1.0,0.0,1.0,0.7000000000000001,qwen2_5_7b,egalite,0.9642698764801025,0.9417534470558167,0.340079665184021,0.6024487614631653
38e2fe11a207f655,1.0,0.0,1.0,0.0,qwen2_5_7b,egalite,0.9997773170471191,0.8399398326873779,0.1920282542705536,0.2033015936613083
392850f0d35c3ef5,1.0,0.0,1.0,0.0,qwen2_5_7b,egalite,0.9876506328582764,0.7095272541046143,0.3143406808376312,0.3014574944972992
398d209805c378fa,1.0,0.9,1.0,0.9,qwen2_5_7b,egalite,0.9721532464027405,0.9673522114753723,0.8397690057754517,0.8174068331718445
39e87aa436c796e6,1.0,0.0,1.0,0.0,qwen2_5_7b,egalite,0.9964246153831482,0.98801189661026,0.20315897464752197,0.2167549729347229
3a0338ac5ea9327a,1.0,0.7000000000000001,0.1,0.1,qwen2_5_7b,meme_ordre,0.7402535676956177,0.15139128267765045,0.46821048855781555,0.18027688562870026
3a243daae400ceb2,1.0,1.0,1.0,0.0,qwen2_5_7b,egalite,0.9993491768836975,0.9980775713920593,0.5504749417304993,0.46963194012641907
3a58ad52e96b213f,0.1,0.0,1.0,0.0,qwen2_5_7b,egalite,0.11216334998607635,0.8662342429161072,0.21683122217655182,0.40641072392463684
3a80eb6195aa89c7,1.0,0.7000000000000001,1.0,0.7000000000000001,qwen2_5_7b,egalite,0.7160952687263489,0.7901080250740051,0.5411593317985535,0.5264368057250977
3abfff338b87e778,1.0,0.0,1.0,0.0,qwen2_5_7b,egalite,0.5535060167312622,0.9437721371650696,0.3205048143863678,0.15526370704174042
3b1d71aa586c0695,1.0,0.0,1.0,0.0,qwen2_5_7b,egalite,0.999407172203064,0.9892151355743408,0.3601195216178894,0.45872822403907776
3b69f062848435b8,1.0,1.0,1.0,0.0,qwen2_5_7b,egalite,0.9997482299804688,0.9462754130363464,0.8482357859611511,0.4114363193511963
3bdb93b569e5d4c1,1.0,1.0,0.1,0.0,qwen2_5_7b,meme_ordre,0.9379885196685791,0.4620208740234375,0.7522971034049988,0.5599194169044495
3dc67e9cd89abad4,1.0,1.0,1.0,1.0,qwen2_5_7b,egalite,0.9994825720787048,0.9200267791748047,0.42979031801223755,0.4666508734226227
3e076da51af94a62,1.0,0.0,1.0,0.0,qwen2_5_7b,egalite,0.991744339466095,0.9469118714332581,0.40729427337646484,0.5155896544456482
3e31368360592a4b,0.1,0.7000000000000001,1.0,0.0,qwen2_5_7b,inversion_stricte,0.135328009724617,0.8977270126342773,0.42157992720603943,0.22436171770095825
3e69e8dfdc0eb522,0.1,0.0,1.0,1.0,qwen2_5_7b,meme_ordre,0.1021367534995079,0.9996539354324341,0.4116358757019043,0.9630632400512695
3e7886bf361f3e61,1.0,0.0,1.0,0.7000000000000001,qwen2_5_7b,egalite,0.9895356893539429,0.9998409152030945,0.14732015132904053,0.648274838924408
3efbb4450cef953e,1.0,0.9,1.0,0.9,qwen2_5_7b,egalite,0.9994887709617615,0.9994038343429565,0.7244387269020081,0.7083293795585632
3f0ca8322b484bbb,1.0,0.9,1.0,0.9,qwen2_5_7b,egalite,0.9535053968429565,0.9536193013191223,0.8583623170852661,0.6833523511886597
3f76ed30e7357b0d,1.0,0.0,0.1,0.0,qwen2_5_7b,egalite,0.9925215840339661,0.24059337377548218,0.1625628024339676,0.3550281524658203
3f8adb148a7aa07c,1.0,0.0,0.1,0.1,qwen2_5_7b,inversion_stricte,0.983542799949646,0.174770325422287,0.2000836431980133,0.15355345606803894
3f8bef67a42ee2f2,1.0,0.0,1.0,1.0,qwen2_5_7b,egalite,0.8085043430328369,0.9987759590148926,0.46655383706092834,0.8166666626930237
3ffc99406241d72c,1.0,1.0,1.0,1.0,qwen2_5_7b,egalite,0.9973388314247131,0.995688259601593,0.8527861833572388,0.7526553869247437
401961b34a2ed76d,1.0,0.9,1.0,0.9,qwen2_5_7b,egalite,0.9890865087509155,0.9906343817710876,0.828816294670105,0.7914126515388489
404bb761a7a087c9,1.0,1.0,1.0,1.0,qwen2_5_7b,egalite,0.9458112716674805,0.9777897596359253,0.7129464149475098,0.747915506362915
408bb722f112bae7,1.0,0.9,1.0,0.0,qwen2_5_7b,egalite,0.9323232769966125,0.9319272637367249,0.819593608379364,0.36574673652648926
410d6e482e854d89,1.0,1.0,1.0,1.0,qwen2_5_7b,egalite,0.9995721578598022,0.9998031854629517,0.8056173920631409,0.9742262959480286
415a34660b4b2af9,1.0,0.0,0.1,0.0,qwen2_5_7b,egalite,0.9682201147079468,0.3814166784286499,0.03717025741934776,0.08560217916965485
4229f33de0e9b2e3,1.0,0.0,1.0,0.0,qwen2_5_7b,egalite,0.9991031289100647,0.9901590347290039,0.16385360062122345,0.37161755561828613
424f3a2bec1ec567,1.0,0.9,0.1,0.0,qwen2_5_7b,meme_ordre,0.9991555213928223,0.26299387216567993,0.6116418242454529,0.3255101442337036
42be6134ac65e16f,0.1,0.0,1.0,1.0,qwen2_5_7b,meme_ordre,0.3460061848163605,0.9999276995658875,0.4019492268562317,0.8199486136436462
42ca33d2c9dab425,1.0,0.9,1.0,0.9,qwen2_5_7b,egalite,0.9734885692596436,0.9699882864952087,0.6387382745742798,0.6841838955879211
4318e9715ae014cf,1.0,1.0,1.0,0.9,qwen2_5_7b,egalite,0.9891554117202759,0.9931360483169556,0.715901792049408,0.7371265292167664
43662902cbb531d8,1.0,1.0,1.0,0.7000000000000001,qwen2_5_7b,egalite,0.9964378476142883,0.9795150756835938,0.7503888607025146,0.6569598317146301
437772fcc6f6dc7e,1.0,0.0,1.0,0.0,qwen2_5_7b,egalite,0.9902427792549133,0.9772031903266907,0.2548777163028717,0.400142103433609
43a65f0fdda8f8c5,1.0,0.7000000000000001,1.0,0.9,qwen2_5_7b,egalite,0.9888906478881836,0.9687372446060181,0.5940593481063843,0.7691184282302856
43e6d24cf78e6af1,1.0,1.0,1.0,0.0,qwen2_5_7b,egalite,0.961090087890625,0.9698256850242615,0.6553902626037598,0.31043741106987
443193e91911401f,1.0,1.0,1.0,1.0,qwen2_5_7b,egalite,0.9773406386375427,0.9973160028457642,0.7424225807189941,0.8295384645462036
4519ecda20f144df,0.1,0.0,1.0,1.0,qwen2_5_7b,meme_ordre,0.3891473412513733,0.9997655749320984,0.22669687867164612,0.6477155089378357
45d7306cab3e7e02,1.0,0.9,1.0,0.7000000000000001,qwen2_5_7b,egalite,0.9824498891830444,0.9780271053314209,0.6242631077766418,0.5659541487693787
45df3647ce9492ab,1.0,0.0,0.1,0.1,qwen2_5_7b,inversion_stricte,0.9811772108078003,0.2735140919685364,0.24134156107902527,0.08244968950748444
45e0522b7cb03bb2,1.0,0.0,1.0,0.9,qwen2_5_7b,egalite,0.997499942779541,0.9589064121246338,0.48461976647377014,0.8584282398223877
465ffba8937b1b8c,1.0,0.0,1.0,0.9,qwen2_5_7b,egalite,0.992875337600708,0.9875985980033875,0.31848955154418945,0.7915815711021423
46c3223bcf553831,0.1,0.0,1.0,0.0,qwen2_5_7b,egalite,0.48034992814064026,0.7191922068595886,0.10173308849334717,0.31111618876457214
46fff3fbfaf5a943,1.0,0.0,1.0,0.9,qwen2_5_7b,egalite,0.9902380704879761,0.9592463970184326,0.24646948277950287,0.756682276725769
4983066ac6e4ef04,1.0,0.7000000000000001,1.0,0.7000000000000001,qwen2_5_7b,egalite,0.9463967084884644,0.6075477600097656,0.503312349319458,0.36313673853874207
498e6510ae81e0bc,0.1,0.0,1.0,0.7000000000000001,qwen2_5_7b,meme_ordre,0.416622519493103,0.9970642328262329,0.26293066143989563,0.5508959889411926
4a4714cfee5dfe60,1.0,1.0,1.0,0.0,qwen2_5_7b,egalite,0.9999109506607056,0.9164907336235046,0.7844195365905762,0.12972377240657806
4aa6f1cd5c851c60,1.0,1.0,1.0,1.0,qwen2_5_7b,egalite,0.9995028972625732,0.9990727305412292,0.9204663038253784,0.8155257105827332
4adc8bc8334473aa,1.0,1.0,1.0,0.0,qwen2_5_7b,egalite,0.9988182783126831,0.92048579454422,0.865395724773407,0.13844962418079376
4be392727c40b85c,1.0,0.0,1.0,0.0,qwen2_5_7b,egalite,0.9925877451896667,0.74040287733078,0.07277713716030121,0.09101656079292297
4bedb0c48cfab976,1.0,0.0,1.0,0.0,qwen2_5_7b,egalite,0.967251718044281,0.9987540245056152,0.23999156057834625,0.4683762788772583
4c415efec365f66c,1.0,0.9,1.0,0.7000000000000001,qwen2_5_7b,egalite,0.8864656686782837,0.8215713500976562,0.7112013697624207,0.49921855330467224
4c5f9bd2630b3a85,1.0,0.0,1.0,0.0,qwen2_5_7b,egalite,0.9984195232391357,0.8399832844734192,0.4562224745750427,0.1536121666431427
4c92d49a81bf0b78,1.0,1.0,1.0,1.0,qwen2_5_7b,egalite,0.9995180368423462,0.9995661973953247,0.8832440972328186,0.9041390419006348
4cb89926412a2a0f,1.0,0.5,0.7000000000000001,0.7000000000000001,qwen2_5_7b,inversion_stricte,0.8888170719146729,0.7046242952346802,0.4162338972091675,0.4549408257007599
4cefa41b1fb0fbd4,1.0,0.9,1.0,0.0,qwen2_5_7b,egalite,0.9891372919082642,0.6089359521865845,0.7881410717964172,0.21384775638580322
4d250f1249dd6e73,1.0,0.0,1.0,0.0,qwen2_5_7b,egalite,0.996955931186676,0.9927133321762085,0.1918225884437561,0.44976726174354553
4d373507d4c618bc,1.0,1.0,1.0,0.0,qwen2_5_7b,egalite,0.9830690026283264,0.9931736588478088,0.3338545262813568,0.47729063034057617
4d418bc548ba77c3,1.0,1.0,1.0,0.0,qwen2_5_7b,egalite,0.9999614357948303,0.9956992864608765,0.7485337853431702,0.3592499792575836
4d7af24fd97a7b1b,1.0,0.0,1.0,1.0,qwen2_5_7b,egalite,0.7289825081825256,0.9942154884338379,0.23310603201389313,0.5880419015884399
4d8944e98f5d5872,1.0,0.0,1.0,1.0,qwen2_5_7b,egalite,0.9446384906768799,0.9996848702430725,0.24278685450553894,0.9145663976669312
4de37d5ccc6040da,0.1,0.0,0.1,0.0,qwen2_5_7b,egalite,0.14191702008247375,0.1615029275417328,0.3081645965576172,0.28156253695487976
4eaf688fb3831f6f,1.0,0.0,1.0,0.9,qwen2_5_7b,egalite,0.5906619429588318,0.9574030041694641,0.3934413492679596,0.7295258045196533
4ee6f76fb9f2ef62,1.0,1.0,1.0,0.0,qwen2_5_7b,egalite,0.9846434593200684,0.9369354248046875,0.855418860912323,0.04613665118813515
4f5e160535c2fa5a,1.0,1.0,1.0,0.7000000000000001,qwen2_5_7b,egalite,0.9979541897773743,0.9968405365943909,0.6099130511283875,0.5407439470291138
4f98ff4f6f4956d1,0.1,0.0,1.0,0.7000000000000001,qwen2_5_7b,meme_ordre,0.43717604875564575,0.7548511028289795,0.22272251546382904,0.5276352763175964
4fe2d1e6c1507d3a,1.0,0.9,1.0,0.7000000000000001,qwen2_5_7b,egalite,0.9935576319694519,0.9054486751556396,0.7817649245262146,0.4876239597797394
4fe53aa2939841ec,1.0,1.0,1.0,1.0,qwen2_5_7b,egalite,0.8930266499519348,0.9856610298156738,0.694202184677124,0.5898697376251221
4fefbd4360908a36,1.0,0.0,1.0,1.0,qwen2_5_7b,egalite,0.9952683448791504,0.9972887635231018,0.2067689150571823,0.5033458471298218
500516f1aa07abfd,1.0,0.7000000000000001,1.0,0.0,qwen2_5_7b,egalite,0.9679955244064331,0.8964236378669739,0.5557776689529419,0.34375014901161194
5020bee1c6cb6ee0,1.0,0.9,1.0,0.9,qwen2_5_7b,egalite,0.9899938702583313,0.9925143122673035,0.8052622079849243,0.693353533744812
5082c32e9b50adef,1.0,0.0,1.0,1.0,qwen2_5_7b,egalite,0.9968385696411133,0.9995466470718384,0.26118922233581543,0.5883704423904419
5097eef438608b32,1.0,0.9,1.0,0.9,qwen2_5_7b,egalite,0.9831680059432983,0.852059006690979,0.5970555543899536,0.6275572180747986
50d35805237ff57c,1.0,0.9,1.0,0.9,qwen2_5_7b,egalite,0.9985028505325317,0.990939736366272,0.6367577314376831,0.49143731594085693
50eba5b31a772055,1.0,0.0,1.0,0.0,qwen2_5_7b,egalite,0.9784475564956665,0.8014827370643616,0.22584256529808044,0.2338968813419342
510a9756d81bd8b7,1.0,0.0,1.0,0.7000000000000001,qwen2_5_7b,egalite,0.9441357254981995,0.9418435096740723,0.4023836553096771,0.49267879128456116
511025f968c2fd9f,1.0,1.0,1.0,0.9,qwen2_5_7b,egalite,0.9873840808868408,0.9626548290252686,0.9032412767410278,0.8484354615211487
513e817ea802bebb,1.0,0.0,1.0,0.0,qwen2_5_7b,egalite,0.96133953332901,0.6218501925468445,0.27187487483024597,0.21352604031562805
520b6455f8ca1ff9,1.0,1.0,1.0,1.0,qwen2_5_7b,egalite,0.9977937936782837,0.9966983795166016,0.9581202864646912,0.9183867573738098
5232e4cffece7f35,1.0,0.0,1.0,1.0,qwen2_5_7b,egalite,0.9759190678596497,0.9988794922828674,0.37416842579841614,0.8198504447937012
52d8e9339652ce6e,1.0,1.0,1.0,0.0,qwen2_5_7b,egalite,0.9588754773139954,0.5831027030944824,0.4448850452899933,0.38349592685699463
53da71341cb3bc56,1.0,1.0,1.0,0.0,qwen2_5_7b,egalite,0.9988731145858765,0.9919068813323975,0.5700880289077759,0.43237927556037903
540072b4ecd1eed0,1.0,1.0,1.0,1.0,qwen2_5_7b,egalite,0.9816640615463257,0.9788177013397217,0.5914343595504761,0.49608758091926575
5402cc480c593ce4,1.0,0.9,1.0,0.0,qwen2_5_7b,egalite,0.9975892305374146,0.9880398511886597,0.7639403343200684,0.44231441617012024
54073f35a9e89a83,1.0,0.0,1.0,0.0,qwen2_5_7b,egalite,0.997103214263916,0.9939278960227966,0.13023853302001953,0.32260382175445557
545b01793ae7d77f,1.0,0.0,1.0,0.0,qwen2_5_7b,egalite,0.9839658737182617,0.6132982969284058,0.25509878993034363,0.13174617290496826
54b7b6a532ab18c4,1.0,0.0,1.0,0.0,qwen2_5_7b,egalite,0.9963164329528809,0.7490020990371704,0.12974996864795685,0.20682956278324127
54e4a556b00eb1eb,1.0,0.0,1.0,0.7000000000000001,qwen2_5_7b,egalite,0.9877978563308716,0.624005138874054,0.31401389837265015,0.41891247034072876
55b92e7da2b218c6,1.0,0.0,1.0,0.0,qwen2_5_7b,egalite,0.9975066184997559,0.973845899105072,0.2266571819782257,0.23171667754650116
55d344a3b608fa08,1.0,1.0,1.0,1.0,qwen2_5_7b,egalite,0.9889671206474304,0.996910572052002,0.8761638402938843,0.9642573595046997
566bb7dcf6b4bdc5,0.5,0.0,0.30000000000000004,0.0,qwen2_5_7b,egalite,0.4344711899757385,0.5440807342529297,0.2170279324054718,0.3616335093975067
57652e1365078d33,1.0,0.0,1.0,1.0,qwen2_5_7b,egalite,0.9969012141227722,0.9977096915245056,0.026281021535396576,0.6281440258026123
57f4715813166fc9,1.0,0.7000000000000001,1.0,0.7000000000000001,qwen2_5_7b,egalite,0.9783807992935181,0.7985978722572327,0.6039296984672546,0.5993682146072388
584229bdf67c93f4,1.0,0.9,1.0,0.7000000000000001,qwen2_5_7b,egalite,0.9835887551307678,0.9633819460868835,0.5761772394180298,0.42978012561798096
58490691548a6139,1.0,0.0,1.0,0.0,qwen2_5_7b,egalite,0.9969870448112488,0.8576295375823975,0.296790212392807,0.3937040865421295
590b74929cc94fcf,0.1,0.0,0.30000000000000004,0.0,qwen2_5_7b,egalite,0.1290743052959442,0.47301313281059265,0.2758874297142029,0.26773932576179504
592de920134790be,1.0,1.0,1.0,0.0,qwen2_5_7b,egalite,0.9812569618225098,0.939359188079834,0.6683815717697144,0.30364808440208435
596022e19f111455,1.0,1.0,1.0,1.0,qwen2_5_7b,egalite,0.9757843613624573,0.9980214238166809,0.7073571681976318,0.9527725577354431
599c3844d1a42987,1.0,0.9,0.8,0.0,qwen2_5_7b,meme_ordre,0.8277065753936768,0.819300651550293,0.5579277276992798,0.165440171957016
5a0c0d0d4b329372,1.0,0.0,1.0,0.0,qwen2_5_7b,egalite,0.9957382678985596,0.5619155764579773,0.12034215778112411,0.22349092364311218
5a13702e6eb4cb3a,1.0,1.0,1.0,0.9,qwen2_5_7b,egalite,0.8843783140182495,0.7454825043678284,0.7075667977333069,0.7663261890411377
5a56197e42bbcc86,1.0,0.0,0.1,0.0,qwen2_5_7b,egalite,0.9987190365791321,0.4361293613910675,0.3039213716983795,0.1512334793806076
5a94d28cfa9d7033,1.0,1.0,0.1,0.0,qwen2_5_7b,meme_ordre,0.9996390342712402,0.19513775408267975,0.7526416182518005,0.17697902023792267
5aeeb70968fdafeb,1.0,0.7000000000000001,1.0,0.7000000000000001,qwen2_5_7b,egalite,0.8364987373352051,0.9246896505355835,0.5646763443946838,0.4886181652545929
5b18cf4c2132fbb8,1.0,0.0,1.0,0.0,qwen2_5_7b,egalite,0.9705883264541626,0.9094602465629578,0.3897756338119507,0.43419405817985535
5c02f9cbfe3c553c,1.0,1.0,1.0,1.0,qwen2_5_7b,egalite,0.9871819615364075,0.9846862554550171,0.6367399096488953,0.7803329229354858
5c23edcc46d1d2c6,1.0,0.0,1.0,0.0,qwen2_5_7b,egalite,0.7472801208496094,0.9084026217460632,0.2525014877319336,0.5293922424316406
5c70f1bac0846287,1.0,0.0,1.0,0.9,qwen2_5_7b,egalite,0.9536348581314087,0.9976685047149658,0.10461711883544922,0.7913150787353516
5c925d835cbd1204,1.0,1.0,1.0,1.0,qwen2_5_7b,egalite,0.9843096733093262,0.973983108997345,0.8882930278778076,0.8719791173934937
5cd18baab655982f,1.0,0.0,1.0,1.0,qwen2_5_7b,egalite,0.7594413161277771,0.9542552828788757,0.09644188731908798,0.770736575126648
5ce5dc9249064b13,1.0,0.9,1.0,0.0,qwen2_5_7b,egalite,0.9691908359527588,0.6388493180274963,0.5880631804466248,0.20874753594398499
5ce96f8983c7a347,0.30000000000000004,0.7000000000000001,1.0,0.7000000000000001,qwen2_5_7b,egalite,0.6339707970619202,0.8573967814445496,0.5497073531150818,0.5685938596725464
5d35b421a5673bbe,1.0,0.7000000000000001,1.0,0.9,qwen2_5_7b,egalite,0.9895941615104675,0.9900997877120972,0.5292180776596069,0.5812029838562012
5d7c5af11085cc1b,1.0,0.0,1.0,0.0,qwen2_5_7b,egalite,0.9995226860046387,0.9967080354690552,0.21181340515613556,0.24426104128360748
5e1dbae9c013f7db,1.0,0.0,1.0,0.0,qwen2_5_7b,egalite,0.9851023554801941,0.9771971702575684,0.03957280516624451,0.5026984810829163
5e3ee6923aa8882e,1.0,1.0,1.0,1.0,qwen2_5_7b,egalite,0.9973289370536804,0.9963089227676392,0.6644894480705261,0.682908296585083
5e438933353539cf,1.0,1.0,0.1,0.0,qwen2_5_7b,meme_ordre,0.9953315258026123,0.38545313477516174,0.6559595465660095,0.17454451322555542
5e6845c2e445de4e,1.0,0.0,1.0,1.0,qwen2_5_7b,egalite,0.8670254945755005,0.9982940554618835,0.3131442666053772,0.8874226212501526
5e7ce61525bf40a7,1.0,0.9,1.0,1.0,qwen2_5_7b,egalite,0.9886938333511353,0.999759316444397,0.7621314525604248,0.8857805132865906
5e884123fc1e6b2f,1.0,1.0,1.0,1.0,qwen2_5_7b,egalite,0.9993903636932373,0.9855912327766418,0.9460490942001343,0.8476213812828064
5eea0b62f5597068,1.0,1.0,1.0,1.0,qwen2_5_7b,egalite,0.9998575448989868,0.9996039271354675,0.9849033355712891,0.9716391563415527
6047c975c65c0310,1.0,0.7000000000000001,1.0,1.0,qwen2_5_7b,egalite,0.914936363697052,0.9982672929763794,0.4854159653186798,0.677869975566864
60ff34d225008cef,1.0,1.0,1.0,1.0,qwen2_5_7b,egalite,0.9998512864112854,0.9837003350257874,0.9498496651649475,0.8231410384178162
612565b0d8f4211a,0.1,0.0,1.0,0.7000000000000001,qwen2_5_7b,meme_ordre,0.11507457494735718,0.8849738836288452,0.049190863966941833,0.6039919257164001
624e829b719c6bfe,1.0,0.9,1.0,1.0,qwen2_5_7b,egalite,0.8806470632553101,0.9604119658470154,0.5491846799850464,0.906764805316925
6265e02438a46c64,0.1,0.0,0.1,0.0,qwen2_5_7b,egalite,0.2067524641752243,0.27881118655204773,0.37921276688575745,0.3527972996234894
62cefc571f29f942,1.0,0.0,0.1,0.1,qwen2_5_7b,inversion_stricte,0.9629860520362854,0.117403544485569,0.03619033843278885,0.08291922509670258
63404bd07a8c6150,1.0,1.0,1.0,1.0,qwen2_5_7b,egalite,0.9984520673751831,0.9998670220375061,0.822353184223175,0.8985553979873657
63ce7f643e7c2265,1.0,1.0,1.0,0.0,qwen2_5_7b,egalite,0.9361246228218079,0.9518753290176392,0.7035350799560547,0.389649897813797
64746d34be2f8af6,1.0,1.0,1.0,0.0,qwen2_5_7b,egalite,0.9994980096817017,0.9785059094429016,0.7998949289321899,0.4138907790184021
64c5d063d596862c,1.0,1.0,1.0,0.7000000000000001,qwen2_5_7b,egalite,0.987777054309845,0.9099443554878235,0.8338682651519775,0.4740491211414337
64c8f77fe164637b,1.0,0.0,1.0,0.0,qwen2_5_7b,egalite,0.984850287437439,0.8450308442115784,0.44570428133010864,0.2714519202709198
653ab60e89df16f0,1.0,0.5,0.1,0.0,qwen2_5_7b,meme_ordre,0.9112120270729065,0.28079915046691895,0.3819805383682251,0.29605570435523987
668f1a2b60b52761,1.0,1.0,1.0,1.0,qwen2_5_7b,egalite,0.9884336590766907,0.9998320937156677,0.42337483167648315,0.9834764003753662
67a6ff57e218b6f9,1.0,0.7000000000000001,1.0,0.0,qwen2_5_7b,egalite,0.6667290925979614,0.7494114637374878,0.48772570490837097,0.4504903256893158
67ef2142402c627c,1.0,1.0,1.0,1.0,qwen2_5_7b,egalite,0.9865682721138,0.9884223341941833,0.8098049163818359,0.8093165159225464
684b757b2a1001bc,0.9,0.9,0.9,0.9,qwen2_5_7b,egalite,0.9468781352043152,0.9445158243179321,0.8885994553565979,0.8707091808319092
686a5631b6e2604b,1.0,0.0,1.0,1.0,qwen2_5_7b,egalite,0.9816935062408447,0.9639878273010254,0.36352697014808655,0.6698065400123596
68cf1ec37be388ab,1.0,1.0,0.1,0.1,qwen2_5_7b,meme_ordre,0.982402503490448,0.11662432551383972,0.9053847193717957,0.18161815404891968
693f23825a225971,1.0,0.0,0.1,0.7000000000000001,qwen2_5_7b,inversion_stricte,0.891792893409729,0.5439379215240479,0.494813472032547,0.4964064061641693
695072da1a2c1feb,1.0,1.0,1.0,1.0,qwen2_5_7b,egalite,0.999838650226593,0.9995996952056885,0.9700880646705627,0.894026517868042
697f8824fb99deb2,1.0,1.0,1.0,0.0,qwen2_5_7b,egalite,0.9989988803863525,0.9845778942108154,0.41980424523353577,0.24907110631465912
6993d289f0b8d5e0,1.0,0.0,1.0,0.9,qwen2_5_7b,egalite,0.9991770386695862,0.9835308790206909,0.3975834250450134,0.5532034039497375
69a45c7cbe84cab6,1.0,0.9,1.0,1.0,qwen2_5_7b,egalite,0.9989458322525024,0.9999444484710693,0.7914839386940002,0.8616766333580017
69c39036d92a88c6,1.0,1.0,1.0,0.0,qwen2_5_7b,egalite,0.9996717572212219,0.9926677346229553,0.7659450173377991,0.3419029712677002
69c8ae3317ddaddd,1.0,1.0,0.1,0.1,qwen2_5_7b,meme_ordre,0.9972172975540161,0.32087066769599915,0.7757138609886169,0.11211495101451874
69d2eea7979437ff,1.0,0.0,0.1,0.7000000000000001,qwen2_5_7b,inversion_stricte,0.9978408813476562,0.48846885561943054,0.19739757478237152,0.472229540348053
69d30541e56e231e,1.0,0.9,1.0,0.0,qwen2_5_7b,egalite,0.9084261059761047,0.9578567147254944,0.6108810901641846,0.4744051396846771
69ef9ac475a828b3,1.0,0.0,1.0,0.0,qwen2_5_7b,egalite,0.9820861220359802,0.8365240693092346,0.1686030924320221,0.13568702340126038
6a3b4e22af2d2515,0.1,0.0,0.1,0.0,qwen2_5_7b,egalite,0.12536904215812683,0.13243848085403442,0.2806183397769928,0.24405279755592346
6a62b7e765cab9ca,1.0,0.7000000000000001,1.0,0.7000000000000001,qwen2_5_7b,egalite,0.9082568287849426,0.8074263334274292,0.6620221138000488,0.6616864204406738
6a80ec49354d8cfe,1.0,0.0,1.0,1.0,qwen2_5_7b,egalite,0.9468567371368408,0.9824476838111877,0.36010685563087463,0.6315460205078125
6aad35b3c912dbed,1.0,0.9,1.0,0.7000000000000001,qwen2_5_7b,egalite,0.9998245239257812,0.9972341656684875,0.7225569486618042,0.4908348619937897
6ab23d08bd3ef211,1.0,0.0,1.0,0.0,qwen2_5_7b,egalite,0.8147925138473511,0.9906159043312073,0.2698098421096802,0.427443265914917
6afe7831ee05acaf,1.0,0.7000000000000001,1.0,0.9,qwen2_5_7b,egalite,0.9549025893211365,0.9511086344718933,0.48275887966156006,0.727415919303894
6b024f2a34305bdc,1.0,0.0,1.0,1.0,qwen2_5_7b,egalite,0.6549252867698669,0.999519407749176,0.37063246965408325,0.8170285820960999
6b379ef7efa1e456,1.0,0.7000000000000001,1.0,0.0,qwen2_5_7b,egalite,0.8679522275924683,0.9985997676849365,0.5789074897766113,0.12944696843624115
6b7466a7cdc11c49,1.0,0.9,1.0,1.0,qwen2_5_7b,egalite,0.9910036325454712,0.996969997882843,0.6836125254631042,0.6127278804779053
6bd98fe58a1763c9,1.0,0.9,1.0,0.0,qwen2_5_7b,egalite,0.9932200312614441,0.9930313229560852,0.6189603209495544,0.3846522867679596
6c0ad1a8a12eb3e0,1.0,1.0,1.0,0.0,qwen2_5_7b,egalite,0.9961258769035339,0.9925559163093567,0.8071625828742981,0.45611849427223206
6c1190e72c4501e6,1.0,1.0,1.0,0.9,qwen2_5_7b,egalite,0.9725433588027954,0.6056851148605347,0.8445283770561218,0.5903435945510864
6c44a44806a97cc4,1.0,1.0,1.0,0.9,qwen2_5_7b,egalite,0.9990051984786987,0.8671520352363586,0.8947848081588745,0.7662119269371033
6c64f158f8310b0b,1.0,0.7000000000000001,1.0,0.7000000000000001,qwen2_5_7b,egalite,0.9829050302505493,0.969184935092926,0.6926737427711487,0.5116262435913086
6cc959af694dfce3,1.0,0.0,1.0,0.0,qwen2_5_7b,egalite,0.9941065311431885,0.9490792155265808,0.40685349702835083,0.09068621695041656
6d05864a798803c1,1.0,1.0,1.0,1.0,qwen2_5_7b,egalite,0.9975659251213074,0.9979016184806824,0.925623893737793,0.952640175819397
6d778a2f051ec936,1.0,0.0,1.0,0.9,qwen2_5_7b,egalite,0.9949521422386169,0.9156808853149414,0.24412672221660614,0.5930657386779785
6dd01540b1decb86,0.1,0.0,1.0,1.0,qwen2_5_7b,meme_ordre,0.3901447057723999,0.9684474468231201,0.2927406430244446,0.847356379032135
6de78aa1133c6ac1,1.0,1.0,1.0,1.0,qwen2_5_7b,egalite,0.9984251856803894,0.9982428550720215,0.8973829746246338,0.8736225962638855
6e14268225cd694f,1.0,1.0,1.0,1.0,qwen2_5_7b,egalite,0.9999172687530518,0.9988306164741516,0.9893807768821716,0.6406110525131226
6f07475503ab6d7f,1.0,1.0,1.0,1.0,qwen2_5_7b,egalite,0.9989400506019592,0.9864877462387085,0.9338761568069458,0.908825159072876
6f61f606625d6962,1.0,1.0,1.0,1.0,qwen2_5_7b,egalite,0.9995324611663818,0.9992921352386475,0.7148630023002625,0.7678630352020264
7018fb01b7c6dd74,1.0,1.0,1.0,0.7000000000000001,qwen2_5_7b,egalite,0.9949721097946167,0.9300658702850342,0.7276924848556519,0.6710736155509949
701fd62974ba8682,1.0,0.0,1.0,0.0,qwen2_5_7b,egalite,0.9931464195251465,0.9593194723129272,0.1440196931362152,0.4013277292251587
704180a49add16fa,1.0,0.9,1.0,0.9,qwen2_5_7b,egalite,0.9960157871246338,0.9813075661659241,0.6041766405105591,0.7218997478485107
709ddb404b4faab7,1.0,0.0,1.0,0.0,qwen2_5_7b,egalite,0.9951027035713196,0.9919039607048035,0.22967945039272308,0.3666026294231415
70ac962e6442c715,1.0,1.0,1.0,0.0,qwen2_5_7b,egalite,0.9962884783744812,0.9687445759773254,0.9189746975898743,0.2397948056459427
70acc4a57834a5b8,1.0,1.0,1.0,0.0,qwen2_5_7b,egalite,0.9627564549446106,0.9952571392059326,0.5457689762115479,0.19470097124576569
7190dd0147b8592d,1.0,0.0,1.0,0.0,qwen2_5_7b,egalite,0.9747280478477478,0.8770796060562134,0.09710453450679779,0.48640161752700806
71fe90065523f5bd,1.0,0.0,0.1,0.7000000000000001,qwen2_5_7b,inversion_stricte,0.9854851365089417,0.20809541642665863,0.05728885531425476,0.5257226228713989
71fef66b7f0b7889,1.0,0.7000000000000001,1.0,0.9,qwen2_5_7b,egalite,0.8629204034805298,0.9883571863174438,0.5517697930335999,0.8037781715393066
720976b8d05a7c37,1.0,0.7000000000000001,1.0,0.0,qwen2_5_7b,egalite,0.9778584837913513,0.9184598326683044,0.5404653549194336,0.27905187010765076
723f8c15a9e845a7,1.0,0.9,1.0,1.0,qwen2_5_7b,egalite,0.9993410706520081,0.9999870657920837,0.6978878378868103,0.7876626253128052
7260c8ec3c68f74c,1.0,0.9,1.0,0.0,qwen2_5_7b,egalite,0.955868661403656,0.9558620452880859,0.6149680018424988,0.4895341396331787
72717dc7678f664b,1.0,1.0,1.0,0.0,qwen2_5_7b,egalite,0.9990931153297424,0.9930849671363831,0.5604832172393799,0.350928395986557
72ccf4b3cd2b587e,1.0,0.0,1.0,0.0,qwen2_5_7b,egalite,0.7781481742858887,0.9727997779846191,0.3872357904911041,0.2933237850666046
7309e086efa70c46,1.0,0.7000000000000001,0.1,0.7000000000000001,qwen2_5_7b,egalite,0.7262890338897705,0.35897189378738403,0.6321795582771301,0.4674776494503021
7444b68fe9bc32da,1.0,0.9,1.0,1.0,qwen2_5_7b,egalite,0.9998782277107239,0.9999279379844666,0.8160765171051025,0.7768833637237549
749069e3c4d13127,0.5,0.0,1.0,1.0,qwen2_5_7b,meme_ordre,0.6125234365463257,0.9980757832527161,0.26989510655403137,0.8298770189285278
74ec661c014618ad,1.0,0.0,1.0,0.9,qwen2_5_7b,egalite,0.9915343523025513,0.660952091217041,0.053922537714242935,0.5671504139900208
7515bc317e46f38d,1.0,0.0,1.0,0.0,qwen2_5_7b,egalite,0.9917888641357422,0.959301769733429,0.3503479063510895,0.1563669741153717
75528fc13281acb8,1.0,0.0,1.0,0.0,qwen2_5_7b,egalite,0.9724267721176147,0.9838629961013794,0.11644650995731354,0.4128509759902954
755db0ff824f2dbd,1.0,0.0,1.0,1.0,qwen2_5_7b,egalite,0.9479773640632629,0.9316778182983398,0.3804281949996948,0.8305734992027283
75a7f5439a119103,0.1,0.0,1.0,1.0,qwen2_5_7b,meme_ordre,0.1521821916103363,0.972260594367981,0.13136804103851318,0.5447937250137329
7678c81b868d2fc1,1.0,1.0,1.0,0.9,qwen2_5_7b,egalite,0.999750018119812,0.8985908627510071,0.6776230335235596,0.7295217514038086
77011bac3eb9da26,1.0,1.0,1.0,0.0,qwen2_5_7b,egalite,0.9993611574172974,0.9964086413383484,0.7461876273155212,0.2653472423553467
77407d51bd5e96a2,1.0,0.9,1.0,1.0,qwen2_5_7b,egalite,0.9975566267967224,0.9988405108451843,0.6358146071434021,0.6939175128936768
775072023f13b896,1.0,0.0,1.0,0.0,qwen2_5_7b,egalite,0.996435284614563,0.9307717084884644,0.24953050911426544,0.3891644775867462
7847bd0b2afd392f,1.0,0.0,1.0,0.9,qwen2_5_7b,egalite,0.9822455644607544,0.9480724334716797,0.07238312065601349,0.6498755216598511
78986642eecf6302,1.0,1.0,1.0,1.0,qwen2_5_7b,egalite,0.9968241453170776,0.9981383085250854,0.7780119776725769,0.8613832592964172
78d4140e72235d17,1.0,0.0,1.0,0.0,qwen2_5_7b,egalite,0.9992107152938843,0.9934139847755432,0.17956596612930298,0.2647404670715332
791e8bf2436a8af1,1.0,0.0,1.0,1.0,qwen2_5_7b,egalite,0.9730087518692017,0.9624479413032532,0.30667632818222046,0.8002764582633972
79317feddb276b6b,1.0,0.7000000000000001,1.0,0.7000000000000001,qwen2_5_7b,egalite,0.8246170282363892,0.7565626502037048,0.5870318412780762,0.4210427701473236
79f6235f7f3aa018,1.0,0.0,1.0,0.0,qwen2_5_7b,egalite,0.9633368849754333,0.7672561407089233,0.28541257977485657,0.40187621116638184
7a0e8b186f741a67,1.0,0.0,1.0,0.7000000000000001,qwen2_5_7b,egalite,0.9858590960502625,0.6326125264167786,0.34061601758003235,0.46910327672958374
7a861d843ae530a1,1.0,0.7000000000000001,1.0,0.7000000000000001,qwen2_5_7b,egalite,0.9310349822044373,0.6781147122383118,0.6536878347396851,0.3989255130290985
7aa20420f23db889,1.0,1.0,0.1,0.1,qwen2_5_7b,meme_ordre,0.999517560005188,0.36638399958610535,0.8010773062705994,0.06687894463539124
7ae825e82c60c433,1.0,0.0,1.0,0.0,qwen2_5_7b,egalite,0.9990360140800476,0.996974527835846,0.06369233131408691,0.5051015019416809
7b460c900f979a62,1.0,1.0,1.0,1.0,qwen2_5_7b,egalite,0.9760787487030029,0.9853601455688477,0.8607706427574158,0.8499859571456909
7b758dab76f1bd1a,1.0,0.0,1.0,0.0,qwen2_5_7b,egalite,0.9934419393539429,0.9958630800247192,0.3050282597541809,0.4667895436286926
7b9071c503cc1ca6,1.0,0.9,1.0,0.9,qwen2_5_7b,egalite,0.9996243715286255,0.9993882775306702,0.821989119052887,0.819832444190979
7bad371630f3622f,1.0,0.0,1.0,0.0,qwen2_5_7b,egalite,0.5760304927825928,0.9006036520004272,0.20708444714546204,0.2762977182865143
7c86234fa8b6a9d0,1.0,1.0,1.0,1.0,qwen2_5_7b,egalite,0.9992785453796387,0.9938861131668091,0.7087042927742004,0.7763631939888
7c8dc72c3e005d95,1.0,0.0,1.0,0.0,qwen2_5_7b,egalite,0.9867082238197327,0.7594807744026184,0.3470955193042755,0.2189066857099533
7cb8f54c899ab64b,1.0,0.0,1.0,0.9,qwen2_5_7b,egalite,0.9961808919906616,0.9984540343284607,0.5088700652122498,0.6674907803535461
7ceb846ba2b7dc00,1.0,0.9,1.0,0.7000000000000001,qwen2_5_7b,egalite,0.9235296249389648,0.5847940444946289,0.6568785905838013,0.5774210691452026
7d1cdc38f433b56f,1.0,0.7000000000000001,1.0,0.7000000000000001,qwen2_5_7b,egalite,0.8776631355285645,0.9684569239616394,0.5793729424476624,0.6380545496940613
7e24b6a947f90acd,1.0,0.9,1.0,1.0,qwen2_5_7b,egalite,0.994114339351654,0.9998595714569092,0.7939836978912354,0.9573119282722473
7e3033ae35717923,1.0,0.9,0.1,0.1,qwen2_5_7b,meme_ordre,0.9987859725952148,0.14116917550563812,0.7341137528419495,0.09162861108779907
7e7d0cccd4d9079f,1.0,0.0,1.0,0.0,qwen2_5_7b,egalite,0.9989548921585083,0.8769873976707458,0.32643094658851624,0.15085245668888092
7e89934ffba46a28,1.0,0.9,1.0,0.9,qwen2_5_7b,egalite,0.9968993663787842,0.9954139590263367,0.7509073615074158,0.6696385145187378
7eadd6aeaa61e4f0,1.0,0.0,1.0,0.9,qwen2_5_7b,egalite,0.9982418417930603,0.985625147819519,0.5861532688140869,0.5949487090110779
7f7bbe777634c65a,1.0,0.0,1.0,0.9,qwen2_5_7b,egalite,0.9985600113868713,0.9966374635696411,0.2779012620449066,0.6596574783325195
7fcbe04b82c745c8,1.0,0.7000000000000001,1.0,0.7000000000000001,qwen2_5_7b,egalite,0.9559724926948547,0.879331111907959,0.5549413561820984,0.6330447793006897
7fd30a8e0942515f,1.0,0.0,1.0,0.9,qwen2_5_7b,egalite,0.9726571440696716,0.993739902973175,0.0780252069234848,0.7602740526199341
8011da4384642045,1.0,1.0,1.0,0.0,qwen2_5_7b,egalite,0.999769926071167,0.9836936593055725,0.9499711990356445,0.4232749044895172
8028c322615625bb,1.0,0.9,1.0,0.0,qwen2_5_7b,egalite,0.9730488061904907,0.9503674507141113,0.7532669305801392,0.34936341643333435
803d6e948b291f3b,1.0,0.7000000000000001,1.0,0.0,qwen2_5_7b,egalite,0.7079158425331116,0.6500120759010315,0.5163243412971497,0.5386353135108948
819fcb00e2a7fd8d,0.1,0.0,1.0,1.0,qwen2_5_7b,meme_ordre,0.1648809313774109,0.9999539256095886,0.19971945881843567,0.8663469552993774
82a249f01e6ef28a,1.0,1.0,1.0,0.0,qwen2_5_7b,egalite,0.9990806579589844,0.9791631102561951,0.6888437867164612,0.08376484364271164
82c9ad094a589eb6,1.0,1.0,1.0,0.0,qwen2_5_7b,egalite,0.9986457228660583,0.9970909953117371,0.5338559746742249,0.3088117241859436
82f60593788dc02f,1.0,0.7000000000000001,1.0,0.9,qwen2_5_7b,egalite,0.9888144731521606,0.9994750022888184,0.6203312277793884,0.8320338129997253
830f7ddf4c676ba4,1.0,0.7000000000000001,0.1,0.7000000000000001,qwen2_5_7b,egalite,0.975618839263916,0.42739903926849365,0.5133882761001587,0.47324976325035095
837f8516ffdece4e,1.0,0.0,1.0,0.7000000000000001,qwen2_5_7b,egalite,0.9986128211021423,0.8819850087165833,0.33932381868362427,0.4186681807041168
83b4e6b88766eaba,1.0,0.9,1.0,0.0,qwen2_5_7b,egalite,0.9993932247161865,0.9809761643409729,0.5726035833358765,0.427564412355423
8434e1766436b616,1.0,0.7000000000000001,1.0,1.0,qwen2_5_7b,egalite,0.9545145630836487,0.9997892379760742,0.5235451459884644,0.9514838457107544
84881cb8fe21825c,1.0,0.0,0.1,0.1,qwen2_5_7b,inversion_stricte,0.9785216450691223,0.19631344079971313,0.2411271035671234,0.10800301283597946
84a854c62d51d7c2,1.0,0.0,1.0,0.9,qwen2_5_7b,egalite,0.9908864498138428,0.9133877158164978,0.15488474071025848,0.5836649537086487
84dee6726f957877,1.0,0.9,0.9,0.1,qwen2_5_7b,meme_ordre,0.9787746071815491,0.8570943474769592,0.7672924995422363,0.13448983430862427
8504bd4219eee2ab,1.0,0.0,1.0,0.9,qwen2_5_7b,egalite,0.7905682921409607,0.9521199464797974,0.29420775175094604,0.7123535871505737
852455b229c55bab,1.0,1.0,1.0,0.0,qwen2_5_7b,egalite,0.9388799071311951,0.9168618321418762,0.6888666749000549,0.4773026406764984
85ff178c9d1c52df,1.0,0.9,1.0,0.7000000000000001,qwen2_5_7b,egalite,0.9702890515327454,0.9701459407806396,0.5440230369567871,0.4996904134750366
86706bb776a6934b,0.1,0.0,1.0,0.9,qwen2_5_7b,meme_ordre,0.1071847677230835,0.9986785054206848,0.3311556279659271,0.8409691452980042
87928ff01389118d,1.0,0.7000000000000001,1.0,0.0,qwen2_5_7b,egalite,0.9651280641555786,0.9317956566810608,0.4995611608028412,0.37688857316970825
87ee7bc5de8d3b70,1.0,0.0,1.0,0.9,qwen2_5_7b,egalite,0.7232479453086853,0.9985144138336182,0.18051031231880188,0.6849586963653564
880c5147a334e5d7,1.0,0.0,1.0,0.0,qwen2_5_7b,egalite,0.9779977798461914,0.9913713335990906,0.41440412402153015,0.5129603743553162
882279454121d307,1.0,0.0,1.0,0.9,qwen2_5_7b,egalite,0.9883145093917847,0.9988041520118713,0.28664836287498474,0.6680953502655029
883b4efe2ee99d95,1.0,0.0,1.0,0.0,qwen2_5_7b,egalite,0.9974822402000427,0.8762316703796387,0.2915665805339813,0.24800293147563934
88c46059de62e04e,1.0,1.0,1.0,0.0,qwen2_5_7b,egalite,0.9895800948143005,0.9091879725456238,0.6977709531784058,0.059555135667324066
8908ce0cd82c7c5d,1.0,0.9,1.0,0.0,qwen2_5_7b,egalite,0.9994749426841736,0.6558481454849243,0.593063473701477,0.20109248161315918
89406ad2bcd09385,1.0,0.0,1.0,0.9,qwen2_5_7b,egalite,0.9866321086883545,0.9943795204162598,0.1821257621049881,0.6266360878944397
895415ae91d77cd8,1.0,1.0,1.0,0.0,qwen2_5_7b,egalite,0.9756807684898376,0.9822071194648743,0.5323810577392578,0.12572738528251648
896a65fe9b1fc3df,1.0,0.0,1.0,0.7000000000000001,qwen2_5_7b,egalite,0.9799986481666565,0.8043630123138428,0.23284922540187836,0.4044317305088043
89ccc7aa03942dc2,1.0,0.9,1.0,0.7000000000000001,qwen2_5_7b,egalite,0.992312490940094,0.7572686672210693,0.7447115778923035,0.4867854714393616
89ffd900a51d373e,1.0,0.0,1.0,0.7000000000000001,qwen2_5_7b,egalite,0.9993430376052856,0.9527363181114197,0.12154046446084976,0.6636912226676941
8a335e90818a720c,1.0,0.0,1.0,0.0,qwen2_5_7b,egalite,0.998744010925293,0.9750086665153503,0.34109675884246826,0.3415605425834656
8a47ffa989e8c0dc,1.0,0.0,1.0,1.0,qwen2_5_7b,egalite,0.9906155467033386,0.9695050716400146,0.4701841175556183,0.6722673177719116
8a5e18a557739e95,1.0,1.0,1.0,1.0,qwen2_5_7b,egalite,0.999194860458374,0.9981086254119873,0.46833157539367676,0.5927455425262451
8a96a293ea441a37,1.0,0.0,1.0,0.7000000000000001,qwen2_5_7b,egalite,0.9727287888526917,0.7401942014694214,0.1219835951924324,0.6089929938316345
8aaab2af0a9b6759,1.0,0.0,1.0,0.9,qwen2_5_7b,egalite,0.9984806776046753,0.9971500635147095,0.37071654200553894,0.6060642004013062
8adb1565f053664e,1.0,1.0,1.0,0.0,qwen2_5_7b,egalite,0.9849880933761597,0.978047251701355,0.39395567774772644,0.29169192910194397
8c3e41b1ef6a540c,1.0,1.0,1.0,0.0,qwen2_5_7b,egalite,0.9817597270011902,0.9845348000526428,0.6282548904418945,0.4885725677013397
8c49df1e7c6518d1,1.0,0.0,0.1,0.6000000000000001,qwen2_5_7b,inversion_stricte,0.5884978175163269,0.3988693356513977,0.3385213613510132,0.4778973162174225
8c91d0c3cc42e58a,1.0,0.0,1.0,1.0,qwen2_5_7b,egalite,0.8360321521759033,0.9999346733093262,0.0953575074672699,0.8229940533638
8cb4a2e5165ffd6a,1.0,0.7000000000000001,1.0,1.0,qwen2_5_7b,egalite,0.9621249437332153,0.9951095581054688,0.4956815540790558,0.7058252692222595
8d6076d9a86359aa,1.0,0.0,1.0,0.7000000000000001,qwen2_5_7b,egalite,0.9925152659416199,0.9844726324081421,0.43659383058547974,0.5855563282966614
8d7a81dc81a4bfe7,1.0,0.0,1.0,0.0,qwen2_5_7b,egalite,0.998946487903595,0.7592010498046875,0.2357366532087326,0.04656277596950531
8d9ef6e87a3cb699,1.0,0.7000000000000001,1.0,0.0,qwen2_5_7b,egalite,0.9940475225448608,0.8484922051429749,0.570070207118988,0.29818201065063477
8e0dead07ba8c8b7,1.0,1.0,1.0,1.0,qwen2_5_7b,egalite,0.9998634457588196,0.9996114373207092,0.8946613073348999,0.9261450171470642
8e458ff3e51e3b76,0.30000000000000004,0.7000000000000001,0.1,0.6000000000000001,qwen2_5_7b,meme_ordre,0.4428045153617859,0.3014436960220337,0.501171886920929,0.43453896045684814
8e63526b74a8a294,1.0,0.0,0.1,0.0,qwen2_5_7b,egalite,0.9777563810348511,0.1593552678823471,0.32377538084983826,0.06652238219976425
8eb5dae5cb39e8d1,1.0,0.7000000000000001,0.8,0.9,qwen2_5_7b,inversion_stricte,0.962716817855835,0.8186003565788269,0.46418702602386475,0.7276387810707092
8fa28eb1c973b57e,1.0,1.0,1.0,0.0,qwen2_5_7b,egalite,0.9937065839767456,0.9815305471420288,0.5060979723930359,0.24280549585819244
909e61453bb9a81f,1.0,0.0,1.0,1.0,qwen2_5_7b,egalite,0.9932865500450134,0.9944277405738831,0.38933074474334717,0.7669323682785034
90b787f5366abe22,1.0,0.0,0.1,0.0,qwen2_5_7b,egalite,0.9903013110160828,0.5477141737937927,0.38227158784866333,0.1814102828502655
90e9718f0f64f627,1.0,0.0,1.0,0.0,qwen2_5_7b,egalite,0.9662204384803772,0.9608548283576965,0.11108117550611496,0.39945271611213684
910470b40411b9af,0.1,0.0,1.0,0.9,qwen2_5_7b,meme_ordre,0.1263427734375,0.99745774269104,0.3874562680721283,0.6269962191581726
910c762cb343da12,1.0,0.0,1.0,0.0,qwen2_5_7b,egalite,0.9666233062744141,0.9950588941574097,0.31262877583503723,0.3413132429122925
9153b0991f050068,1.0,0.7000000000000001,1.0,0.7000000000000001,qwen2_5_7b,egalite,0.9752776026725769,0.9371750354766846,0.5627000331878662,0.6318712830543518
915f115a4d09bd62,1.0,0.0,1.0,1.0,qwen2_5_7b,egalite,0.9782525897026062,0.9834789037704468,0.38823166489601135,0.5552152395248413
918dccc9a5a2071f,1.0,0.0,1.0,0.0,qwen2_5_7b,egalite,0.6298519968986511,0.8087040185928345,0.26399287581443787,0.25668635964393616
91ae812c64b6eec7,0.1,0.0,1.0,1.0,qwen2_5_7b,meme_ordre,0.17541325092315674,0.8799789547920227,0.16020502150058746,0.8852541446685791
92baf8d1f01023ad,1.0,0.9,1.0,1.0,qwen2_5_7b,egalite,0.9606396555900574,0.997950553894043,0.639294445514679,0.9589480757713318
92e1f5f19dbcb7d9,1.0,1.0,0.1,0.0,qwen2_5_7b,meme_ordre,0.9984621405601501,0.39586466550827026,0.7499193549156189,0.08069659769535065
93234edb544c05a1,1.0,0.0,1.0,1.0,qwen2_5_7b,egalite,0.7476499080657959,0.9809186458587646,0.38523343205451965,0.7697646021842957
936e4c428b2bcc15,1.0,1.0,1.0,0.0,qwen2_5_7b,egalite,0.999167799949646,0.746538519859314,0.8272745609283447,0.2994770109653473
9431b0c29c16ebf8,0.8,0.7000000000000001,1.0,0.0,qwen2_5_7b,inversion_stricte,0.8473443388938904,0.7561208605766296,0.4665048122406006,0.3363081216812134
946b4c530b12049d,1.0,0.9,0.30000000000000004,0.7000000000000001,qwen2_5_7b,meme_ordre,0.9985149502754211,0.6521446704864502,0.5954256653785706,0.49934589862823486
9492d7e4af20ccc4,0.1,0.0,1.0,0.9,qwen2_5_7b,meme_ordre,0.21205157041549683,0.9998436570167542,0.2728980779647827,0.8552495241165161
94d54c7ee46ecbcd,1.0,0.0,0.1,0.0,qwen2_5_7b,egalite,0.992929220199585,0.31174325942993164,0.1472974717617035,0.07545873522758484
9509daa1f7bbd80c,1.0,0.9,0.9,0.0,qwen2_5_7b,meme_ordre,0.9938319325447083,0.7683294415473938,0.5485799908638,0.08393042534589767
951a20244b7d161b,1.0,0.9,1.0,0.9,qwen2_5_7b,egalite,0.997542142868042,0.9978346228599548,0.7643579840660095,0.8297604322433472
9583b9257309d01f,1.0,0.9,1.0,0.0,qwen2_5_7b,egalite,0.9987461566925049,0.939088761806488,0.7276278734207153,0.15253208577632904
959b366fec0044a5,1.0,0.0,1.0,0.7000000000000001,qwen2_5_7b,egalite,0.9866964221000671,0.9557873010635376,0.14515818655490875,0.6346394419670105
95b7e31145c3d63c,1.0,1.0,0.30000000000000004,0.7000000000000001,qwen2_5_7b,meme_ordre,0.9832601547241211,0.5699996948242188,0.5160776376724243,0.5152034163475037
95f02629c826519c,1.0,1.0,1.0,0.0,qwen2_5_7b,egalite,0.9936341643333435,0.8878449201583862,0.5361257791519165,0.34838420152664185
96223e34c2c7a601,1.0,0.9,1.0,0.0,qwen2_5_7b,egalite,0.9990749955177307,0.984021782875061,0.715265154838562,0.4312358796596527
963842441c43d52e,1.0,0.7000000000000001,1.0,0.9,qwen2_5_7b,egalite,0.9921697378158569,0.9983463883399963,0.5671721696853638,0.6135778427124023
966c2f5a24320c09,1.0,0.0,1.0,0.9,qwen2_5_7b,egalite,0.8621713519096375,0.8150347471237183,0.34222412109375,0.712705671787262
966d183a0840741c,0.1,0.0,1.0,0.0,qwen2_5_7b,egalite,0.4083353281021118,0.9715206027030945,0.3410685658454895,0.29875025153160095
97339381d5f324ed,1.0,0.0,1.0,0.7000000000000001,qwen2_5_7b,egalite,0.9932217597961426,0.8961766362190247,0.3710712790489197,0.6200159192085266
976151cc6e63bfae,1.0,0.0,1.0,1.0,qwen2_5_7b,egalite,0.9919369220733643,0.9971372485160828,0.5173609256744385,0.7689285278320312
97fea2b0a7bdac75,1.0,1.0,1.0,1.0,qwen2_5_7b,egalite,0.999817430973053,0.9999673366546631,0.8977767825126648,0.962296724319458
9852e55efb50501d,1.0,0.0,0.1,0.0,qwen2_5_7b,egalite,0.8997921943664551,0.21290744841098785,0.19928990304470062,0.22340796887874603
98eaf63e3b9976f7,1.0,0.0,1.0,0.7000000000000001,qwen2_5_7b,egalite,0.9886789321899414,0.9420430064201355,0.5062090158462524,0.47518160939216614
9957797aa845cb99,1.0,0.9,1.0,0.9,qwen2_5_7b,egalite,0.996189296245575,0.9933593273162842,0.845652163028717,0.7266305685043335
9989ff7fc921a389,1.0,0.7000000000000001,1.0,0.7000000000000001,qwen2_5_7b,egalite,0.877649188041687,0.9089136719703674,0.5800465941429138,0.6045397520065308
99d3790c2b6a39e5,1.0,0.0,1.0,0.9,qwen2_5_7b,egalite,0.9827380776405334,0.9943711757659912,0.526057779788971,0.7190065383911133
9a62a89ccea2109f,1.0,1.0,1.0,0.0,qwen2_5_7b,egalite,0.9999579787254333,0.9851094484329224,0.9288340210914612,0.4034934341907501
9adfc7bf77b82033,1.0,0.7000000000000001,1.0,0.7000000000000001,qwen2_5_7b,egalite,0.9673579335212708,0.9630275368690491,0.6824688911437988,0.6410028338432312
9b6ad8cadf84b579,1.0,1.0,1.0,0.0,qwen2_5_7b,egalite,0.99952632188797,0.8346147537231445,0.8698939681053162,0.267114520072937
9b7b3fcb8c7c244c,1.0,0.0,1.0,0.7000000000000001,qwen2_5_7b,egalite,0.968400239944458,0.6809148788452148,0.3258095681667328,0.6120039224624634
9c5128001e9608b5,1.0,0.0,1.0,0.7000000000000001,qwen2_5_7b,egalite,0.9992520213127136,0.9029913544654846,0.13930462300777435,0.5813280940055847
9c59ab79438ec35b,1.0,0.0,1.0,0.9,qwen2_5_7b,egalite,0.6776268482208252,0.9981054067611694,0.47462916374206543,0.7037951946258545
9c7e346d7ae1429a,1.0,1.0,1.0,0.0,qwen2_5_7b,egalite,0.9980680346488953,0.6182743906974792,0.6301530003547668,0.27461904287338257
9d2cc2d9aefe2ffc,1.0,0.9,1.0,0.7000000000000001,qwen2_5_7b,egalite,0.9520171880722046,0.8546172380447388,0.750764012336731,0.59464430809021
9d3aa4c80844d6c2,1.0,0.0,1.0,1.0,qwen2_5_7b,egalite,0.9775623083114624,0.9930679202079773,0.2852688133716583,0.7809836268424988
9d55ff3d7f0eae35,1.0,0.0,0.1,0.0,qwen2_5_7b,egalite,0.9970473647117615,0.22499528527259827,0.313853919506073,0.29765239357948303
9d60b07411d91ec4,0.1,0.0,1.0,0.9,qwen2_5_7b,meme_ordre,0.1585334837436676,0.9957702159881592,0.2039395570755005,0.7797189950942993
9d62be0405110ecf,1.0,0.0,1.0,1.0,qwen2_5_7b,egalite,0.9944629073143005,0.9997857213020325,0.2812301516532898,0.9007062911987305
9df2a34ee46fa7f0,1.0,0.0,1.0,0.7000000000000001,qwen2_5_7b,egalite,0.9549667239189148,0.989605724811554,0.04833487421274185,0.6107643842697144
9df79379120db893,1.0,0.0,1.0,0.7000000000000001,qwen2_5_7b,egalite,0.9572662115097046,0.6996884346008301,0.07519286870956421,0.47340771555900574
9e01676dc494ca05,1.0,0.0,1.0,0.0,qwen2_5_7b,egalite,0.9741477370262146,0.9938886165618896,0.15076394379138947,0.3783833980560303
9e20350cb5dea2fe,1.0,0.9,1.0,0.0,qwen2_5_7b,egalite,0.9987536072731018,0.9857706427574158,0.7186340689659119,0.1753956377506256
9ebf490e081e200b,1.0,0.0,1.0,0.0,qwen2_5_7b,egalite,0.998958170413971,0.9152871370315552,0.27366334199905396,0.22853870689868927
9ee1553bf9307125,0.1,0.0,1.0,1.0,qwen2_5_7b,meme_ordre,0.2413778305053711,0.9994986057281494,0.2761525809764862,0.8167261481285095
9f7998342af9a05e,1.0,0.0,1.0,0.9,qwen2_5_7b,egalite,0.988156259059906,0.9705855846405029,0.06664968281984329,0.7033469080924988
9ffc2874cf3d2de3,0.1,0.7000000000000001,1.0,0.7000000000000001,qwen2_5_7b,egalite,0.18108244240283966,0.9085363745689392,0.4419499635696411,0.43096959590911865
9ffdb03a36078699,1.0,1.0,1.0,1.0,qwen2_5_7b,egalite,0.9991738200187683,0.9990444183349609,0.6439486742019653,0.6228143572807312
a0230aca0b7080f5,1.0,1.0,1.0,1.0,qwen2_5_7b,egalite,0.9998663067817688,0.9998971819877625,0.6996360421180725,0.7907729148864746
a06fbbb01e31ba97,1.0,0.9,1.0,1.0,qwen2_5_7b,egalite,0.9780426621437073,0.9732802510261536,0.7764264345169067,0.7076699733734131
a15efe8eac27528f,1.0,0.0,0.1,0.7000000000000001,qwen2_5_7b,inversion_stricte,0.7965912222862244,0.14052686095237732,0.3503015637397766,0.47667092084884644
a198e1ae1580a042,1.0,0.0,1.0,0.9,qwen2_5_7b,egalite,0.821143627166748,0.9762471914291382,0.13335087895393372,0.6059119701385498
a1ac9949b68307e6,0.1,0.0,1.0,1.0,qwen2_5_7b,meme_ordre,0.5072187781333923,0.9992088079452515,0.09191440790891647,0.8668745160102844
a1bf11174f8edc66,1.0,0.7000000000000001,1.0,0.7000000000000001,qwen2_5_7b,egalite,0.8589740991592407,0.9332061409950256,0.600398063659668,0.5597127079963684
a218b1ae4c06afa4,1.0,0.0,0.1,0.7000000000000001,qwen2_5_7b,inversion_stricte,0.8867171406745911,0.1844424456357956,0.4532407522201538,0.45181044936180115
a226e406bd374852,1.0,0.9,1.0,0.0,qwen2_5_7b,egalite,0.9760051965713501,0.929550051689148,0.6313585042953491,0.3188106119632721
a2975fa1bc0d0e82,1.0,0.7000000000000001,1.0,0.9,qwen2_5_7b,egalite,0.9995563626289368,0.9983670711517334,0.6121281385421753,0.6740621328353882
a2bbac9fac8cea9e,1.0,1.0,0.9,0.1,qwen2_5_7b,meme_ordre,0.9986931681632996,0.8571503758430481,0.9639348983764648,0.12958550453186035
a3739722612c56b7,1.0,0.0,1.0,1.0,qwen2_5_7b,egalite,0.6694028377532959,0.9921310544013977,0.4509730637073517,0.712848961353302
a37b07ddbb5d6571,1.0,0.7000000000000001,1.0,0.0,qwen2_5_7b,egalite,0.9971147775650024,0.960340142250061,0.5331315994262695,0.5108380913734436
a3df859d3a0c5e8c,1.0,0.0,1.0,0.0,qwen2_5_7b,egalite,0.9998965859413147,0.7164317965507507,0.08255472779273987,0.25888362526893616
a447795e78eb6d37,1.0,0.9,1.0,1.0,qwen2_5_7b,egalite,0.996080756187439,0.997340977191925,0.895709753036499,0.889301061630249
a48c9b0f0d9665f8,1.0,1.0,1.0,1.0,qwen2_5_7b,egalite,0.9981290102005005,0.9964137077331543,0.7546808123588562,0.8980023264884949
a49f2f465b5b8f5f,1.0,0.0,0.1,0.0,qwen2_5_7b,egalite,0.9930089116096497,0.17210306227207184,0.032220784574747086,0.016900204122066498
a4bbc8b5c98789f1,1.0,1.0,1.0,1.0,qwen2_5_7b,egalite,0.9996049404144287,0.99874347448349,0.9630420207977295,0.9348490834236145
a5df3dc3da0b1590,1.0,0.0,1.0,0.0,qwen2_5_7b,egalite,0.9903155565261841,0.9794424176216125,0.48230987787246704,0.45113471150398254
a6edf7b338fa2506,1.0,0.0,1.0,0.0,qwen2_5_7b,egalite,0.9995697140693665,0.9742684364318848,0.2656588554382324,0.34430453181266785
a75746d3344cfb3a,1.0,0.0,1.0,0.0,qwen2_5_7b,egalite,0.9984785318374634,0.8425419926643372,0.31538695096969604,0.06522177159786224
a7ff296cca5d951b,1.0,0.0,1.0,0.0,qwen2_5_7b,egalite,0.9965224862098694,0.9832839965820312,0.14910036325454712,0.41017791628837585
a815e0b0fc42de56,1.0,1.0,0.1,0.0,qwen2_5_7b,meme_ordre,0.980519711971283,0.18501338362693787,0.5507702827453613,0.09410449862480164
a86a16782f430354,1.0,0.0,1.0,0.0,qwen2_5_7b,egalite,0.9985089302062988,0.9923343062400818,0.3102267384529114,0.17612633109092712
a88ba9ecadf8cec4,1.0,1.0,1.0,1.0,qwen2_5_7b,egalite,0.9999027848243713,0.9999586343765259,0.9261001944541931,0.945785641670227
a96c8357210fd06f,0.1,0.7000000000000001,1.0,0.7000000000000001,qwen2_5_7b,egalite,0.21200434863567352,0.9918766021728516,0.5760506391525269,0.6470209360122681
a9c18cfd7ccf7dbd,1.0,0.0,1.0,0.0,qwen2_5_7b,egalite,0.9975141286849976,0.5316131114959717,0.06882847845554352,0.3546544909477234
aa0028e70c5ebf74,1.0,1.0,1.0,1.0,qwen2_5_7b,egalite,0.9969702363014221,0.9857745170593262,0.9504866003990173,0.7764409184455872
aa2c670cbe44fa0c,1.0,0.9,1.0,1.0,qwen2_5_7b,egalite,0.9952398538589478,0.9928582906723022,0.8756664395332336,0.894134521484375
aa5c230254444433,1.0,0.0,1.0,0.0,qwen2_5_7b,egalite,0.9921861290931702,0.5702836513519287,0.2514776885509491,0.09661775827407837
aa617e2db58ec991,1.0,1.0,1.0,0.0,qwen2_5_7b,egalite,0.9999817609786987,0.992587149143219,0.9633344411849976,0.42543652653694153
aaf3365a17e46991,1.0,0.7000000000000001,1.0,0.0,qwen2_5_7b,egalite,0.7529741525650024,0.7503458261489868,0.5345204472541809,0.14181014895439148
ab0746f21d5ea727,1.0,0.0,1.0,0.0,qwen2_5_7b,egalite,0.9985487461090088,0.9888712763786316,0.18118073046207428,0.4558008909225464
abb62ae663492150,1.0,0.7000000000000001,1.0,0.0,qwen2_5_7b,egalite,0.9574390053749084,0.9396118521690369,0.5683132410049438,0.30026933550834656
abd8666a2660d863,1.0,0.0,1.0,0.0,qwen2_5_7b,egalite,0.9448438286781311,0.9776632785797119,0.09263286739587784,0.2405337244272232
ac15a11207009786,1.0,0.7000000000000001,0.7000000000000001,0.7000000000000001,qwen2_5_7b,egalite,0.8788323998451233,0.7683879137039185,0.5469419956207275,0.6151190996170044
ac5569ec9efe7af9,1.0,0.9,1.0,1.0,qwen2_5_7b,egalite,0.9848766326904297,0.9992370009422302,0.5290238857269287,0.9432474374771118
ac8ab23b3e3fd25f,1.0,0.7000000000000001,1.0,1.0,qwen2_5_7b,egalite,0.856299877166748,0.9926270842552185,0.4645443260669708,0.6513503789901733
ad22a684f5b0536e,1.0,0.0,1.0,0.0,qwen2_5_7b,egalite,0.9891417622566223,0.9982061386108398,0.430555135011673,0.3971613645553589
ad88ffb946968c0f,1.0,1.0,0.9,0.9,qwen2_5_7b,meme_ordre,0.9570106267929077,0.9390933513641357,0.8886113166809082,0.7790606021881104
adc0396f90573771,1.0,0.0,1.0,0.0,qwen2_5_7b,egalite,0.9879733920097351,0.7718945145606995,0.35377055406570435,0.20413964986801147
ae7e6fe3f4f3287a,1.0,0.7000000000000001,1.0,1.0,qwen2_5_7b,egalite,0.8747785687446594,0.9833570718765259,0.4659477174282074,0.4891415238380432
ae8768cd15f2c491,1.0,1.0,1.0,0.0,qwen2_5_7b,egalite,0.9995817542076111,0.7466670274734497,0.5219902992248535,0.2604135572910309
ae97729bf054d1bb,0.1,0.0,1.0,0.0,qwen2_5_7b,egalite,0.1511385291814804,0.9867718815803528,0.09960822016000748,0.3202354609966278
af350f62a962ae47,1.0,0.0,1.0,1.0,qwen2_5_7b,egalite,0.9840843677520752,0.9999478459358215,0.04915424436330795,0.80705726146698
afa9ffaacac51aac,1.0,0.0,1.0,0.0,qwen2_5_7b,egalite,0.9599233865737915,0.9544825553894043,0.18145832419395447,0.5231783986091614
afae78bf8e608e9c,1.0,0.9,1.0,0.0,qwen2_5_7b,egalite,0.9867711663246155,0.8433588743209839,0.8618602752685547,0.24422234296798706
afe01ef3d4ca26a9,1.0,1.0,1.0,1.0,qwen2_5_7b,egalite,0.9994568228721619,0.9991980791091919,0.7363209128379822,0.8037585616111755
b069c352e530d5b8,1.0,0.0,1.0,0.7000000000000001,qwen2_5_7b,egalite,0.8092969655990601,0.8640464544296265,0.0908973217010498,0.4370366930961609
b06a5e307a5a9c60,1.0,0.0,0.1,0.0,qwen2_5_7b,egalite,0.9827365279197693,0.2996828854084015,0.3383587598800659,0.3375930190086365
b08b5c94a380dd66,1.0,0.0,1.0,1.0,qwen2_5_7b,egalite,0.9762960076332092,0.9806596636772156,0.4046035408973694,0.5005098581314087
b0dd536f5abb8f97,1.0,0.0,1.0,0.0,qwen2_5_7b,egalite,0.8654458522796631,0.8647051453590393,0.32140102982521057,0.2731766998767853
b11fa36c4ebd307f,1.0,0.0,1.0,1.0,qwen2_5_7b,egalite,0.9955869913101196,0.999944806098938,0.26018068194389343,0.9258019328117371
b1b9648b29c46a96,1.0,1.0,1.0,1.0,qwen2_5_7b,egalite,0.9989489316940308,0.9989309906959534,0.7927384972572327,0.8103139996528625
b1c5595f02a2ce52,1.0,0.7000000000000001,1.0,0.0,qwen2_5_7b,egalite,0.9989787936210632,0.9962679147720337,0.42093372344970703,0.36280256509780884
b1d00aa1dec8224c,1.0,0.7000000000000001,0.1,0.0,qwen2_5_7b,meme_ordre,0.8108792901039124,0.21152064204216003,0.537641704082489,0.3719279170036316
b2a75b68aa6179f8,1.0,0.0,1.0,0.0,qwen2_5_7b,egalite,0.9984671473503113,0.9943680167198181,0.13156703114509583,0.4416934549808502
b343c68c7c1d6e8a,1.0,0.7000000000000001,0.1,0.0,qwen2_5_7b,meme_ordre,0.8427808880805969,0.2870335578918457,0.5564166307449341,0.28141534328460693
b35e6c0fc5732ca0,1.0,0.9,1.0,0.0,qwen2_5_7b,egalite,0.9309145212173462,0.9587655663490295,0.5869210958480835,0.43182769417762756
b36c4ba33bd81a48,1.0,0.9,0.1,0.0,qwen2_5_7b,meme_ordre,0.999691903591156,0.2828748822212219,0.6744608879089355,0.40162941813468933
b36e8eeb18a1ed1b,1.0,0.7000000000000001,1.0,1.0,qwen2_5_7b,egalite,0.9015522599220276,0.9595502614974976,0.6080630421638489,0.6087316870689392
b39870b7f4527ddb,1.0,1.0,1.0,0.7000000000000001,qwen2_5_7b,egalite,0.9898409247398376,0.9692131280899048,0.5231677889823914,0.6848644614219666
b3eae522a9150aeb,1.0,0.7000000000000001,1.0,0.0,qwen2_5_7b,egalite,0.9962238669395447,0.9625210762023926,0.5795806050300598,0.5375735759735107
b4432f7f65da7425,1.0,0.7000000000000001,0.1,0.0,qwen2_5_7b,meme_ordre,0.8461218476295471,0.1481153666973114,0.6446430087089539,0.3823372721672058
b4ab3f8785203cd1,1.0,1.0,1.0,0.0,qwen2_5_7b,egalite,0.9998382925987244,0.9918838143348694,0.5073711276054382,0.3007504343986511
b4acf12c9bd6f345,1.0,0.0,1.0,0.0,qwen2_5_7b,egalite,0.9997764229774475,0.970339834690094,0.23184308409690857,0.04040781408548355
b4d2ba82e92962bb,1.0,1.0,1.0,0.0,qwen2_5_7b,egalite,0.9996181130409241,0.997282862663269,0.35302314162254333,0.33460885286331177
b4e7e8d6faa30077,1.0,0.0,1.0,0.9,qwen2_5_7b,egalite,0.9933335781097412,0.9992302656173706,0.030312664806842804,0.5465862154960632
b4e8a81af0c90380,1.0,0.0,0.1,0.0,qwen2_5_7b,egalite,0.9861997365951538,0.45462435483932495,0.14768284559249878,0.2534506618976593
b55a34b1bcf2bae1,1.0,0.9,1.0,0.0,qwen2_5_7b,egalite,0.9938699007034302,0.7478511333465576,0.5949084758758545,0.25392481684684753
b55b50dee27087e9,1.0,0.9,1.0,0.7000000000000001,qwen2_5_7b,egalite,0.9836052656173706,0.9645209312438965,0.7944366931915283,0.5493510961532593
b567d6038905d630,1.0,1.0,1.0,1.0,qwen2_5_7b,egalite,0.9825836420059204,0.9916344881057739,0.7582212686538696,0.7662659287452698
b61ef4b3136a25e7,1.0,1.0,1.0,1.0,qwen2_5_7b,egalite,0.9968490600585938,0.999068558216095,0.7515899538993835,0.8411281108856201
b636098c0031d8b4,1.0,1.0,1.0,1.0,qwen2_5_7b,egalite,0.9998894333839417,0.9997368454933167,0.8422845602035522,0.8724433779716492
b64462e30aab0327,1.0,1.0,1.0,1.0,qwen2_5_7b,egalite,0.9995210766792297,0.9961709976196289,0.8749996423721313,0.8890519142150879
b707d73a22bad1e0,1.0,1.0,1.0,0.0,qwen2_5_7b,egalite,0.9990972876548767,0.8964971303939819,0.3759031593799591,0.23173296451568604
b7a37f0bc8b3959c,1.0,0.0,1.0,0.0,qwen2_5_7b,egalite,0.9933933615684509,0.977680504322052,0.09308630973100662,0.42266690731048584
b834699ef5825dda,1.0,1.0,1.0,0.0,qwen2_5_7b,egalite,0.9955135583877563,0.9792739152908325,0.5744073987007141,0.39338716864585876
b958bf10a9d160f6,1.0,1.0,1.0,0.9,qwen2_5_7b,egalite,0.988436758518219,0.980644702911377,0.7853425145149231,0.6034424304962158
b9b8fee552763073,1.0,1.0,1.0,1.0,qwen2_5_7b,egalite,0.9974336624145508,0.998884379863739,0.7956576943397522,0.8904838562011719
b9d164d3286cc381,1.0,0.0,1.0,1.0,qwen2_5_7b,egalite,0.9948164820671082,0.9992112517356873,0.24756693840026855,0.6627776622772217
b9df042807fb42e1,1.0,0.0,0.1,0.0,qwen2_5_7b,egalite,0.9968253970146179,0.36337316036224365,0.3907356560230255,0.31423258781433105
b9ed495dc8a0c290,1.0,1.0,1.0,1.0,qwen2_5_7b,egalite,0.9978426098823547,0.9687544703483582,0.46908244490623474,0.5862708687782288
bac1babf02a8c742,1.0,1.0,1.0,1.0,qwen2_5_7b,egalite,0.9996059536933899,0.9994692206382751,0.9842274188995361,0.9694139361381531
bad5ea38d8fefa09,1.0,0.9,1.0,0.0,qwen2_5_7b,egalite,0.9942843914031982,0.9809486269950867,0.6599934101104736,0.07155753672122955
bae0dbcfe34ab384,1.0,0.0,1.0,0.0,qwen2_5_7b,egalite,0.993297278881073,0.9868268370628357,0.06969958543777466,0.4486100971698761
bb91dfdf322d110d,1.0,0.9,1.0,0.7000000000000001,qwen2_5_7b,egalite,0.852978527545929,0.8396047353744507,0.7517529129981995,0.5472725033760071
bbfd37f76f1eba2a,1.0,0.7000000000000001,1.0,0.9,qwen2_5_7b,egalite,0.9934744238853455,0.9852907657623291,0.5785189867019653,0.6518896818161011
bc7c12296ccddfea,1.0,1.0,1.0,0.9,qwen2_5_7b,egalite,0.9896695613861084,0.9912402033805847,0.5379552245140076,0.6885597705841064
bc94689def180a35,1.0,0.0,1.0,0.0,qwen2_5_7b,egalite,0.6486419439315796,0.9374562501907349,0.32128453254699707,0.27823612093925476
bce136e82ec829cd,1.0,0.0,1.0,0.9,qwen2_5_7b,egalite,0.9948422908782959,0.9907069206237793,0.39043623208999634,0.6963831186294556
bceb04cdec4011e6,1.0,0.0,1.0,0.0,qwen2_5_7b,egalite,0.996155858039856,0.9036791920661926,0.2523100674152374,0.18629544973373413
bd152ad98952877a,1.0,0.0,1.0,0.0,qwen2_5_7b,egalite,0.9991155862808228,0.8075310587882996,0.15405701100826263,0.3280486464500427
bddcff36f611b417,1.0,0.0,1.0,0.0,qwen2_5_7b,egalite,0.9772732853889465,0.8719164133071899,0.2618764638900757,0.37104514241218567
be08397ee15b0cd2,1.0,1.0,1.0,0.9,qwen2_5_7b,egalite,0.999163806438446,0.9879406094551086,0.5455127954483032,0.5243990421295166
be8e6082d20d510f,1.0,0.0,1.0,0.0,qwen2_5_7b,egalite,0.9934150576591492,0.9982122778892517,0.1744394451379776,0.5094143152236938
bebd31fcf1c376db,1.0,0.9,1.0,0.9,qwen2_5_7b,egalite,0.9980180859565735,0.983802080154419,0.7394854426383972,0.678561806678772
befe6586bf7e2f38,1.0,1.0,1.0,1.0,qwen2_5_7b,egalite,0.9660487771034241,0.9800598621368408,0.7009451389312744,0.7096900343894958
bf1bc189c7bd9a9c,1.0,1.0,1.0,0.0,qwen2_5_7b,egalite,0.9992820620536804,0.7650119662284851,0.8243708610534668,0.34083250164985657
bf34c09eca3f74bf,0.1,0.0,1.0,0.9,qwen2_5_7b,meme_ordre,0.1181376725435257,0.9766638875007629,0.38680824637413025,0.7434371113777161
bfcc87ba2060c703,1.0,0.7000000000000001,1.0,0.9,qwen2_5_7b,egalite,0.9423699975013733,0.9258838295936584,0.7092875242233276,0.6188938021659851
c065711346126d46,1.0,1.0,1.0,1.0,qwen2_5_7b,egalite,0.9987390637397766,0.9967992305755615,0.7826297283172607,0.6155951023101807
c0c62e4aacc574e7,1.0,0.0,1.0,0.0,qwen2_5_7b,egalite,0.9987689256668091,0.9086261987686157,0.39714106917381287,0.41414007544517517
c0c9b6c63cc87ab8,1.0,0.0,1.0,0.0,qwen2_5_7b,egalite,0.9714500904083252,0.6548701524734497,0.11899092048406601,0.38123536109924316
c1a8d3e94bc8fb40,1.0,0.9,1.0,0.7000000000000001,qwen2_5_7b,egalite,0.950509250164032,0.8946996927261353,0.580918550491333,0.5388053059577942
c1ac49018a0e2a86,1.0,0.0,1.0,1.0,qwen2_5_7b,egalite,0.9685996770858765,0.9993759989738464,0.4751865565776825,0.8120601773262024
c1b5c3ea579fba13,1.0,0.0,1.0,0.0,qwen2_5_7b,egalite,0.9964373707771301,0.9951356649398804,0.3580041229724884,0.3222087621688843
c1ca82582f1f8e7c,1.0,0.0,1.0,0.0,qwen2_5_7b,egalite,0.9853805303573608,0.8351559042930603,0.12466535717248917,0.12024109810590744
c1d3f49e32eb63ba,1.0,1.0,1.0,1.0,qwen2_5_7b,egalite,0.9993075728416443,0.9972707629203796,0.9374750852584839,0.8572742342948914
c1f5aea3463b2127,1.0,0.7000000000000001,1.0,0.9,qwen2_5_7b,egalite,0.9747471213340759,0.979637086391449,0.5570398569107056,0.6495333313941956
c2423e21a7b8024a,1.0,0.9,1.0,0.9,qwen2_5_7b,egalite,0.9998148083686829,0.9954887628555298,0.838923990726471,0.7210538387298584
c2c888ec9d7fb683,1.0,0.7000000000000001,1.0,0.9,qwen2_5_7b,egalite,0.9687439203262329,0.996531069278717,0.5359883904457092,0.8439143896102905
c2f5df3fcbbb6bab,1.0,0.0,0.1,0.0,qwen2_5_7b,egalite,0.9698492884635925,0.16145724058151245,0.4242071509361267,0.24917377531528473
c2ffd4b0052710b1,1.0,0.0,1.0,0.0,qwen2_5_7b,egalite,0.9454374313354492,0.9906741976737976,0.2631474733352661,0.4069807827472687
c3917ac55e61df49,1.0,0.0,1.0,0.0,qwen2_5_7b,egalite,0.9554303288459778,0.9455986022949219,0.21615886688232422,0.35478854179382324
c4cfcfef90c0c76b,1.0,1.0,1.0,0.0,qwen2_5_7b,egalite,0.9918016791343689,0.9888008236885071,0.3314552903175354,0.33957308530807495
c4e7b1e2de3ef1c7,1.0,0.7000000000000001,1.0,0.9,qwen2_5_7b,egalite,0.9876007437705994,0.9855052828788757,0.6583094596862793,0.724627673625946
c53949c378c6a90c,1.0,0.0,1.0,0.0,qwen2_5_7b,egalite,0.9982523322105408,0.9300858378410339,0.3716161847114563,0.5391215682029724
c596f72c0994d0a5,1.0,1.0,0.9,0.1,qwen2_5_7b,meme_ordre,0.9428989887237549,0.821660578250885,0.8162515163421631,0.18985772132873535
c68387701a2f94d5,1.0,1.0,1.0,0.0,qwen2_5_7b,egalite,0.9894195795059204,0.9389723539352417,0.6734440922737122,0.18938055634498596
c694de1b3c4c5c70,1.0,0.0,1.0,1.0,qwen2_5_7b,egalite,0.9973084330558777,0.9996168613433838,0.47664594650268555,0.8822585940361023
c6bcc653ff1ec8b9,0.7000000000000001,0.7000000000000001,1.0,0.7000000000000001,qwen2_5_7b,egalite,0.8344061970710754,0.9297142028808594,0.46880364418029785,0.5755283832550049
c762d91cd7a5f4e6,1.0,0.0,1.0,0.0,qwen2_5_7b,egalite,0.995266318321228,0.9822057485580444,0.0778876468539238,0.35908156633377075
c7b1a5e7aadc5d9e,1.0,0.0,1.0,0.0,qwen2_5_7b,egalite,0.6353546380996704,0.9899670481681824,0.18194760382175446,0.4556632936000824
c85975e9f3e41e2e,1.0,0.0,1.0,1.0,qwen2_5_7b,egalite,0.9470173120498657,0.9960705637931824,0.07886777818202972,0.6337379217147827
c8e535a2ea063c50,1.0,0.0,1.0,0.0,qwen2_5_7b,egalite,0.9815334677696228,0.9559917449951172,0.4600415527820587,0.4248046576976776
c906cc2f359d0e15,0.1,0.0,0.30000000000000004,0.7000000000000001,qwen2_5_7b,meme_ordre,0.4143376350402832,0.5315793752670288,0.38207554817199707,0.45301616191864014
c92f416cedbd55e6,0.1,0.0,1.0,1.0,qwen2_5_7b,meme_ordre,0.11406299471855164,0.9999021291732788,0.1568317860364914,0.9114709496498108
c93cbfcb39be3722,1.0,0.9,1.0,0.7000000000000001,qwen2_5_7b,egalite,0.9012728929519653,0.9677819609642029,0.6741361618041992,0.5073243379592896
c98d03a1d0475291,1.0,0.9,1.0,0.7000000000000001,qwen2_5_7b,egalite,0.9837840795516968,0.9045789837837219,0.68398118019104,0.5231950283050537
c9994f84b0029e56,1.0,1.0,1.0,1.0,qwen2_5_7b,egalite,0.9998190999031067,0.9768021106719971,0.9761651754379272,0.7478171586990356
c9a95a725a2d9ce6,1.0,0.5,1.0,0.0,qwen2_5_7b,egalite,0.9496111273765564,0.9846798777580261,0.5521301627159119,0.49779313802719116
c9c342035f91b62a,1.0,1.0,1.0,0.0,qwen2_5_7b,egalite,0.972970724105835,0.9499924182891846,0.8833550214767456,0.04339978098869324
c9eb1ecf0b1b36d5,1.0,0.0,1.0,0.0,qwen2_5_7b,egalite,0.9950698018074036,0.8778809309005737,0.25826653838157654,0.25555866956710815
c9fc7a1a3e928b5a,1.0,1.0,1.0,0.9,qwen2_5_7b,egalite,0.9999766945838928,0.998796284198761,0.9876130819320679,0.7618459463119507
ca03258ee2552488,0.9,1.0,1.0,1.0,qwen2_5_7b,egalite,0.9415178298950195,0.9412364959716797,0.6188563704490662,0.6560528874397278
caff125d25466b98,1.0,0.0,1.0,0.7000000000000001,qwen2_5_7b,egalite,0.9956924319267273,0.8281622529029846,0.0967315062880516,0.4633174538612366
cb57cd67c9df1562,1.0,0.7000000000000001,1.0,0.7000000000000001,qwen2_5_7b,egalite,0.7420428991317749,0.6831951141357422,0.5255138278007507,0.5031779408454895
cc2c3e675a43a653,1.0,0.9,1.0,0.7000000000000001,qwen2_5_7b,egalite,0.9879555702209473,0.9103005528450012,0.6275382041931152,0.5621994733810425
cc8e5a29e02b6f53,1.0,0.0,1.0,0.7000000000000001,qwen2_5_7b,egalite,0.9807683229446411,0.9130987524986267,0.38636156916618347,0.5734174847602844
cca9be95688a0fad,1.0,0.7000000000000001,1.0,1.0,qwen2_5_7b,egalite,0.8233063817024231,0.9997600317001343,0.44897663593292236,0.5193516612052917
cd59cf33b84dbbe0,1.0,1.0,1.0,0.0,qwen2_5_7b,egalite,0.9924708604812622,0.9165488481521606,0.9036809802055359,0.16577433049678802
cd8f1aa24b30584f,1.0,0.7000000000000001,1.0,1.0,qwen2_5_7b,egalite,0.9993823766708374,0.9937692284584045,0.4839364290237427,0.6056964993476868
ce1d05f6964bf1f5,1.0,0.7000000000000001,0.8,0.0,qwen2_5_7b,meme_ordre,0.9857689142227173,0.8210943341255188,0.6273358464241028,0.0801127552986145
ce3da51df70246aa,0.1,0.0,1.0,1.0,qwen2_5_7b,meme_ordre,0.22463780641555786,0.9841744899749756,0.3313419222831726,0.6866325736045837
ce8b076e67be117f,0.1,0.0,1.0,0.0,qwen2_5_7b,egalite,0.2263401448726654,0.8818684220314026,0.36655953526496887,0.2541086971759796
cf11d42197c59876,1.0,1.0,1.0,1.0,qwen2_5_7b,egalite,0.999550998210907,0.9999376535415649,0.6710651516914368,0.9652570486068726
cf837a506c1ef189,1.0,0.0,1.0,0.7000000000000001,qwen2_5_7b,egalite,0.9954199194908142,0.9955072402954102,0.16596044600009918,0.5253913402557373
cf87b209083db05b,1.0,1.0,1.0,0.9,qwen2_5_7b,egalite,0.9997385144233704,0.9987304210662842,0.6053026914596558,0.7210086584091187
cf9e96d8330b1056,1.0,1.0,1.0,0.0,qwen2_5_7b,egalite,0.973550021648407,0.7472497820854187,0.5080292820930481,0.2641165852546692
cfb4e70c04d45d94,1.0,0.0,1.0,0.0,qwen2_5_7b,egalite,0.9981614351272583,0.9990238547325134,0.06481266021728516,0.3158649504184723
cfd6da575429719c,1.0,0.0,1.0,1.0,qwen2_5_7b,egalite,0.9878378510475159,0.9983478784561157,0.11435475945472717,0.6867793202400208
d01615c9ef0c1486,1.0,0.9,1.0,0.7000000000000001,qwen2_5_7b,egalite,0.9860116243362427,0.9939664006233215,0.639242947101593,0.5883826613426208
d08f4b6046ac0000,1.0,0.7000000000000001,1.0,0.0,qwen2_5_7b,egalite,0.8232036232948303,0.7557605504989624,0.5039125084877014,0.46658918261528015
d0cb0ecf0fb4f20e,1.0,1.0,1.0,0.0,qwen2_5_7b,egalite,0.9976197481155396,0.9614445567131042,0.6168813705444336,0.3683387339115143
d12ef20e45931369,1.0,0.0,1.0,0.7000000000000001,qwen2_5_7b,egalite,0.9115147590637207,0.799850583076477,0.16820289194583893,0.593039870262146
d130bcafb6d4857b,1.0,0.9,1.0,0.9,qwen2_5_7b,egalite,0.9992425441741943,0.9996765851974487,0.6427091956138611,0.8262532949447632
d142fc26860bc13f,1.0,0.0,1.0,0.0,qwen2_5_7b,egalite,0.999517023563385,0.988298237323761,0.28523877263069153,0.2262023240327835
d1828ef1fed35212,1.0,0.0,1.0,0.9,qwen2_5_7b,egalite,0.9953379034996033,0.9953780770301819,0.1465345174074173,0.7579982876777649
d1f49725319a8992,1.0,0.9,1.0,0.7000000000000001,qwen2_5_7b,egalite,0.9890581965446472,0.9799227118492126,0.7971930503845215,0.5895285606384277
d230a134fe1575ed,1.0,1.0,1.0,0.9,qwen2_5_7b,egalite,0.9993423223495483,0.994745671749115,0.8726769685745239,0.83864426612854
d28dd71f5793f297,1.0,1.0,1.0,1.0,qwen2_5_7b,egalite,0.9998645186424255,0.9998880624771118,0.8814786076545715,0.8869775533676147
d2f347df24262a3f,1.0,1.0,1.0,1.0,qwen2_5_7b,egalite,0.9895205497741699,0.9868526458740234,0.6473809480667114,0.5983043313026428
d3196b6bc0b067f9,1.0,0.0,1.0,0.0,qwen2_5_7b,egalite,0.9447117447853088,0.9899207949638367,0.3675500750541687,0.2041938602924347
d329ef27916bd35a,1.0,1.0,1.0,0.0,qwen2_5_7b,egalite,0.9999355673789978,0.9632551074028015,0.6507483124732971,0.0981045812368393
d34ade1a4aef98f6,1.0,1.0,1.0,0.0,qwen2_5_7b,egalite,0.9975970387458801,0.9821498990058899,0.5290927886962891,0.35077929496765137
d3fad68c76b693d7,1.0,0.0,1.0,0.9,qwen2_5_7b,egalite,0.9886054396629333,0.9002603888511658,0.2443726360797882,0.6604502201080322
d42441f9b63d6489,1.0,1.0,1.0,0.7000000000000001,qwen2_5_7b,egalite,0.9028650522232056,0.7819231152534485,0.7182385921478271,0.6617907881736755
d519c84a3d272208,1.0,1.0,1.0,1.0,qwen2_5_7b,egalite,0.9927251935005188,0.988706648349762,0.7224273681640625,0.6889083385467529
d53f2902ea3acf64,1.0,1.0,1.0,1.0,qwen2_5_7b,egalite,0.987881064414978,0.9958274960517883,0.6702337265014648,0.7570405602455139
d624b08c1c4c57e1,1.0,1.0,0.1,0.0,qwen2_5_7b,meme_ordre,0.9956464171409607,0.2501544952392578,0.9382491707801819,0.1304575800895691
d713be3cd6470c51,1.0,0.0,1.0,0.0,qwen2_5_7b,egalite,0.7555032968521118,0.5739034414291382,0.3721507489681244,0.3236462473869324
d7bb11e810e56393,1.0,0.0,1.0,0.9,qwen2_5_7b,egalite,0.9831265211105347,0.9730088710784912,0.17214223742485046,0.6051269173622131
d820d0b13c589a3a,0.1,0.0,1.0,0.0,qwen2_5_7b,egalite,0.36514633893966675,0.5982285737991333,0.24457389116287231,0.07178632915019989
d86c6e40b0e0d798,1.0,0.0,1.0,0.0,qwen2_5_7b,egalite,0.9985588788986206,0.9648644924163818,0.23162853717803955,0.2765173316001892
d8ad1a58235204a0,1.0,0.9,1.0,0.9,qwen2_5_7b,egalite,0.9954149723052979,0.9912482500076294,0.8895857930183411,0.8901690244674683
d8fb333bcbe5e49a,0.1,0.5,1.0,0.0,qwen2_5_7b,inversion_stricte,0.12488828599452972,0.9202653169631958,0.41966384649276733,0.3617202937602997
d965265524c54a8a,1.0,0.0,1.0,0.7000000000000001,qwen2_5_7b,egalite,0.9863837361335754,0.8938543200492859,0.3524322211742401,0.4310111999511719
d981b78ed7713b6a,1.0,0.7000000000000001,1.0,0.0,qwen2_5_7b,egalite,0.8477178812026978,0.8870328664779663,0.5837247967720032,0.4539337754249573
d9b6b524dc561962,1.0,1.0,1.0,1.0,qwen2_5_7b,egalite,0.9996073246002197,0.9997254014015198,0.9357858300209045,0.9462544918060303
d9ba654b17637148,1.0,0.0,1.0,0.9,qwen2_5_7b,egalite,0.9967562556266785,0.9355088472366333,0.11733099073171616,0.6698784828186035
da975c3183b17f3e,1.0,0.0,1.0,0.9,qwen2_5_7b,egalite,0.9983140230178833,0.960293173789978,0.4300769865512848,0.56437748670578
daa897f850b3def0,1.0,1.0,1.0,0.0,qwen2_5_7b,egalite,0.9937167167663574,0.983096718788147,0.5690053105354309,0.3503284454345703
dad055fc0b31ba82,1.0,1.0,1.0,1.0,qwen2_5_7b,egalite,0.9995906352996826,0.9996700882911682,0.938456654548645,0.9234379529953003
daf016ae6a454272,0.1,0.0,1.0,1.0,qwen2_5_7b,meme_ordre,0.22899901866912842,0.9971323013305664,0.3058457672595978,0.8949301838874817
db78b33dce5354e6,1.0,0.0,1.0,0.0,qwen2_5_7b,egalite,0.9574870467185974,0.7948076128959656,0.36931630969047546,0.31076952815055847
db91565e9047a448,1.0,0.9,0.1,0.0,qwen2_5_7b,meme_ordre,0.9993278980255127,0.27227944135665894,0.7408166527748108,0.3292507529258728
db95ddaf3a1562fb,1.0,1.0,1.0,1.0,qwen2_5_7b,egalite,0.9976826310157776,0.9992550611495972,0.2590359151363373,0.8272790312767029
dbc745e0f3ce1b95,1.0,0.0,1.0,0.0,qwen2_5_7b,egalite,0.892947793006897,0.9442332983016968,0.24012991786003113,0.06526823341846466
dbf83fc9aa7bbd54,1.0,0.0,1.0,0.0,qwen2_5_7b,egalite,0.9980684518814087,0.5969148874282837,0.28584399819374084,0.08145245909690857
dc15b72c1671f7e9,1.0,1.0,1.0,1.0,qwen2_5_7b,egalite,0.8617361187934875,0.9426250457763672,0.30872634053230286,0.8525156378746033
dcfb301985790adf,1.0,0.0,1.0,0.0,qwen2_5_7b,egalite,0.45975619554519653,0.7726809978485107,0.3702174425125122,0.23241305351257324
dd6ff7e99ed3590b,1.0,0.7000000000000001,1.0,0.7000000000000001,qwen2_5_7b,egalite,0.997790515422821,0.9951388835906982,0.5734401345252991,0.5295594930648804
dd7812e760b79c1b,0.1,0.0,1.0,0.0,qwen2_5_7b,egalite,0.35187995433807373,0.8380275964736938,0.400009423494339,0.4287221133708954
dde72772d77c9d22,1.0,0.0,1.0,1.0,qwen2_5_7b,egalite,0.9943236112594604,0.9999090433120728,0.18306824564933777,0.8132550120353699
ddea97fd028744b4,0.1,0.0,0.1,0.0,qwen2_5_7b,egalite,0.2916494905948639,0.4542204737663269,0.38565585017204285,0.3775765001773834
ddf1380bb21b8ce3,1.0,0.0,0.8,0.0,qwen2_5_7b,egalite,0.985135018825531,0.6748049259185791,0.0845363512635231,0.09877221286296844
de167f69e2e32110,1.0,0.7000000000000001,1.0,0.9,qwen2_5_7b,egalite,0.9804996848106384,0.9974116683006287,0.5072580575942993,0.7300505638122559
de26941ea7c7c569,1.0,1.0,1.0,1.0,qwen2_5_7b,egalite,0.9999496340751648,0.9998075366020203,0.911427915096283,0.8739389181137085
de56d16357a75ef1,1.0,0.0,1.0,1.0,qwen2_5_7b,egalite,0.9464862942695618,0.9999037384986877,0.06436476111412048,0.8460057973861694
deb4cbcdc86d2217,1.0,0.9,1.0,0.7000000000000001,qwen2_5_7b,egalite,0.9642383456230164,0.9363218545913696,0.6574257612228394,0.4818491041660309
dec6f438be5518f7,1.0,0.7000000000000001,1.0,0.9,qwen2_5_7b,egalite,0.839747965335846,0.8848024606704712,0.5796670913696289,0.5880340933799744
dfa76b4cc935ea9d,1.0,1.0,1.0,1.0,qwen2_5_7b,egalite,0.9888383746147156,0.9460685849189758,0.6861497163772583,0.7051600217819214
dfe8b5fc506ff213,1.0,0.0,0.8,0.7000000000000001,qwen2_5_7b,inversion_stricte,0.7950090765953064,0.8320245742797852,0.2895864248275757,0.5607056021690369
dff970349743006f,1.0,0.0,1.0,1.0,qwen2_5_7b,egalite,0.9980735778808594,0.9976022839546204,0.3345221281051636,0.3904857933521271
dffcf27ab35c8ab1,1.0,0.7000000000000001,1.0,0.0,qwen2_5_7b,egalite,0.9821859002113342,0.8723688721656799,0.5720768570899963,0.2783764600753784
e06d67d108547684,1.0,1.0,1.0,1.0,qwen2_5_7b,egalite,0.9856878519058228,0.8352704048156738,0.8079907298088074,0.623669445514679
e12044c887ab2d0e,1.0,0.0,0.30000000000000004,0.7000000000000001,qwen2_5_7b,inversion_stricte,0.47333309054374695,0.45927444100379944,0.06744276732206345,0.5334376692771912
e1847af0a85b73b9,1.0,0.9,1.0,1.0,qwen2_5_7b,egalite,0.9526535272598267,0.986354410648346,0.655292809009552,0.765400230884552
e1a7e6c91013d697,0.1,0.0,1.0,0.0,qwen2_5_7b,egalite,0.2044951319694519,0.947114109992981,0.3508351445198059,0.16655366122722626
e1b622c1a07b01c9,1.0,0.0,1.0,0.0,qwen2_5_7b,egalite,0.7792655229568481,0.9589315056800842,0.2826805114746094,0.3093022108078003
e1e4ff2e3b3664a1,1.0,0.7000000000000001,1.0,0.9,qwen2_5_7b,egalite,0.9760199785232544,0.94561368227005,0.6041527986526489,0.7564400434494019
e1e88153983d6416,1.0,0.9,1.0,1.0,qwen2_5_7b,egalite,0.9989027976989746,0.9999545812606812,0.8592062592506409,0.9558003544807434
e27d8a24b6195c27,1.0,0.0,1.0,1.0,qwen2_5_7b,egalite,0.9962401986122131,0.9991976618766785,0.07398591935634613,0.7963030934333801
e2967551ecbd1d6c,1.0,1.0,1.0,0.7000000000000001,qwen2_5_7b,egalite,0.9971439242362976,0.8637514114379883,0.6685265302658081,0.41243550181388855
e29e727003766a2e,1.0,0.7000000000000001,1.0,0.7000000000000001,qwen2_5_7b,egalite,0.996164083480835,0.9834771752357483,0.42949238419532776,0.48536160588264465
e2a8c094d8e245ba,1.0,0.9,1.0,0.9,qwen2_5_7b,egalite,0.9878469705581665,0.9784690141677856,0.8516319394111633,0.7137651443481445
e2c050a5e8496b1a,1.0,0.7000000000000001,1.0,0.7000000000000001,qwen2_5_7b,egalite,0.9974920153617859,0.9242609739303589,0.5744990706443787,0.6093769669532776
e2fdea546d6c589f,1.0,0.1,1.0,1.0,qwen2_5_7b,egalite,0.9747354984283447,0.9676695466041565,0.11680850386619568,0.7677096128463745
e333835aa2786e79,1.0,0.9,1.0,1.0,qwen2_5_7b,egalite,0.9976202249526978,0.9996558427810669,0.6918227076530457,0.8073127269744873
e34140c5ae2e6845,1.0,0.7000000000000001,1.0,1.0,qwen2_5_7b,egalite,0.9691349864006042,0.9966574907302856,0.41206252574920654,0.8053222894668579
e352a2310e2523f3,1.0,1.0,1.0,1.0,qwen2_5_7b,egalite,0.9998648166656494,0.9997431635856628,0.8089895844459534,0.9515237808227539
e38b7bda14d30315,1.0,0.0,1.0,1.0,qwen2_5_7b,egalite,0.9494401812553406,0.9840808510780334,0.18797145783901215,0.8321964740753174
e3c6559383ae0881,1.0,1.0,1.0,1.0,qwen2_5_7b,egalite,0.9938480257987976,0.9994929432868958,0.6197512745857239,0.9358354806900024
e41798d429d78e06,1.0,0.0,1.0,0.9,qwen2_5_7b,egalite,0.9020162224769592,0.9980304837226868,0.23271846771240234,0.8056063055992126
e497b22ebd655863,0.7000000000000001,0.7000000000000001,1.0,0.9,qwen2_5_7b,meme_ordre,0.7808574438095093,0.9844686388969421,0.5977382659912109,0.6767858862876892
e56883409c82540c,1.0,0.7000000000000001,1.0,0.9,qwen2_5_7b,egalite,0.9735385179519653,0.9161298871040344,0.5981729626655579,0.6894296407699585
e58568b123dcfbf8,1.0,1.0,1.0,1.0,qwen2_5_7b,egalite,0.9951426982879639,0.9977865219116211,0.8654577136039734,0.8364465236663818
e5a6771faf8ce951,1.0,0.0,1.0,0.0,qwen2_5_7b,egalite,0.9191051125526428,0.795881450176239,0.47722572088241577,0.279532790184021
e5f09400d086db9f,1.0,1.0,1.0,0.0,qwen2_5_7b,egalite,0.8572457432746887,0.9612114429473877,0.34957653284072876,0.10820679366588593
e610167900919fd4,1.0,1.0,1.0,1.0,qwen2_5_7b,egalite,0.9883010387420654,0.9774622917175293,0.7152772545814514,0.5054838061332703
e65f6dccfc83cee4,1.0,0.7000000000000001,1.0,0.0,qwen2_5_7b,egalite,0.7500301599502563,0.8897413611412048,0.6695294380187988,0.2911030352115631
e713318cbbd4e025,1.0,0.9,1.0,1.0,qwen2_5_7b,egalite,0.9894869327545166,0.9997348189353943,0.8665507435798645,0.9386131763458252
e721483c0ca07263,1.0,0.0,1.0,0.7000000000000001,qwen2_5_7b,egalite,0.9208270907402039,0.9687392115592957,0.3689933121204376,0.5746741890907288
e72dc107c52c558f,1.0,0.7000000000000001,1.0,0.7000000000000001,qwen2_5_7b,egalite,0.6170758008956909,0.7010189890861511,0.4524378180503845,0.55741286277771
e74519518a6f4df6,1.0,1.0,1.0,1.0,qwen2_5_7b,egalite,0.9995937943458557,0.9991995096206665,0.923508882522583,0.8783618807792664
e807f50c78a8f184,1.0,0.0,1.0,0.0,qwen2_5_7b,egalite,0.9948110580444336,0.982010006904602,0.24509139358997345,0.4149863123893738
e81a4fb5b2dea5a1,1.0,0.0,1.0,0.0,qwen2_5_7b,egalite,0.9893801808357239,0.7082383036613464,0.2665615975856781,0.338151752948761
e82141dbcb8a097f,1.0,0.0,0.1,0.0,qwen2_5_7b,egalite,0.9819567203521729,0.42515870928764343,0.47617411613464355,0.2529865801334381
e8ec37bbf45f257c,1.0,0.9,1.0,0.9,qwen2_5_7b,egalite,0.9979551434516907,0.9998259544372559,0.6716030240058899,0.8317607045173645
e93729b2b4196785,1.0,0.7000000000000001,0.1,0.0,qwen2_5_7b,meme_ordre,0.8766865134239197,0.36187607049942017,0.6902610063552856,0.3297959566116333
e9766168d8912076,0.1,0.0,1.0,0.0,qwen2_5_7b,egalite,0.12667836248874664,0.9346179962158203,0.4159320592880249,0.35679516196250916
e9b2c4cd41698286,1.0,0.0,1.0,0.0,qwen2_5_7b,egalite,0.9972336292266846,0.9614624977111816,0.510310709476471,0.33272847533226013
e9f192f25ffa0f88,1.0,1.0,1.0,1.0,qwen2_5_7b,egalite,0.9840294718742371,0.9992365837097168,0.6975970268249512,0.907732367515564
ea8d4b1f59827a46,1.0,0.1,1.0,0.9,qwen2_5_7b,egalite,0.8314290046691895,0.9875057935714722,0.07739171385765076,0.7279473543167114
ead02ae955988e3c,1.0,1.0,1.0,1.0,qwen2_5_7b,egalite,0.9594897627830505,0.9961881041526794,0.72367924451828,0.9915855526924133
eb26e4737d9da432,1.0,0.0,1.0,0.9,qwen2_5_7b,egalite,0.996219277381897,0.9347535967826843,0.2131957858800888,0.8655439615249634
eb52e90449375c13,1.0,0.9,1.0,0.0,qwen2_5_7b,egalite,0.999512255191803,0.9854012727737427,0.7635757327079773,0.327543169260025
ebb7d89033422504,0.1,0.0,1.0,0.0,qwen2_5_7b,egalite,0.30876782536506653,0.7719703912734985,0.25951337814331055,0.41304469108581543
ec002eabc93bf837,1.0,0.0,1.0,0.0,qwen2_5_7b,egalite,0.9998306035995483,0.635055661201477,0.16347761452198029,0.03832290694117546
ec54afb282b16e88,0.1,0.0,1.0,1.0,qwen2_5_7b,meme_ordre,0.46787649393081665,0.963243842124939,0.19544291496276855,0.6266366839408875
ecb9cbdba3027557,1.0,0.0,1.0,1.0,qwen2_5_7b,egalite,0.960517168045044,0.9920011162757874,0.35809800028800964,0.8403943181037903
ed7b90dde049cb22,1.0,0.0,0.1,0.7000000000000001,qwen2_5_7b,inversion_stricte,0.979271411895752,0.5012168884277344,0.1168704479932785,0.4521240293979645
eda218288846c4a5,1.0,1.0,1.0,1.0,qwen2_5_7b,egalite,0.993844747543335,0.9829217195510864,0.7819151878356934,0.7349722981452942
ee76c8871f9f5128,1.0,1.0,1.0,1.0,qwen2_5_7b,egalite,0.9997224807739258,0.9994994401931763,0.8855603337287903,0.8736187815666199
ee9c627b750f12e5,1.0,0.0,1.0,0.0,qwen2_5_7b,egalite,0.9825223684310913,0.9670189023017883,0.3698107600212097,0.30829477310180664
ef21d44759e262eb,1.0,1.0,1.0,1.0,qwen2_5_7b,egalite,0.9812738299369812,0.97816002368927,0.7727421522140503,0.73866206407547
ef8a834ccb1e662a,1.0,0.0,1.0,0.9,qwen2_5_7b,egalite,0.9989070892333984,0.9997345209121704,0.37364208698272705,0.7017042636871338
efa0687e66e5d388,1.0,0.0,1.0,0.0,qwen2_5_7b,egalite,0.998120903968811,0.9847368001937866,0.2301076054573059,0.22180861234664917
efbb94b417885803,1.0,0.7000000000000001,1.0,0.7000000000000001,qwen2_5_7b,egalite,0.9841890931129456,0.8464263081550598,0.5522948503494263,0.517562210559845
f04d2cf495eeb31a,1.0,1.0,0.30000000000000004,0.9,qwen2_5_7b,meme_ordre,0.9266448616981506,0.5797247886657715,0.8795977234840393,0.7188894152641296
f0a44f879baa06ea,0.1,0.0,1.0,1.0,qwen2_5_7b,meme_ordre,0.4814245104789734,0.997998833656311,0.1841224879026413,0.5704564452171326
f1a34a9dabde6072,1.0,0.0,1.0,0.9,qwen2_5_7b,egalite,0.9990577101707458,0.9653842449188232,0.2498188465833664,0.7646971940994263
f1d1444a5bb2f64a,1.0,1.0,1.0,1.0,qwen2_5_7b,egalite,0.9992591738700867,0.9996341466903687,0.6298540830612183,0.7665260434150696
f1ec648dcb443a0d,1.0,0.9,1.0,0.9,qwen2_5_7b,egalite,0.9516011476516724,0.9533430337905884,0.795943021774292,0.8408477902412415
f2e16895cdc0dc54,1.0,1.0,1.0,0.9,qwen2_5_7b,egalite,0.9999890923500061,0.9993478059768677,0.966188907623291,0.7704963088035583
f2f29b73aa45f304,1.0,0.9,1.0,0.9,qwen2_5_7b,egalite,0.9991670250892639,0.9848029613494873,0.8775027990341187,0.826561689376831
f2fb7a67500e8008,1.0,0.9,1.0,0.0,qwen2_5_7b,egalite,0.9953911900520325,0.9873536229133606,0.4921095669269562,0.4215100407600403
f30ea9aed2833177,1.0,1.0,1.0,1.0,qwen2_5_7b,egalite,0.9565813541412354,0.9621949195861816,0.8477085828781128,0.6072946190834045
f40f2761bdd0291a,1.0,0.5,0.1,0.0,qwen2_5_7b,meme_ordre,0.8664051294326782,0.2531110644340515,0.36608147621154785,0.22034797072410583
f47c5a31c127c23a,1.0,0.7000000000000001,0.8,0.0,qwen2_5_7b,meme_ordre,0.9377248287200928,0.7317808270454407,0.3762499690055847,0.19290100038051605
f4c9ecd92e6d9d0e,1.0,0.9,1.0,0.7000000000000001,qwen2_5_7b,egalite,0.9543545246124268,0.8705661296844482,0.5791580677032471,0.4748385548591614
f5268d157dbdc27c,1.0,1.0,0.1,0.0,qwen2_5_7b,meme_ordre,0.9998906254768372,0.4741630554199219,0.8708050847053528,0.35632696747779846
f5587d62e7e4249f,1.0,0.9,1.0,0.7000000000000001,qwen2_5_7b,egalite,0.9018830060958862,0.5957649350166321,0.7205383777618408,0.5896828174591064
f566a03761808dec,1.0,0.9,1.0,1.0,qwen2_5_7b,egalite,0.9959388971328735,0.9953213930130005,0.7481348514556885,0.6648501753807068
f595b271f4c5c42a,1.0,0.0,1.0,0.9,qwen2_5_7b,egalite,0.9827848672866821,0.9560878276824951,0.18378907442092896,0.6855019927024841
f5c41fdc3cb46194,0.1,0.0,1.0,0.9,qwen2_5_7b,meme_ordre,0.1091342642903328,0.9948450922966003,0.4195573627948761,0.7710629105567932
f5eae4d9165337ed,1.0,1.0,1.0,1.0,qwen2_5_7b,egalite,0.9999697208404541,0.9991769194602966,0.970159113407135,0.782213032245636
f6442367a15f78b1,1.0,1.0,0.1,0.1,qwen2_5_7b,meme_ordre,0.9996832013130188,0.10016331821680069,0.745982825756073,0.07910993695259094
f64f1b7785646c32,1.0,0.7000000000000001,0.1,0.7000000000000001,qwen2_5_7b,egalite,0.9859452843666077,0.5224357843399048,0.5639828443527222,0.49281489849090576
f6f2457e7f643e5e,1.0,1.0,1.0,0.0,qwen2_5_7b,egalite,0.9995004534721375,0.9943469166755676,0.36467623710632324,0.32227376103401184
f7e57c46a04b8d18,1.0,0.9,1.0,0.7000000000000001,qwen2_5_7b,egalite,0.9992631077766418,0.9962262511253357,0.6028568744659424,0.5522361397743225
f81542563a03aa05,1.0,0.0,1.0,0.0,qwen2_5_7b,egalite,0.8571269512176514,0.8784865736961365,0.06072016805410385,0.20566603541374207
f8515e36b57e5daa,1.0,1.0,1.0,0.0,qwen2_5_7b,egalite,0.9892561435699463,0.8519600033760071,0.6457669138908386,0.2679330110549927
f85c3714d8ca519b,1.0,0.5,0.1,0.0,qwen2_5_7b,meme_ordre,0.9034714102745056,0.1528678983449936,0.4728591740131378,0.16136088967323303
f85ebcb8f145a6d7,1.0,0.9,1.0,0.9,qwen2_5_7b,egalite,0.9959450364112854,0.9914523363113403,0.8806873559951782,0.8591543436050415
f8e2b9f04b603d6f,1.0,0.0,1.0,0.7000000000000001,qwen2_5_7b,egalite,0.9421871304512024,0.9836122393608093,0.10261071473360062,0.48047611117362976
f92a677f8c89de6c,1.0,0.7000000000000001,1.0,0.0,qwen2_5_7b,egalite,0.7209272384643555,0.7325245141983032,0.4440818130970001,0.3720279932022095
f965fcb86f55e3ac,1.0,1.0,1.0,0.0,qwen2_5_7b,egalite,0.9801842570304871,0.9640105962753296,0.3874785006046295,0.29033565521240234
f9e19c5cd647c353,1.0,0.0,1.0,0.0,qwen2_5_7b,egalite,0.9997152090072632,0.9958095550537109,0.2390366941690445,0.3098091185092926
f9e1a5708df7327d,1.0,0.0,0.1,0.7000000000000001,qwen2_5_7b,inversion_stricte,0.885177731513977,0.29588934779167175,0.39537638425827026,0.43038085103034973
fa075819c46433ec,1.0,0.0,1.0,0.0,qwen2_5_7b,egalite,0.9980756640434265,0.985414445400238,0.16098016500473022,0.25352951884269714
fa46cda83df6cd5b,1.0,0.9,0.1,0.0,qwen2_5_7b,meme_ordre,0.9728445410728455,0.16099528968334198,0.6795110106468201,0.07202687114477158
fa84391729af147b,1.0,0.9,1.0,0.7000000000000001,qwen2_5_7b,egalite,0.985096275806427,0.8239565491676331,0.622643768787384,0.6085315346717834
fa87b605a0298441,1.0,1.0,1.0,1.0,qwen2_5_7b,egalite,0.9927733540534973,0.996395468711853,0.7222386598587036,0.7178273797035217
fac83f5d7c48e193,1.0,0.9,1.0,0.7000000000000001,qwen2_5_7b,egalite,0.985841691493988,0.9889194965362549,0.628030002117157,0.5336048007011414
fb0200d3253a3f62,1.0,0.9,1.0,0.0,qwen2_5_7b,egalite,0.9934124946594238,0.9553616046905518,0.7381786704063416,0.5242033004760742
fc61842f02d06c1b,1.0,1.0,1.0,0.0,qwen2_5_7b,egalite,0.9471446871757507,0.9212877750396729,0.5687410831451416,0.5041739344596863
fc6ea29b977b7eea,0.1,0.7000000000000001,1.0,0.0,qwen2_5_7b,inversion_stricte,0.19024470448493958,0.7187604308128357,0.4670301377773285,0.3813708424568176
fcc80eef3db55bc2,1.0,0.0,1.0,0.0,qwen2_5_7b,egalite,0.9727004170417786,0.9623575210571289,0.3779827952384949,0.3571714460849762
fd161476ea4963f4,1.0,0.9,1.0,1.0,qwen2_5_7b,egalite,0.9978278875350952,0.9957773685455322,0.6097110509872437,0.734776496887207
fd8220dd4d0e6e73,1.0,1.0,1.0,1.0,qwen2_5_7b,egalite,0.9996356964111328,0.9997712969779968,0.7004228830337524,0.7581911087036133
fdac6d41e5ed2840,1.0,1.0,1.0,1.0,qwen2_5_7b,egalite,0.9975284934043884,0.9987722635269165,0.8954077363014221,0.746738076210022
fdf1d731b5593c9e,1.0,0.7000000000000001,1.0,0.7000000000000001,qwen2_5_7b,egalite,0.9492668509483337,0.9570642113685608,0.46989357471466064,0.6403954029083252
fdf6d5b46ff1f104,1.0,1.0,1.0,0.0,qwen2_5_7b,egalite,0.9999411106109619,0.982943058013916,0.9243375658988953,0.4719870090484619
fe66ea8590dff7c8,0.1,0.7000000000000001,0.1,0.0,qwen2_5_7b,egalite,0.1548297107219696,0.524909496307373,0.4424718916416168,0.3514162302017212
feb8313fef210298,0.1,0.0,1.0,1.0,qwen2_5_7b,meme_ordre,0.16202901303768158,0.9996669292449951,0.1704256534576416,0.9373573660850525
feb84bcc1543238c,1.0,0.0,1.0,0.0,qwen2_5_7b,egalite,0.9969562292098999,0.9974836707115173,0.18379949033260345,0.43056008219718933
ff128283a9f919bd,1.0,0.0,1.0,0.9,qwen2_5_7b,egalite,0.9789997339248657,0.9948971271514893,0.0693296417593956,0.5251895785331726
ff20b86d53d59696,1.0,1.0,1.0,0.9,qwen2_5_7b,egalite,0.9997922778129578,0.997566819190979,0.741808295249939,0.733363687992096
ff8a5ccb10bb650b,1.0,1.0,1.0,0.0,qwen2_5_7b,egalite,0.9945983290672302,0.9658613204956055,0.5922813415527344,0.18019944429397583
fff9c35b418eecd2,1.0,0.0,1.0,0.0,qwen2_5_7b,egalite,0.9904927015304565,0.8923354148864746,0.43527907133102417,0.39281269907951355
