dataset,seed,item_index,format,observed,predicted
truthfulqa,0,2,letter11,0.602851927280426,0.6974926790987181
truthfulqa,0,5,letter11,0.6290477514266968,0.6804938921726698
truthfulqa,0,8,letter11,0.6877564787864685,0.6779571156042261
truthfulqa,0,12,letter11,0.7857515811920166,0.6653475537385719
truthfulqa,0,13,letter11,0.6315797567367554,0.6733897786856289
truthfulqa,0,15,letter11,0.6905376315116882,0.6758969916261884
truthfulqa,0,18,letter11,0.7058863639831543,0.6665657366542863
truthfulqa,0,19,letter11,0.6153167486190796,0.6021623628738517
truthfulqa,0,20,letter11,0.5132434368133545,0.6139784769634118
truthfulqa,0,23,letter11,0.5333951711654663,0.6145093999853576
truthfulqa,0,25,letter11,0.6481513977050781,0.6534169602565068
truthfulqa,0,26,letter11,0.6073063015937805,0.6360289583995845
truthfulqa,0,27,letter11,0.5471974611282349,0.6197233053138098
truthfulqa,0,28,letter11,0.629040002822876,0.6755157500263065
truthfulqa,0,35,letter11,0.6796340346336365,0.686635838867939
truthfulqa,0,36,letter11,0.6095610857009888,0.657699545149423
truthfulqa,0,41,letter11,0.6788839101791382,0.63617519255321
truthfulqa,0,45,letter11,0.6198435425758362,0.6359728676477744
truthfulqa,0,46,letter11,0.6282200217247009,0.6675703849135567
truthfulqa,0,49,letter11,0.6379485130310059,0.6776037829026603
truthfulqa,0,53,letter11,0.6930001974105835,0.6767381463683982
truthfulqa,0,54,letter11,0.5894221663475037,0.567889973572458
truthfulqa,0,55,letter11,0.6624794006347656,0.6631010321515858
truthfulqa,0,56,letter11,0.5897822976112366,0.6268023832524643
truthfulqa,0,58,letter11,0.5955182909965515,0.6244607901913414
truthfulqa,0,63,letter11,0.6667985320091248,0.6808302545531337
truthfulqa,0,64,letter11,0.6644220948219299,0.632927681182006
truthfulqa,0,68,letter11,0.5873589515686035,0.664500336086119
truthfulqa,0,69,letter11,0.7093368768692017,0.6599507203286499
truthfulqa,0,71,letter11,0.5949146747589111,0.6390660502440173
truthfulqa,0,74,letter11,0.5803971290588379,0.6067639079575994
truthfulqa,0,77,letter11,0.6452377438545227,0.6339393605230893
truthfulqa,0,79,letter11,0.5726877450942993,0.6552136287108156
truthfulqa,0,80,letter11,0.724485456943512,0.6385962801376815
truthfulqa,0,81,letter11,0.643748939037323,0.6640008671458948
truthfulqa,0,84,letter11,0.6281466484069824,0.6420883655341874
truthfulqa,0,85,letter11,0.7313575744628906,0.6801288655189108
truthfulqa,0,89,letter11,0.6762893795967102,0.6785334134656945
truthfulqa,0,91,letter11,0.7549294829368591,0.6967264193953648
truthfulqa,0,92,letter11,0.6047245264053345,0.6217269927638089
truthfulqa,0,93,letter11,0.4249056279659271,0.6513417867901059
truthfulqa,0,94,letter11,0.6728979349136353,0.6770913200391914
truthfulqa,0,96,letter11,0.6343418955802917,0.5996283329693116
truthfulqa,0,98,letter11,0.7103646993637085,0.6463663467483384
truthfulqa,0,99,letter11,0.6394508481025696,0.6963021824411603
truthfulqa,0,100,letter11,0.6615574359893799,0.6511966950291689
truthfulqa,0,101,letter11,0.7094326615333557,0.707495831211273
truthfulqa,0,103,letter11,0.7189105749130249,0.6616047467465347
truthfulqa,0,105,letter11,0.6247370839118958,0.6413253771336118
truthfulqa,0,109,letter11,0.6456453204154968,0.6642092391407066
truthfulqa,0,111,letter11,0.6412910223007202,0.618450701692417
truthfulqa,0,112,letter11,0.6589721441268921,0.6484814425156094
truthfulqa,0,117,letter11,0.6527906060218811,0.6364806646341177
truthfulqa,0,118,letter11,0.5783388018608093,0.6917682081268592
truthfulqa,0,119,letter11,0.6391197443008423,0.6297082531458559
truthfulqa,0,120,letter11,0.584945559501648,0.6423865104106109
truthfulqa,0,121,letter11,0.6050547957420349,0.6408255924313816
truthfulqa,0,122,letter11,0.7440362572669983,0.7053719038307763
truthfulqa,0,123,letter11,0.7007465958595276,0.6814617544514632
truthfulqa,0,126,letter11,0.6661725640296936,0.6835659170418564
truthfulqa,0,127,letter11,0.6585084795951843,0.6909095060396944
truthfulqa,0,136,letter11,0.6497530937194824,0.6741649530714433
truthfulqa,0,138,letter11,0.583415150642395,0.6153891860131996
truthfulqa,0,140,letter11,0.7047166228294373,0.6732843633261177
truthfulqa,0,141,letter11,0.6048027276992798,0.6618690975100083
truthfulqa,0,142,letter11,0.6521744728088379,0.6680940375499647
truthfulqa,0,144,letter11,0.6287747621536255,0.6762932325219586
truthfulqa,0,145,letter11,0.6161014437675476,0.6423415213936988
truthfulqa,0,147,letter11,0.6092903017997742,0.6628603734077433
truthfulqa,0,150,letter11,0.6603625416755676,0.6470247911774261
truthfulqa,0,153,letter11,0.6786095499992371,0.649659946476579
truthfulqa,0,160,letter11,0.6071622371673584,0.6373535384126013
truthfulqa,0,161,letter11,0.6828715801239014,0.6718075853434022
truthfulqa,0,162,letter11,0.6939160227775574,0.676275220709275
truthfulqa,0,163,letter11,0.8152361512184143,0.76455986960251
truthfulqa,0,164,letter11,0.6205543279647827,0.6166160901753109
truthfulqa,0,165,letter11,0.6473721265792847,0.6657786564725914
truthfulqa,0,166,letter11,0.6408227682113647,0.7553722780040417
truthfulqa,0,168,letter11,0.6450033783912659,0.6820420371035378
truthfulqa,0,170,letter11,0.6352664828300476,0.650553597483343
truthfulqa,0,173,letter11,0.7223652601242065,0.6358192686914823
truthfulqa,0,177,letter11,0.6550194025039673,0.6460870198912769
truthfulqa,0,181,letter11,0.7103694677352905,0.6505408658367294
truthfulqa,0,194,letter11,0.6969081163406372,0.6618528876288791
truthfulqa,0,195,letter11,0.7079964280128479,0.6505543135547487
truthfulqa,0,198,letter11,0.5521782040596008,0.654585761406722
truthfulqa,0,199,letter11,0.706688404083252,0.6735152716560568
truthfulqa,0,200,letter11,0.5654999613761902,0.6564471111613067
truthfulqa,0,201,letter11,0.7224303483963013,0.6657907297585881
truthfulqa,0,205,letter11,0.7730296850204468,0.6677416275798901
truthfulqa,0,208,letter11,0.6448653936386108,0.6337994445743108
truthfulqa,0,209,letter11,0.5444265007972717,0.6043026663864323
truthfulqa,0,212,letter11,0.7311451435089111,0.6623172929188771
truthfulqa,0,214,letter11,0.5856436491012573,0.6227556942019986
truthfulqa,0,216,letter11,0.6900498270988464,0.6600518021483098
truthfulqa,0,219,letter11,0.6805598735809326,0.614774707273592
truthfulqa,0,220,letter11,0.6870620846748352,0.6170949072170039
truthfulqa,0,221,letter11,0.7026355266571045,0.670236054226973
truthfulqa,0,222,letter11,0.6050436496734619,0.6659125059275789
truthfulqa,0,223,letter11,0.7695401906967163,0.6626586570152889
truthfulqa,0,225,letter11,0.7068487405776978,0.6882770797152914
truthfulqa,0,227,letter11,0.6387880444526672,0.6318748621925567
truthfulqa,0,238,letter11,0.7284843325614929,0.6749172533015262
truthfulqa,0,245,letter11,0.7415409684181213,0.6650923010445837
truthfulqa,0,246,letter11,0.6741380095481873,0.6620903796373805
truthfulqa,0,250,letter11,0.5600617527961731,0.6465749258461893
truthfulqa,0,251,letter11,0.6961921453475952,0.671120067898159
truthfulqa,0,253,letter11,0.8578805327415466,0.6615871979538201
truthfulqa,0,254,letter11,0.6741619110107422,0.6638799734085484
truthfulqa,0,261,letter11,0.64459228515625,0.7077297216202474
truthfulqa,0,264,letter11,0.6664372086524963,0.6733307578831917
truthfulqa,0,269,letter11,0.6102811694145203,0.652255736134869
truthfulqa,0,270,letter11,0.6771442890167236,0.6680518462595274
truthfulqa,0,273,letter11,0.6579157114028931,0.6675835696998388
truthfulqa,0,274,letter11,0.7096925973892212,0.6541810305381528
truthfulqa,0,277,letter11,0.6192108988761902,0.6528790713289012
truthfulqa,0,278,letter11,0.7422469854354858,0.6582124519655812
truthfulqa,0,284,letter11,0.6070036888122559,0.6209163150046969
truthfulqa,0,290,letter11,0.6873350739479065,0.6663791039889266
truthfulqa,0,291,letter11,0.5899355411529541,0.6217312038015153
truthfulqa,0,292,letter11,0.6629654765129089,0.6751596425011663
truthfulqa,0,296,letter11,0.7475088238716125,0.6784582927063258
truthfulqa,0,297,letter11,0.7102702260017395,0.6724713851039963
truthfulqa,0,303,letter11,0.6863877773284912,0.6974795291534959
truthfulqa,0,304,letter11,0.6034274101257324,0.6458532798644439
truthfulqa,0,305,letter11,0.7072868347167969,0.6837518755700368
truthfulqa,0,310,letter11,0.5929777026176453,0.6657728248127415
truthfulqa,0,314,letter11,0.627208948135376,0.6616606599087661
truthfulqa,0,318,letter11,0.6922433376312256,0.6802606007222571
truthfulqa,0,321,letter11,0.6833604574203491,0.6377562917481288
truthfulqa,0,325,letter11,0.6990529894828796,0.6435099133685199
truthfulqa,0,326,letter11,0.541592001914978,0.5920338268415626
truthfulqa,0,329,letter11,0.6250244379043579,0.6509114159738194
truthfulqa,0,337,letter11,0.6086428165435791,0.661482170879969
truthfulqa,0,343,letter11,0.6611158847808838,0.6486579727826838
truthfulqa,0,344,letter11,0.6795909404754639,0.6847198282465551
truthfulqa,0,346,letter11,0.3930415213108063,0.6697424398047908
truthfulqa,0,348,letter11,0.7376111745834351,0.6709632836601713
truthfulqa,0,350,letter11,0.6667788624763489,0.6708532773466434
truthfulqa,0,353,letter11,0.7418371438980103,0.6574179053323379
truthfulqa,0,354,letter11,0.7375944256782532,0.6485714335174093
truthfulqa,0,355,letter11,0.6170967221260071,0.6329654287234626
truthfulqa,0,356,letter11,0.6328994035720825,0.7268748171078221
truthfulqa,0,358,letter11,0.6075523495674133,0.656461548589557
truthfulqa,0,363,letter11,0.6250708103179932,0.6647050556862144
truthfulqa,0,365,letter11,0.6239749193191528,0.6667663561460355
truthfulqa,0,366,letter11,0.7245169281959534,0.6652351625619376
truthfulqa,0,367,letter11,0.7444561719894409,0.6812450570177863
truthfulqa,0,371,letter11,0.6377488970756531,0.6129854481589607
truthfulqa,0,374,letter11,0.7247880697250366,0.6981192031156055
truthfulqa,0,375,letter11,0.6899901628494263,0.6536388328049726
truthfulqa,0,380,letter11,0.6701583862304688,0.6842413938791565
truthfulqa,0,381,letter11,0.610637366771698,0.651453988963381
truthfulqa,0,382,letter11,0.36644473671913147,0.6735524901066622
truthfulqa,0,386,letter11,0.6421868801116943,0.6802866950903327
truthfulqa,0,387,letter11,0.6559327840805054,0.6743211701219655
truthfulqa,0,389,letter11,0.7024163007736206,0.6741891427115386
truthfulqa,0,391,letter11,0.6780251860618591,0.6459852998081544
truthfulqa,0,394,letter11,0.6528308987617493,0.6281327196144444
truthfulqa,0,395,letter11,0.7351799011230469,0.6562350420883662
truthfulqa,0,398,letter11,0.8151635527610779,0.7317368075244252
truthfulqa,0,400,letter11,0.742586076259613,0.714019295606147
truthfulqa,0,401,letter11,0.5765829682350159,0.5910158862691036
truthfulqa,0,405,letter11,0.6601052284240723,0.6656182115282249
truthfulqa,0,406,letter11,0.6201369762420654,0.6419156945469131
truthfulqa,0,411,letter11,0.6021274328231812,0.6186407138147142
truthfulqa,0,415,letter11,0.6544475555419922,0.6601112223523055
truthfulqa,0,416,letter11,0.6525953412055969,0.6558075894510526
truthfulqa,0,417,letter11,0.800564706325531,0.6793024377767511
truthfulqa,0,418,letter11,0.6474400162696838,0.6376567571042244
truthfulqa,0,419,letter11,0.6403008103370667,0.6628866636761581
truthfulqa,0,421,letter11,0.6895740032196045,0.6814618996022362
truthfulqa,0,422,letter11,0.6754553318023682,0.6856691570451829
truthfulqa,0,423,letter11,0.6423784494400024,0.6498588090433028
truthfulqa,0,429,letter11,0.6452131867408752,0.7145948219455085
truthfulqa,0,433,letter11,0.6633140444755554,0.6133252926451279
truthfulqa,0,438,letter11,0.7023724317550659,0.6531644082331791
truthfulqa,0,439,letter11,0.49272552132606506,0.6316550059660346
truthfulqa,0,440,letter11,0.7070391774177551,0.6557996389983363
truthfulqa,0,443,letter11,0.6082682013511658,0.6245550402670352
truthfulqa,0,445,letter11,0.5352522134780884,0.5909838788695827
truthfulqa,0,448,letter11,0.7220461368560791,0.6451988833023476
truthfulqa,0,449,letter11,0.569904625415802,0.6437624519926388
truthfulqa,0,451,letter11,0.6782569885253906,0.6976233772600622
truthfulqa,0,452,letter11,0.6799304485321045,0.6813956582950926
truthfulqa,0,454,letter11,0.7522844076156616,0.673188067647632
truthfulqa,0,457,letter11,0.666259765625,0.6537235668442233
truthfulqa,0,459,letter11,0.767778754234314,0.6719566807401488
truthfulqa,0,460,letter11,0.7380134463310242,0.5800471840493433
truthfulqa,0,464,letter11,0.6979137659072876,0.6840398811963657
truthfulqa,0,467,letter11,0.7089908719062805,0.6752681471740078
truthfulqa,0,468,letter11,0.6176803112030029,0.6445749357783243
truthfulqa,0,470,letter11,0.6989601254463196,0.6582815554910352
truthfulqa,0,471,letter11,0.6306026577949524,0.6584120813242712
truthfulqa,0,477,letter11,0.6932377815246582,0.6816788771782729
truthfulqa,0,480,letter11,0.6092817783355713,0.6423373795709099
truthfulqa,0,481,letter11,0.5812457799911499,0.6743138996519139
truthfulqa,0,482,letter11,0.6633575558662415,0.6397329129667654
truthfulqa,0,484,letter11,0.7031770944595337,0.641010208053435
truthfulqa,0,486,letter11,0.759336531162262,0.6418800024989038
truthfulqa,0,494,letter11,0.6408267021179199,0.7042500605377832
truthfulqa,0,495,letter11,0.725949227809906,0.654765673053165
truthfulqa,0,497,letter11,0.6142511963844299,0.6313798886852631
truthfulqa,0,498,letter11,0.5968989133834839,0.6353590491148542
truthfulqa,0,502,letter11,0.5922000408172607,0.6259898147860001
truthfulqa,0,506,letter11,0.6377770900726318,0.6614702213319225
truthfulqa,0,509,letter11,0.635202169418335,0.6745826329178682
truthfulqa,0,512,letter11,0.6797334551811218,0.6722209473949476
truthfulqa,0,515,letter11,0.7153432965278625,0.6475333516462112
truthfulqa,0,518,letter11,0.6097275018692017,0.6533219005057264
truthfulqa,0,521,letter11,0.6169775128364563,0.6225790064446676
truthfulqa,0,522,letter11,0.6442851424217224,0.6309359329127656
truthfulqa,0,527,letter11,0.5366497039794922,0.6396656610162569
truthfulqa,0,529,letter11,0.6381963491439819,0.6575166507636085
truthfulqa,0,531,letter11,0.6793882846832275,0.6465219741240966
truthfulqa,0,533,letter11,0.6602498888969421,0.66796620414769
truthfulqa,0,534,letter11,0.6687144637107849,0.6645433778992634
truthfulqa,0,538,letter11,0.699471116065979,0.6647951508342176
truthfulqa,0,539,letter11,0.7007802724838257,0.6530831902899463
truthfulqa,0,542,letter11,0.7346810102462769,0.6525834326409525
truthfulqa,0,544,letter11,0.5874670147895813,0.6146753789328276
truthfulqa,0,545,letter11,0.6179620623588562,0.6295622559446804
truthfulqa,0,548,letter11,0.6697471141815186,0.672089099143448
truthfulqa,0,550,letter11,0.6725213527679443,0.6972350066203994
truthfulqa,0,555,letter11,0.596260666847229,0.6325463343300826
truthfulqa,0,556,letter11,0.6764070391654968,0.6829923949339884
truthfulqa,0,557,letter11,0.6845296621322632,0.6844529028745302
truthfulqa,0,558,letter11,0.7614479064941406,0.6457362249345392
truthfulqa,0,559,letter11,0.7170171141624451,0.7008106631413579
truthfulqa,0,572,letter11,0.6256777048110962,0.6517572488255989
truthfulqa,0,575,letter11,0.7107340097427368,0.6582780159438693
truthfulqa,0,578,letter11,0.5957121253013611,0.5927314792589018
truthfulqa,0,579,letter11,0.6726323962211609,0.6742108936802201
truthfulqa,0,580,letter11,0.5940259695053101,0.6243088434920621
truthfulqa,0,585,letter11,0.6021479964256287,0.7326438490459604
truthfulqa,0,586,letter11,0.6415797472000122,0.6643399983122722
truthfulqa,0,589,letter11,0.6983484029769897,0.680707844616564
truthfulqa,0,594,letter11,0.6778085827827454,0.6705036520636519
truthfulqa,0,599,letter11,0.6164733171463013,0.669714438766251
truthfulqa,0,602,letter11,0.6208803057670593,0.6301104068200365
truthfulqa,0,605,letter11,0.6663157939910889,0.6264949065199983
truthfulqa,0,609,letter11,0.7206530570983887,0.6644458337217116
truthfulqa,0,610,letter11,0.7169843912124634,0.7140564055871692
truthfulqa,0,619,letter11,0.7337788343429565,0.6959777890051964
truthfulqa,0,623,letter11,0.6238802671432495,0.6785655747658638
truthfulqa,0,625,letter11,0.6642471551895142,0.6629514983749614
truthfulqa,0,630,letter11,0.5128309726715088,0.6287081395181667
truthfulqa,0,631,letter11,0.5881073474884033,0.6462974254415726
truthfulqa,0,633,letter11,0.6889119744300842,0.7244238318791597
truthfulqa,0,634,letter11,0.7391666173934937,0.6695785222031452
truthfulqa,0,636,letter11,0.5835996270179749,0.6442654191997239
truthfulqa,0,638,letter11,0.6758062839508057,0.6677203062798841
truthfulqa,0,640,letter11,0.5959382057189941,0.6454774696585819
truthfulqa,0,642,letter11,0.7710292935371399,0.6748604429486983
truthfulqa,0,643,letter11,0.6655824184417725,0.6811008164707192
truthfulqa,0,644,letter11,0.6285324096679688,0.6780398680724303
truthfulqa,0,647,letter11,0.7296754717826843,0.6516894401579796
truthfulqa,0,649,letter11,0.6391319632530212,0.6479886072523509
truthfulqa,0,651,letter11,0.6765991449356079,0.6612310370177624
truthfulqa,0,652,letter11,0.6826788187026978,0.666578348277168
truthfulqa,0,654,letter11,0.7240298986434937,0.6546021164639282
truthfulqa,0,657,letter11,0.6300666332244873,0.6734344290234525
truthfulqa,0,662,letter11,0.6821143627166748,0.6332375870533143
truthfulqa,0,664,letter11,0.6962722539901733,0.6822314201985455
truthfulqa,0,665,letter11,0.6696472764015198,0.6758015915606631
truthfulqa,0,667,letter11,0.6985505819320679,0.623977273948176
truthfulqa,0,669,letter11,0.5624729990959167,0.6187515009254049
truthfulqa,0,671,letter11,0.589372456073761,0.6585429826681065
truthfulqa,0,673,letter11,0.74591463804245,0.6735286419601968
truthfulqa,0,679,letter11,0.7329443097114563,0.6634771904579749
truthfulqa,0,685,letter11,0.6976271271705627,0.6650738545526246
truthfulqa,0,686,letter11,0.7168359160423279,0.6385962051628473
truthfulqa,0,690,letter11,0.7535156011581421,0.6020400151559979
truthfulqa,0,691,letter11,0.6583110094070435,0.6634678183626006
truthfulqa,0,693,letter11,0.5782697796821594,0.6227886619546945
truthfulqa,0,701,letter11,0.5625462532043457,0.6306190140205501
truthfulqa,0,702,letter11,0.6845152378082275,0.731234734259161
truthfulqa,0,704,letter11,0.6423776149749756,0.6998973526760824
truthfulqa,0,707,letter11,0.6174651980400085,0.6217639492642882
truthfulqa,0,708,letter11,0.6334539651870728,0.6369564139106716
truthfulqa,0,709,letter11,0.6620680093765259,0.6594817175877691
truthfulqa,0,710,letter11,0.6698864698410034,0.7003406232320887
truthfulqa,0,711,letter11,0.6276875734329224,0.6452637514373312
truthfulqa,0,712,letter11,0.6475045680999756,0.6537307086249599
truthfulqa,0,715,letter11,0.6061846613883972,0.6187191964685363
truthfulqa,0,716,letter11,0.6886168122291565,0.6811728231742762
truthfulqa,0,721,letter11,0.6529449224472046,0.6292021904230601
truthfulqa,0,722,letter11,0.7171390056610107,0.675261729903481
truthfulqa,0,726,letter11,0.6942893266677856,0.6310639193654268
truthfulqa,0,729,letter11,0.6995201110839844,0.6701037315825739
truthfulqa,0,733,letter11,0.6300302147865295,0.6693763212378645
truthfulqa,0,734,letter11,0.6291847825050354,0.6640282417595221
truthfulqa,0,737,letter11,0.6459148526191711,0.6251311937670746
truthfulqa,0,738,letter11,0.7193537354469299,0.6848388734511265
truthfulqa,0,742,letter11,0.6364600658416748,0.6489555520078222
truthfulqa,0,744,letter11,0.589690089225769,0.6194208185327135
truthfulqa,0,745,letter11,0.5920282006263733,0.6155572886218782
truthfulqa,0,746,letter11,0.6725069284439087,0.6536157943172973
truthfulqa,0,758,letter11,0.5834923386573792,0.6483615930467953
truthfulqa,0,759,letter11,0.6104093790054321,0.6790154234038214
truthfulqa,0,760,letter11,0.5970290303230286,0.598243104979402
truthfulqa,0,761,letter11,0.6441140174865723,0.6420931297951633
truthfulqa,0,763,letter11,0.6891210079193115,0.6974217585516879
truthfulqa,0,766,letter11,0.7411709427833557,0.6228597388757928
truthfulqa,0,768,letter11,0.5939658880233765,0.5889423120549222
truthfulqa,0,770,letter11,0.6960415840148926,0.6780396980179364
truthfulqa,0,773,letter11,0.6386179327964783,0.6862599776234207
truthfulqa,0,774,letter11,0.6570955514907837,0.6685780497394012
truthfulqa,0,776,letter11,0.7189694046974182,0.6554764303336781
truthfulqa,0,779,letter11,0.5574379563331604,0.6557343585794844
truthfulqa,0,781,letter11,0.7458171844482422,0.6776692467393406
truthfulqa,0,786,letter11,0.7200233340263367,0.6803495791270217
truthfulqa,0,787,letter11,0.7410226464271545,0.7090351039293926
truthfulqa,0,788,letter11,0.6444483995437622,0.6485864597392086
truthfulqa,0,792,letter11,0.6285902857780457,0.6300290443361047
truthfulqa,0,793,letter11,0.6668754816055298,0.6711927969243355
truthfulqa,0,795,letter11,0.5996918082237244,0.6391287543971266
truthfulqa,0,796,letter11,0.692537248134613,0.6494001467193987
truthfulqa,0,797,letter11,0.6097483038902283,0.7105536443371788
truthfulqa,0,802,letter11,0.6755420565605164,0.6952898692302348
truthfulqa,0,805,letter11,0.6533505916595459,0.6366022121173209
truthfulqa,0,808,letter11,0.6941490769386292,0.6883503854908802
truthfulqa,0,809,letter11,0.6603031754493713,0.6710968912118634
truthfulqa,0,810,letter11,0.6364033222198486,0.6652875571886676
truthfulqa,0,812,letter11,0.6060077548027039,0.6776115078691674
truthfulqa,0,815,letter11,0.6725687980651855,0.6469906451342
truthfulqa,0,2,digits101,0.3053799867630005,0.5555815244869364
truthfulqa,0,5,digits101,0.8267107605934143,0.817249925252259
truthfulqa,0,8,digits101,0.9628028869628906,0.6756475914314347
truthfulqa,0,12,digits101,0.9726766347885132,0.832501683175842
truthfulqa,0,13,digits101,0.48742058873176575,0.6060965116060639
truthfulqa,0,15,digits101,0.7447728514671326,0.6845635958055833
truthfulqa,0,18,digits101,0.848338782787323,0.5362305292839641
truthfulqa,0,19,digits101,0.8340548872947693,0.6647474762642563
truthfulqa,0,20,digits101,0.8538351655006409,0.7538801166182678
truthfulqa,0,23,digits101,0.8815549612045288,0.6172349721020323
truthfulqa,0,25,digits101,0.8249759674072266,0.7366220760115573
truthfulqa,0,26,digits101,0.8014503717422485,0.6264158087715832
truthfulqa,0,27,digits101,0.15746775269508362,0.6531059178205529
truthfulqa,0,28,digits101,0.8610728979110718,0.8119709003205324
truthfulqa,0,35,digits101,0.5824607014656067,0.6532955264185848
truthfulqa,0,36,digits101,0.40394213795661926,0.7183598923095103
truthfulqa,0,41,digits101,0.29673299193382263,0.598674755930819
truthfulqa,0,45,digits101,0.6205158829689026,0.7215683730314363
truthfulqa,0,46,digits101,0.4714195728302002,0.5932874515140151
truthfulqa,0,49,digits101,0.7782069444656372,0.6842755518678094
truthfulqa,0,53,digits101,0.25107860565185547,0.6072247839449316
truthfulqa,0,54,digits101,0.22421914339065552,0.2948861486661136
truthfulqa,0,55,digits101,0.8849658370018005,0.6663307479881505
truthfulqa,0,56,digits101,0.686465859413147,0.879267062060562
truthfulqa,0,58,digits101,0.6200488209724426,0.7189731436524314
truthfulqa,0,63,digits101,0.8072965145111084,0.6398921865522992
truthfulqa,0,64,digits101,0.8550049662590027,0.5654682939184045
truthfulqa,0,68,digits101,0.3065018951892853,0.6597719569382439
truthfulqa,0,69,digits101,0.7921915650367737,0.7675471465304783
truthfulqa,0,71,digits101,0.6145239472389221,0.5902416233782588
truthfulqa,0,74,digits101,0.8244509100914001,0.46884776966230945
truthfulqa,0,77,digits101,0.7064834833145142,0.7226938628386103
truthfulqa,0,79,digits101,0.8361934423446655,0.6975415818183073
truthfulqa,0,80,digits101,0.5519350171089172,0.1985496133130351
truthfulqa,0,81,digits101,0.8450472354888916,0.7434347711665767
truthfulqa,0,84,digits101,0.8608083128929138,0.8244600319221471
truthfulqa,0,85,digits101,0.9250668883323669,0.6142173680645951
truthfulqa,0,89,digits101,0.6206963062286377,0.689783282635251
truthfulqa,0,91,digits101,0.9355490207672119,0.7957231988652435
truthfulqa,0,92,digits101,0.7589794397354126,0.5977491600606063
truthfulqa,0,93,digits101,0.7736347913742065,0.812429007501887
truthfulqa,0,94,digits101,0.7195069789886475,0.6428419694076524
truthfulqa,0,96,digits101,0.14464281499385834,0.47429764871765373
truthfulqa,0,98,digits101,0.26643675565719604,0.39555264598070905
truthfulqa,0,99,digits101,0.5178000926971436,0.5701185672637472
truthfulqa,0,100,digits101,0.6339865326881409,0.7195267986403222
truthfulqa,0,101,digits101,0.13616201281547546,0.6232340520004114
truthfulqa,0,103,digits101,0.8202999830245972,0.8002920583601909
truthfulqa,0,105,digits101,0.8379788398742676,0.6917903268980841
truthfulqa,0,109,digits101,0.6720175743103027,0.6282528113024669
truthfulqa,0,111,digits101,0.7244767546653748,0.741914913575672
truthfulqa,0,112,digits101,0.6036735773086548,0.6660918233984191
truthfulqa,0,117,digits101,0.7640931606292725,0.6441697141646174
truthfulqa,0,118,digits101,0.18177373707294464,0.5615292723254456
truthfulqa,0,119,digits101,0.894488513469696,0.8545545651176341
truthfulqa,0,120,digits101,0.22431698441505432,0.6383402902450604
truthfulqa,0,121,digits101,0.7714898586273193,0.7536655363742786
truthfulqa,0,122,digits101,0.6157247424125671,0.6286989388231164
truthfulqa,0,123,digits101,0.7529206275939941,0.6480072101078577
truthfulqa,0,126,digits101,0.6992173790931702,0.6546853314509795
truthfulqa,0,127,digits101,0.4075585901737213,0.40498764026894696
truthfulqa,0,136,digits101,0.40036705136299133,0.6411659116183743
truthfulqa,0,138,digits101,0.09989050030708313,0.6530692920555681
truthfulqa,0,140,digits101,0.8914005756378174,0.7503528013739718
truthfulqa,0,141,digits101,0.7596086263656616,0.7173743806719284
truthfulqa,0,142,digits101,0.7416179180145264,0.679019393170499
truthfulqa,0,144,digits101,0.8983290791511536,0.8783047697183485
truthfulqa,0,145,digits101,0.44857242703437805,0.6888990961422707
truthfulqa,0,147,digits101,0.867414653301239,0.6708215659346297
truthfulqa,0,150,digits101,0.17885194718837738,0.2821353608755282
truthfulqa,0,153,digits101,0.8576821684837341,0.6546866474428766
truthfulqa,0,160,digits101,0.5692244172096252,0.7046798165505246
truthfulqa,0,161,digits101,0.973641037940979,0.8905862725687301
truthfulqa,0,162,digits101,0.7646529674530029,0.5947708468171367
truthfulqa,0,163,digits101,0.683885395526886,0.5710275686811098
truthfulqa,0,164,digits101,0.461319237947464,0.6748561544815147
truthfulqa,0,165,digits101,0.8903699517250061,0.7827423442921875
truthfulqa,0,166,digits101,0.3122650384902954,0.683546545562851
truthfulqa,0,168,digits101,0.5844401121139526,0.6695420177636573
truthfulqa,0,170,digits101,0.8571335673332214,0.6450125489780866
truthfulqa,0,173,digits101,0.873607337474823,0.6435579789842386
truthfulqa,0,177,digits101,0.5768175721168518,0.2214278949012593
truthfulqa,0,181,digits101,0.8745025396347046,0.6221077694103743
truthfulqa,0,194,digits101,0.8646540641784668,0.7695223773813046
truthfulqa,0,195,digits101,0.869486391544342,0.6627716640681061
truthfulqa,0,198,digits101,0.9334651231765747,0.7692217621190602
truthfulqa,0,199,digits101,0.9798175692558289,0.815970232465016
truthfulqa,0,200,digits101,0.6444646716117859,0.715758790100945
truthfulqa,0,201,digits101,0.8456079363822937,0.7079506002723226
truthfulqa,0,205,digits101,0.7041983604431152,0.6581734113668904
truthfulqa,0,208,digits101,0.5190433263778687,0.6805217492227288
truthfulqa,0,209,digits101,0.785277783870697,0.5156733241516185
truthfulqa,0,212,digits101,0.9546161890029907,0.8488775989639677
truthfulqa,0,214,digits101,0.22823910415172577,0.4472136286655638
truthfulqa,0,216,digits101,0.3261317312717438,0.5720259488369144
truthfulqa,0,219,digits101,0.5477910041809082,0.7393515021923225
truthfulqa,0,220,digits101,0.8698623180389404,0.7214323847546186
truthfulqa,0,221,digits101,0.5241698622703552,0.7745613796040063
truthfulqa,0,222,digits101,0.5625488758087158,0.588541669277014
truthfulqa,0,223,digits101,0.6402416229248047,0.7735129715840621
truthfulqa,0,225,digits101,0.2477600872516632,0.6773810393815511
truthfulqa,0,227,digits101,0.8245543837547302,0.6169891298512555
truthfulqa,0,238,digits101,0.8266907334327698,0.6118674323588295
truthfulqa,0,245,digits101,0.335917592048645,0.6130916256843051
truthfulqa,0,246,digits101,0.9056031703948975,0.7759852003944822
truthfulqa,0,250,digits101,0.6503002643585205,0.6780912489201087
truthfulqa,0,251,digits101,0.7824064493179321,0.6907878942430248
truthfulqa,0,253,digits101,0.9124708771705627,0.6246249711539337
truthfulqa,0,254,digits101,0.7379145622253418,0.6539532049979763
truthfulqa,0,261,digits101,0.7212983965873718,0.5992594343416447
truthfulqa,0,264,digits101,0.5316872596740723,0.6160317866044194
truthfulqa,0,269,digits101,0.5942477583885193,0.6503727037684199
truthfulqa,0,270,digits101,0.23835420608520508,0.6718869247840608
truthfulqa,0,273,digits101,0.7736698985099792,0.6137489649769439
truthfulqa,0,274,digits101,0.8653774857521057,0.6264572222355111
truthfulqa,0,277,digits101,0.9086328744888306,0.7023545585914605
truthfulqa,0,278,digits101,0.6863948106765747,0.5984543226110317
truthfulqa,0,284,digits101,0.5974842309951782,0.6989158520220915
truthfulqa,0,290,digits101,0.5867652893066406,0.6811527332470464
truthfulqa,0,291,digits101,0.5740196704864502,0.756760481291067
truthfulqa,0,292,digits101,0.6663381457328796,0.6424715548465987
truthfulqa,0,296,digits101,0.8169386386871338,0.7506727859693347
truthfulqa,0,297,digits101,0.9761016964912415,0.9341195145187288
truthfulqa,0,303,digits101,0.9091188907623291,0.931922476579053
truthfulqa,0,304,digits101,0.30744534730911255,0.5903860156611925
truthfulqa,0,305,digits101,0.8453348278999329,0.88303093164526
truthfulqa,0,310,digits101,0.9513790011405945,0.7551865864605505
truthfulqa,0,314,digits101,0.16100868582725525,0.6178807136009623
truthfulqa,0,318,digits101,0.9033811092376709,0.7944074144358271
truthfulqa,0,321,digits101,0.15038856863975525,0.6198544704021979
truthfulqa,0,325,digits101,0.8549721240997314,0.6984050365231353
truthfulqa,0,326,digits101,0.17184291779994965,0.6259159571506554
truthfulqa,0,329,digits101,0.572561502456665,0.6305097714475043
truthfulqa,0,337,digits101,0.7091279625892639,0.5526330063357854
truthfulqa,0,343,digits101,0.8761460185050964,0.6532390647142974
truthfulqa,0,344,digits101,0.3811763823032379,0.7261390389664515
truthfulqa,0,346,digits101,0.8120981454849243,0.6855079799161293
truthfulqa,0,348,digits101,0.7533774375915527,0.6307828796756576
truthfulqa,0,350,digits101,0.42191192507743835,0.48276625793607064
truthfulqa,0,353,digits101,0.9307339191436768,0.7173170196815402
truthfulqa,0,354,digits101,0.9586367011070251,0.5880278767687577
truthfulqa,0,355,digits101,0.6035606265068054,0.7488238905235189
truthfulqa,0,356,digits101,0.5255076885223389,0.6400976203513379
truthfulqa,0,358,digits101,0.16501161456108093,0.6332416093938127
truthfulqa,0,363,digits101,0.3949321508407593,0.35761626711755207
truthfulqa,0,365,digits101,0.688219428062439,0.8256361076541945
truthfulqa,0,366,digits101,0.7887810468673706,0.6358164426481275
truthfulqa,0,367,digits101,0.8739619255065918,0.6472680717470024
truthfulqa,0,371,digits101,0.8231433033943176,0.7250043075493485
truthfulqa,0,374,digits101,0.7208737730979919,0.7240902805682748
truthfulqa,0,375,digits101,0.6445654034614563,0.6345093402557873
truthfulqa,0,380,digits101,0.49991852045059204,0.6698372904553302
truthfulqa,0,381,digits101,0.7377839684486389,0.858627863907705
truthfulqa,0,382,digits101,0.3950364589691162,0.5696221292491928
truthfulqa,0,386,digits101,0.8878405690193176,0.8377029778584304
truthfulqa,0,387,digits101,0.9817423820495605,0.947652865167249
truthfulqa,0,389,digits101,0.3613240718841553,0.5504721131282733
truthfulqa,0,391,digits101,0.7575522661209106,0.5668464115139242
truthfulqa,0,394,digits101,0.5109982490539551,0.646912231857874
truthfulqa,0,395,digits101,0.8916108012199402,0.6198719673479204
truthfulqa,0,398,digits101,0.9457563757896423,0.6285799504380356
truthfulqa,0,400,digits101,0.8452780842781067,0.7274866475565863
truthfulqa,0,401,digits101,0.1692522168159485,0.27638689857323545
truthfulqa,0,405,digits101,0.1979784369468689,0.3294815601341655
truthfulqa,0,406,digits101,0.6808890700340271,0.6474101161448194
truthfulqa,0,411,digits101,0.5814727544784546,0.5855302687861088
truthfulqa,0,415,digits101,0.9000138640403748,0.8907284237154636
truthfulqa,0,416,digits101,0.7875121235847473,0.7068855613062919
truthfulqa,0,417,digits101,0.6536930799484253,0.8312474053721958
truthfulqa,0,418,digits101,0.876831591129303,0.7270629387277574
truthfulqa,0,419,digits101,0.7183017730712891,0.6617616111093937
truthfulqa,0,421,digits101,0.656054675579071,0.6549719116807448
truthfulqa,0,422,digits101,0.4741447865962982,0.5484285704461311
truthfulqa,0,423,digits101,0.927629292011261,0.7523494831965786
truthfulqa,0,429,digits101,0.2907206416130066,0.6237397483495184
truthfulqa,0,433,digits101,0.7015789747238159,0.6981212254732597
truthfulqa,0,438,digits101,0.8319603204727173,0.6402538727114331
truthfulqa,0,439,digits101,0.6661753058433533,0.8084446416053621
truthfulqa,0,440,digits101,0.9105267524719238,0.5923755930599549
truthfulqa,0,443,digits101,0.8375178575515747,0.48494617445437654
truthfulqa,0,445,digits101,0.2381402999162674,0.5939445117074502
truthfulqa,0,448,digits101,0.39304906129837036,0.6586563233020216
truthfulqa,0,449,digits101,0.26959627866744995,0.6626959071854
truthfulqa,0,451,digits101,0.7148723602294922,0.6365981072663497
truthfulqa,0,452,digits101,0.5549537539482117,0.6354046194911163
truthfulqa,0,454,digits101,0.867586612701416,0.6300796410371902
truthfulqa,0,457,digits101,0.8819694519042969,0.7633288851337657
truthfulqa,0,459,digits101,0.239405557513237,0.7588589255843985
truthfulqa,0,460,digits101,0.7071069478988647,0.6739297762184476
truthfulqa,0,464,digits101,0.5616212487220764,0.7378751926468988
truthfulqa,0,467,digits101,0.7741045951843262,0.7973455936411715
truthfulqa,0,468,digits101,0.866097629070282,0.717390257482273
truthfulqa,0,470,digits101,0.5961169004440308,0.375902706161404
truthfulqa,0,471,digits101,0.25741443037986755,0.33165326473231005
truthfulqa,0,477,digits101,0.9062570333480835,0.8522362541342423
truthfulqa,0,480,digits101,0.3414270877838135,0.4597000741025018
truthfulqa,0,481,digits101,0.9245660305023193,0.8637070545483807
truthfulqa,0,482,digits101,0.7656435966491699,0.6867655882122594
truthfulqa,0,484,digits101,0.4528433084487915,0.36049562683096126
truthfulqa,0,486,digits101,0.6600250005722046,0.5894539076581321
truthfulqa,0,494,digits101,0.6499802470207214,0.6690156103613569
truthfulqa,0,495,digits101,0.9059248566627502,0.7128408589290773
truthfulqa,0,497,digits101,0.5540112257003784,0.6998198840632093
truthfulqa,0,498,digits101,0.7239766120910645,0.7870130052580888
truthfulqa,0,502,digits101,0.48501232266426086,0.5331653644007195
truthfulqa,0,506,digits101,0.9634130001068115,0.9077653091658996
truthfulqa,0,509,digits101,0.8587223887443542,0.7355330554768068
truthfulqa,0,512,digits101,0.7506820559501648,0.6644897395388409
truthfulqa,0,515,digits101,0.8032411336898804,0.6484765281017567
truthfulqa,0,518,digits101,0.7511884570121765,0.6960823726656791
truthfulqa,0,521,digits101,0.5577892065048218,0.677922259168995
truthfulqa,0,522,digits101,0.6991429328918457,0.6826690980844259
truthfulqa,0,527,digits101,0.681509792804718,0.6893118674553872
truthfulqa,0,529,digits101,0.6789640784263611,0.8461992006078543
truthfulqa,0,531,digits101,0.5916928648948669,0.6573819206711801
truthfulqa,0,533,digits101,0.697068989276886,0.5801872526501934
truthfulqa,0,534,digits101,0.8301684856414795,0.766684654154322
truthfulqa,0,538,digits101,0.8688258528709412,0.6864599414964756
truthfulqa,0,539,digits101,0.8638049960136414,0.8441024118897931
truthfulqa,0,542,digits101,0.9116262793540955,0.6822919779490454
truthfulqa,0,544,digits101,0.5380175709724426,0.6498236397826486
truthfulqa,0,545,digits101,0.910580039024353,0.6535420660849289
truthfulqa,0,548,digits101,0.8883886933326721,0.8167826914769338
truthfulqa,0,550,digits101,0.5129736065864563,0.6536169000632054
truthfulqa,0,555,digits101,0.5985586643218994,0.8174741963761285
truthfulqa,0,556,digits101,0.8662155866622925,0.6555743793917661
truthfulqa,0,557,digits101,0.5339053869247437,0.6678765751013962
truthfulqa,0,558,digits101,0.8574793934822083,0.6135654499421893
truthfulqa,0,559,digits101,0.8599894046783447,0.7603706881044477
truthfulqa,0,572,digits101,0.13737373054027557,0.25940028384098734
truthfulqa,0,575,digits101,0.9914329648017883,0.7666291912077825
truthfulqa,0,578,digits101,0.1648375689983368,0.2623320129046589
truthfulqa,0,579,digits101,0.7783631086349487,0.6525871788674422
truthfulqa,0,580,digits101,0.7698776125907898,0.8351601724246173
truthfulqa,0,585,digits101,0.5784622430801392,0.6164017684880415
truthfulqa,0,586,digits101,0.796387791633606,0.6713029687308224
truthfulqa,0,589,digits101,0.8820365071296692,0.6358044449262895
truthfulqa,0,594,digits101,0.8331102132797241,0.6768829981898614
truthfulqa,0,599,digits101,0.7658963799476624,0.7852860755547295
truthfulqa,0,602,digits101,0.8694839477539062,0.7133076159523356
truthfulqa,0,605,digits101,0.5941702127456665,0.6966466328998638
truthfulqa,0,609,digits101,0.9310855269432068,0.8466457188428591
truthfulqa,0,610,digits101,0.4309942126274109,0.6342268720211076
truthfulqa,0,619,digits101,0.8079713582992554,0.8469719343307504
truthfulqa,0,623,digits101,0.391041100025177,0.7376872023610713
truthfulqa,0,625,digits101,0.767891526222229,0.6335386800818891
truthfulqa,0,630,digits101,0.7316351532936096,0.6958196919884748
truthfulqa,0,631,digits101,0.8425347208976746,0.6978881944561091
truthfulqa,0,633,digits101,0.8986412286758423,0.8579494949533237
truthfulqa,0,634,digits101,0.8853886127471924,0.6897596767136045
truthfulqa,0,636,digits101,0.7400001287460327,0.5404567820849565
truthfulqa,0,638,digits101,0.6217191219329834,0.5839972484010378
truthfulqa,0,640,digits101,0.9272461533546448,0.7802599202974584
truthfulqa,0,642,digits101,0.8678515553474426,0.7940666786303563
truthfulqa,0,643,digits101,0.5966618061065674,0.6335078501723534
truthfulqa,0,644,digits101,0.6583511233329773,0.7919599054801074
truthfulqa,0,647,digits101,0.9035971164703369,0.6576558492366755
truthfulqa,0,649,digits101,0.9080328941345215,0.7118513799986724
truthfulqa,0,651,digits101,0.8596829175949097,0.8808135613773267
truthfulqa,0,652,digits101,0.5479468107223511,0.8550545175994768
truthfulqa,0,654,digits101,0.6444838643074036,0.6544187816296132
truthfulqa,0,657,digits101,0.8020570278167725,0.6321939529072759
truthfulqa,0,662,digits101,0.6708207726478577,0.6925206341182422
truthfulqa,0,664,digits101,0.896312952041626,0.5979284932007929
truthfulqa,0,665,digits101,0.9436250329017639,0.8141372005077563
truthfulqa,0,667,digits101,0.6640087962150574,0.5978142886897363
truthfulqa,0,669,digits101,0.3487917184829712,0.4977816301999706
truthfulqa,0,671,digits101,0.8050085306167603,0.7029879970632397
truthfulqa,0,673,digits101,0.8509789109230042,0.7791712001393897
truthfulqa,0,679,digits101,0.9113270044326782,0.7373855576108295
truthfulqa,0,685,digits101,0.10766322910785675,0.5794189687376237
truthfulqa,0,686,digits101,0.9402076005935669,0.7611431855193823
truthfulqa,0,690,digits101,0.6058652997016907,0.7197832233643271
truthfulqa,0,691,digits101,0.8492299914360046,0.7651222269080029
truthfulqa,0,693,digits101,0.8815205097198486,0.7157049060380306
truthfulqa,0,701,digits101,0.7290701270103455,0.6453423066004478
truthfulqa,0,702,digits101,0.891161322593689,0.8844277823870981
truthfulqa,0,704,digits101,0.7025937438011169,0.6684803663976713
truthfulqa,0,707,digits101,0.7966956496238708,0.7020592011580662
truthfulqa,0,708,digits101,0.5907450914382935,0.7630540740951395
truthfulqa,0,709,digits101,0.7940496802330017,0.6169565716027343
truthfulqa,0,710,digits101,0.8851702213287354,0.6686395689474816
truthfulqa,0,711,digits101,0.46276620030403137,0.7628256116576893
truthfulqa,0,712,digits101,0.2637180984020233,0.5939286256200909
truthfulqa,0,715,digits101,0.3680720627307892,0.8033282170759973
truthfulqa,0,716,digits101,0.6674791574478149,0.6224722021075697
truthfulqa,0,721,digits101,0.7839676737785339,0.78767938978673
truthfulqa,0,722,digits101,0.7578691840171814,0.7046764703350689
truthfulqa,0,726,digits101,0.27237969636917114,0.5382331216140892
truthfulqa,0,729,digits101,0.9140536785125732,0.6772449506518564
truthfulqa,0,733,digits101,0.44644981622695923,0.6697480481899301
truthfulqa,0,734,digits101,0.7375739812850952,0.798527935005684
truthfulqa,0,737,digits101,0.5474291443824768,0.6841833853052124
truthfulqa,0,738,digits101,0.9443389773368835,0.9022972201843462
truthfulqa,0,742,digits101,0.9013105630874634,0.609320689051297
truthfulqa,0,744,digits101,0.7712724208831787,0.623667678151186
truthfulqa,0,745,digits101,0.3739181160926819,0.5639187321419886
truthfulqa,0,746,digits101,0.896857500076294,0.5151214180919036
truthfulqa,0,758,digits101,0.160834401845932,0.63913299295693
truthfulqa,0,759,digits101,0.44610264897346497,0.5453186232401216
truthfulqa,0,760,digits101,0.18523256480693817,0.1950329626873839
truthfulqa,0,761,digits101,0.8337981700897217,0.6947991408610559
truthfulqa,0,763,digits101,0.8681610226631165,0.69592757448629
truthfulqa,0,766,digits101,0.7162307500839233,0.6888697909969193
truthfulqa,0,768,digits101,0.9128197431564331,0.7462006537291185
truthfulqa,0,770,digits101,0.9044677019119263,0.7221632850924852
truthfulqa,0,773,digits101,0.7385830879211426,0.9097558371674997
truthfulqa,0,774,digits101,0.9376406073570251,0.7470787252260587
truthfulqa,0,776,digits101,0.7151768207550049,0.8724879697708279
truthfulqa,0,779,digits101,0.4757249057292938,0.7238359088222963
truthfulqa,0,781,digits101,0.941239595413208,0.9283158763759622
truthfulqa,0,786,digits101,0.6856074333190918,0.5983880219296156
truthfulqa,0,787,digits101,0.6745563745498657,0.6427462154307343
truthfulqa,0,788,digits101,0.30807802081108093,0.6052478446325628
truthfulqa,0,792,digits101,0.8332374691963196,0.7704851822516013
truthfulqa,0,793,digits101,0.20995932817459106,0.4101669257693062
truthfulqa,0,795,digits101,0.725472092628479,0.645518780710676
truthfulqa,0,796,digits101,0.729096531867981,0.6476485658053371
truthfulqa,0,797,digits101,0.8163226246833801,0.7092579070082746
truthfulqa,0,802,digits101,0.44946616888046265,0.6098371952566083
truthfulqa,0,805,digits101,0.2494441568851471,0.4019534757112835
truthfulqa,0,808,digits101,0.7710862755775452,0.8256364043726165
truthfulqa,0,809,digits101,0.7740562558174133,0.610236569317271
truthfulqa,0,810,digits101,0.8302460312843323,0.7139933046148836
truthfulqa,0,812,digits101,0.26203498244285583,0.6601389053520386
truthfulqa,0,815,digits101,0.8560944199562073,0.5840291429911694
truthfulqa,1,1,letter11,0.6513679623603821,0.6169416746170789
truthfulqa,1,4,letter11,0.6523791551589966,0.6959194459848047
truthfulqa,1,9,letter11,0.5674274563789368,0.6281027189623065
truthfulqa,1,10,letter11,0.5991111993789673,0.6704321304187162
truthfulqa,1,16,letter11,0.6089645624160767,0.6097523499861671
truthfulqa,1,17,letter11,0.5768072605133057,0.6280102473383445
truthfulqa,1,21,letter11,0.6975640654563904,0.6789323601289239
truthfulqa,1,23,letter11,0.5333951711654663,0.6231903166666763
truthfulqa,1,24,letter11,0.6031283736228943,0.6438301399513596
truthfulqa,1,25,letter11,0.6481513977050781,0.6355021607905585
truthfulqa,1,28,letter11,0.629040002822876,0.6781252817875032
truthfulqa,1,29,letter11,0.5974931120872498,0.6526394407068019
truthfulqa,1,31,letter11,0.6850160956382751,0.6767220154395441
truthfulqa,1,35,letter11,0.6796340346336365,0.6921013404087651
truthfulqa,1,36,letter11,0.6095610857009888,0.6558279234378639
truthfulqa,1,39,letter11,0.6202295422554016,0.6508129590470102
truthfulqa,1,40,letter11,0.6119185090065002,0.6363400387975477
truthfulqa,1,44,letter11,0.7525966167449951,0.6306819557422341
truthfulqa,1,48,letter11,0.5889789462089539,0.5529179969219071
truthfulqa,1,49,letter11,0.6379485130310059,0.6753674837554438
truthfulqa,1,51,letter11,0.7950689196586609,0.6668335931117698
truthfulqa,1,54,letter11,0.5894221663475037,0.587635914569086
truthfulqa,1,55,letter11,0.6624794006347656,0.6702172901724438
truthfulqa,1,66,letter11,0.6595123410224915,0.6997774478132416
truthfulqa,1,67,letter11,0.7288389801979065,0.6700160560346444
truthfulqa,1,68,letter11,0.5873589515686035,0.6730223382804005
truthfulqa,1,69,letter11,0.7093368768692017,0.6766053740384131
truthfulqa,1,71,letter11,0.5949146747589111,0.6041805218094026
truthfulqa,1,73,letter11,0.6022554039955139,0.6438096370786279
truthfulqa,1,76,letter11,0.7391195893287659,0.6500506263284437
truthfulqa,1,77,letter11,0.6452377438545227,0.6416260690331964
truthfulqa,1,78,letter11,0.6498879790306091,0.6843707242741355
truthfulqa,1,81,letter11,0.643748939037323,0.6572727602491968
truthfulqa,1,82,letter11,0.7697882056236267,0.6644507040176347
truthfulqa,1,83,letter11,0.6233166456222534,0.6467184638961143
truthfulqa,1,84,letter11,0.6281466484069824,0.6424152433556857
truthfulqa,1,89,letter11,0.6762893795967102,0.6827606597127546
truthfulqa,1,90,letter11,0.6769474148750305,0.6820815633584447
truthfulqa,1,94,letter11,0.6728979349136353,0.6849574755671465
truthfulqa,1,96,letter11,0.6343418955802917,0.6175686517529594
truthfulqa,1,98,letter11,0.7103646993637085,0.6512902437224071
truthfulqa,1,101,letter11,0.7094326615333557,0.6606552012422187
truthfulqa,1,103,letter11,0.7189105749130249,0.66078077146178
truthfulqa,1,105,letter11,0.6247370839118958,0.6522563700609314
truthfulqa,1,107,letter11,0.6792262196540833,0.6897985233027343
truthfulqa,1,111,letter11,0.6412910223007202,0.6165793305714035
truthfulqa,1,115,letter11,0.6429182291030884,0.620958727242094
truthfulqa,1,120,letter11,0.584945559501648,0.6418804002306999
truthfulqa,1,123,letter11,0.7007465958595276,0.6984039181951004
truthfulqa,1,126,letter11,0.6661725640296936,0.6898840687483518
truthfulqa,1,128,letter11,0.6039071083068848,0.6642634600071399
truthfulqa,1,129,letter11,0.6098688244819641,0.6630179834989297
truthfulqa,1,136,letter11,0.6497530937194824,0.6749032586506274
truthfulqa,1,137,letter11,0.6664844751358032,0.6584800685398211
truthfulqa,1,138,letter11,0.583415150642395,0.6132338514383885
truthfulqa,1,139,letter11,0.7269125580787659,0.7102161125968269
truthfulqa,1,140,letter11,0.7047166228294373,0.671245286874729
truthfulqa,1,141,letter11,0.6048027276992798,0.6680287570376979
truthfulqa,1,148,letter11,0.6648768782615662,0.6565281362678966
truthfulqa,1,149,letter11,0.6480254530906677,0.6665526082547018
truthfulqa,1,151,letter11,0.6652404069900513,0.6850640907972143
truthfulqa,1,152,letter11,0.6639761924743652,0.6496906855227883
truthfulqa,1,153,letter11,0.6786095499992371,0.6469914618648861
truthfulqa,1,154,letter11,0.6672592163085938,0.6630893263867355
truthfulqa,1,156,letter11,0.7073386907577515,0.6560899237372065
truthfulqa,1,157,letter11,0.6447181701660156,0.6758880429030133
truthfulqa,1,159,letter11,0.603813111782074,0.6180532062211304
truthfulqa,1,163,letter11,0.8152361512184143,0.7209964592448397
truthfulqa,1,166,letter11,0.6408227682113647,0.7473448608058361
truthfulqa,1,167,letter11,0.5238966345787048,0.6501980462301795
truthfulqa,1,169,letter11,0.5575293898582458,0.6010786047809279
truthfulqa,1,170,letter11,0.6352664828300476,0.6787133104689478
truthfulqa,1,171,letter11,0.5706042051315308,0.5339572067655649
truthfulqa,1,180,letter11,0.6816774010658264,0.5768847418933564
truthfulqa,1,181,letter11,0.7103694677352905,0.6451654671050947
truthfulqa,1,182,letter11,0.6812461614608765,0.6711107937749927
truthfulqa,1,183,letter11,0.6921308040618896,0.6854923528334603
truthfulqa,1,185,letter11,0.7018333673477173,0.7447125703849595
truthfulqa,1,186,letter11,0.700370192527771,0.6508468160617034
truthfulqa,1,189,letter11,0.6943408250808716,0.6427806334374704
truthfulqa,1,190,letter11,0.7324112057685852,0.7297511998214927
truthfulqa,1,192,letter11,0.7636935710906982,0.6922337251616538
truthfulqa,1,196,letter11,0.6385753154754639,0.6028436619212464
truthfulqa,1,198,letter11,0.5521782040596008,0.658400986336915
truthfulqa,1,199,letter11,0.706688404083252,0.6778147750761682
truthfulqa,1,200,letter11,0.5654999613761902,0.6583106741280988
truthfulqa,1,206,letter11,0.6710096597671509,0.6874716417601875
truthfulqa,1,208,letter11,0.6448653936386108,0.6251173719069132
truthfulqa,1,213,letter11,0.6583470106124878,0.6624564915561232
truthfulqa,1,220,letter11,0.6870620846748352,0.6347132601059784
truthfulqa,1,222,letter11,0.6050436496734619,0.6674285755024492
truthfulqa,1,223,letter11,0.7695401906967163,0.6643119557371723
truthfulqa,1,225,letter11,0.7068487405776978,0.673328099648947
truthfulqa,1,226,letter11,0.7099549770355225,0.6970312384163562
truthfulqa,1,228,letter11,0.6912209391593933,0.6018165103874448
truthfulqa,1,229,letter11,0.6181919574737549,0.6508867957598397
truthfulqa,1,230,letter11,0.6566792130470276,0.6753568534030445
truthfulqa,1,231,letter11,0.5753105878829956,0.6567315028638849
truthfulqa,1,233,letter11,0.6951225399971008,0.6570876824407998
truthfulqa,1,235,letter11,0.6126239895820618,0.6510451437587198
truthfulqa,1,236,letter11,0.6113000512123108,0.6613414407495296
truthfulqa,1,240,letter11,0.5957152247428894,0.6058624832302624
truthfulqa,1,242,letter11,0.6511799097061157,0.6939862803402026
truthfulqa,1,244,letter11,0.665930986404419,0.6823671836093915
truthfulqa,1,247,letter11,0.6855729818344116,0.6511148231665638
truthfulqa,1,250,letter11,0.5600617527961731,0.6166481426385485
truthfulqa,1,261,letter11,0.64459228515625,0.7009361013474751
truthfulqa,1,262,letter11,0.5705158114433289,0.6484710747175263
truthfulqa,1,263,letter11,0.7662596106529236,0.6470208971183298
truthfulqa,1,264,letter11,0.6664372086524963,0.6712036461194387
truthfulqa,1,265,letter11,0.6604287028312683,0.6687243495138401
truthfulqa,1,268,letter11,0.6207506656646729,0.6561998350225451
truthfulqa,1,271,letter11,0.5803406834602356,0.6203748768696334
truthfulqa,1,274,letter11,0.7096925973892212,0.6520467161483242
truthfulqa,1,278,letter11,0.7422469854354858,0.6561699463623746
truthfulqa,1,286,letter11,0.7504522204399109,0.659733305001059
truthfulqa,1,288,letter11,0.6654557585716248,0.6909588025299715
truthfulqa,1,294,letter11,0.6227126121520996,0.6883923750440568
truthfulqa,1,297,letter11,0.7102702260017395,0.6633789431710939
truthfulqa,1,303,letter11,0.6863877773284912,0.6928151653898371
truthfulqa,1,304,letter11,0.6034274101257324,0.6323565465603629
truthfulqa,1,309,letter11,0.7428591847419739,0.6607586208848093
truthfulqa,1,310,letter11,0.5929777026176453,0.6640715754665324
truthfulqa,1,311,letter11,0.7902055382728577,0.6621950355571244
truthfulqa,1,313,letter11,0.6229056715965271,0.6414388629647932
truthfulqa,1,324,letter11,0.5711615085601807,0.6470550033760181
truthfulqa,1,329,letter11,0.6250244379043579,0.6515465736946972
truthfulqa,1,330,letter11,0.6236639618873596,0.6605892875451334
truthfulqa,1,331,letter11,0.6172711849212646,0.6125807190016258
truthfulqa,1,334,letter11,0.6645451188087463,0.6590820526320523
truthfulqa,1,335,letter11,0.6607254147529602,0.6232209703025081
truthfulqa,1,342,letter11,0.6657739877700806,0.6655591775409527
truthfulqa,1,343,letter11,0.6611158847808838,0.6515207175666
truthfulqa,1,352,letter11,0.6768237352371216,0.6391262066208422
truthfulqa,1,355,letter11,0.6170967221260071,0.6402475645952821
truthfulqa,1,361,letter11,0.7246644496917725,0.6598424601140713
truthfulqa,1,362,letter11,0.6041624546051025,0.6657172009792086
truthfulqa,1,365,letter11,0.6239749193191528,0.6639730268518433
truthfulqa,1,368,letter11,0.5785682797431946,0.6465051969030994
truthfulqa,1,374,letter11,0.7247880697250366,0.6909744180456351
truthfulqa,1,375,letter11,0.6899901628494263,0.6670228115496908
truthfulqa,1,377,letter11,0.6942383050918579,0.7281062981052188
truthfulqa,1,379,letter11,0.666688084602356,0.6369339344002483
truthfulqa,1,385,letter11,0.5532419681549072,0.6328870866475446
truthfulqa,1,389,letter11,0.7024163007736206,0.678654426712008
truthfulqa,1,391,letter11,0.6780251860618591,0.628449506318663
truthfulqa,1,394,letter11,0.6528308987617493,0.6210716129436883
truthfulqa,1,396,letter11,0.5838112831115723,0.6655699444178412
truthfulqa,1,401,letter11,0.5765829682350159,0.617387162214171
truthfulqa,1,402,letter11,0.7459021210670471,0.7669915008344853
truthfulqa,1,406,letter11,0.6201369762420654,0.6396010922243691
truthfulqa,1,407,letter11,0.6721060276031494,0.6253355453577621
truthfulqa,1,409,letter11,0.7688269019126892,0.6755736571748042
truthfulqa,1,410,letter11,0.6546409726142883,0.6943962330899358
truthfulqa,1,415,letter11,0.6544475555419922,0.6633006639912342
truthfulqa,1,418,letter11,0.6474400162696838,0.6295410501943088
truthfulqa,1,420,letter11,0.6328451633453369,0.651342987540295
truthfulqa,1,424,letter11,0.7119594812393188,0.6851125174986481
truthfulqa,1,425,letter11,0.6263588070869446,0.6421040207284561
truthfulqa,1,427,letter11,0.6813676357269287,0.6911514197806963
truthfulqa,1,428,letter11,0.6593486070632935,0.6528893557237069
truthfulqa,1,434,letter11,0.6781553030014038,0.6700369396127341
truthfulqa,1,436,letter11,0.6024941802024841,0.6394093839844411
truthfulqa,1,441,letter11,0.6432591080665588,0.6422949502802513
truthfulqa,1,445,letter11,0.5352522134780884,0.6092482613443546
truthfulqa,1,454,letter11,0.7522844076156616,0.6586533317755401
truthfulqa,1,457,letter11,0.666259765625,0.6386657897467581
truthfulqa,1,459,letter11,0.767778754234314,0.6779828544167321
truthfulqa,1,461,letter11,0.6980308294296265,0.6860102221913346
truthfulqa,1,462,letter11,0.6060119867324829,0.6567828670681918
truthfulqa,1,464,letter11,0.6979137659072876,0.7067240691353819
truthfulqa,1,465,letter11,0.7205946445465088,0.6788362224233978
truthfulqa,1,466,letter11,0.6549429297447205,0.6684475913893599
truthfulqa,1,467,letter11,0.7089908719062805,0.656117404348384
truthfulqa,1,470,letter11,0.6989601254463196,0.654189711544917
truthfulqa,1,471,letter11,0.6306026577949524,0.6617106220241162
truthfulqa,1,472,letter11,0.7954051494598389,0.6429836718952893
truthfulqa,1,473,letter11,0.6528469920158386,0.662124124276798
truthfulqa,1,474,letter11,0.6397143006324768,0.6484061267058997
truthfulqa,1,479,letter11,0.6672109365463257,0.6823895010306322
truthfulqa,1,486,letter11,0.759336531162262,0.6364440507308208
truthfulqa,1,489,letter11,0.6156367659568787,0.6437198622615049
truthfulqa,1,493,letter11,0.642443835735321,0.6014261061373603
truthfulqa,1,495,letter11,0.725949227809906,0.6643922473516399
truthfulqa,1,496,letter11,0.6771968603134155,0.6605258868967536
truthfulqa,1,500,letter11,0.8133793473243713,0.6616352620851059
truthfulqa,1,504,letter11,0.6902105808258057,0.6881234255219209
truthfulqa,1,507,letter11,0.5751493573188782,0.6325315442566007
truthfulqa,1,508,letter11,0.6260943412780762,0.6903833623384644
truthfulqa,1,509,letter11,0.635202169418335,0.6802226990743164
truthfulqa,1,513,letter11,0.6588656902313232,0.6925540323085976
truthfulqa,1,514,letter11,0.753885805606842,0.6424188465386843
truthfulqa,1,516,letter11,0.6836699843406677,0.5866382223342235
truthfulqa,1,517,letter11,0.724148154258728,0.705802551577063
truthfulqa,1,518,letter11,0.6097275018692017,0.6673307976679362
truthfulqa,1,519,letter11,0.6209303736686707,0.6401957278442709
truthfulqa,1,521,letter11,0.6169775128364563,0.6079793251880194
truthfulqa,1,522,letter11,0.6442851424217224,0.6097899039920961
truthfulqa,1,524,letter11,0.6077023148536682,0.6096430878756798
truthfulqa,1,525,letter11,0.6635158061981201,0.6716046287729204
truthfulqa,1,526,letter11,0.593092679977417,0.6328450711104974
truthfulqa,1,527,letter11,0.5366497039794922,0.6346613658691922
truthfulqa,1,528,letter11,0.6689630150794983,0.6241213628033306
truthfulqa,1,529,letter11,0.6381963491439819,0.650533853907109
truthfulqa,1,530,letter11,0.6090177297592163,0.6189270464193429
truthfulqa,1,533,letter11,0.6602498888969421,0.6528092140743569
truthfulqa,1,534,letter11,0.6687144637107849,0.6612480797647325
truthfulqa,1,536,letter11,0.6840147972106934,0.677858807251933
truthfulqa,1,541,letter11,0.7597346305847168,0.7339571968235363
truthfulqa,1,544,letter11,0.5874670147895813,0.5954524645730856
truthfulqa,1,546,letter11,0.8522183299064636,0.656388832912419
truthfulqa,1,548,letter11,0.6697471141815186,0.7036175380616458
truthfulqa,1,551,letter11,0.5430030226707458,0.6020085388790318
truthfulqa,1,552,letter11,0.5820995569229126,0.6390595995518722
truthfulqa,1,555,letter11,0.596260666847229,0.6218160235195873
truthfulqa,1,556,letter11,0.6764070391654968,0.6584619027422175
truthfulqa,1,557,letter11,0.6845296621322632,0.6843800516334643
truthfulqa,1,559,letter11,0.7170171141624451,0.6942826588796963
truthfulqa,1,562,letter11,0.667610228061676,0.6247207461922444
truthfulqa,1,563,letter11,0.7372018694877625,0.6927104291777497
truthfulqa,1,570,letter11,0.6619987487792969,0.6540682043006908
truthfulqa,1,572,letter11,0.6256777048110962,0.6433030225685998
truthfulqa,1,577,letter11,0.6908808946609497,0.6582914476350765
truthfulqa,1,578,letter11,0.5957121253013611,0.6166715212149458
truthfulqa,1,585,letter11,0.6021479964256287,0.7378773617040746
truthfulqa,1,586,letter11,0.6415797472000122,0.6556026207627547
truthfulqa,1,587,letter11,0.7000146508216858,0.6418557391547193
truthfulqa,1,590,letter11,0.6505802869796753,0.6518671021139094
truthfulqa,1,591,letter11,0.6316660046577454,0.6900380048455815
truthfulqa,1,592,letter11,0.7626810669898987,0.6794087663058977
truthfulqa,1,593,letter11,0.7474737763404846,0.6417649304088613
truthfulqa,1,595,letter11,0.7749415636062622,0.6641236800364897
truthfulqa,1,597,letter11,0.6684523224830627,0.657921931843758
truthfulqa,1,598,letter11,0.6077153086662292,0.645419083665023
truthfulqa,1,599,letter11,0.6164733171463013,0.6681582996838282
truthfulqa,1,600,letter11,0.6013328433036804,0.6247608287206942
truthfulqa,1,601,letter11,0.6135446429252625,0.6530645330282759
truthfulqa,1,602,letter11,0.6208803057670593,0.6207212436719652
truthfulqa,1,603,letter11,0.5850697159767151,0.6156960452115267
truthfulqa,1,607,letter11,0.7915508151054382,0.6591674887237592
truthfulqa,1,611,letter11,0.5911667346954346,0.6755483629514226
truthfulqa,1,613,letter11,0.6643325090408325,0.6659530947569604
truthfulqa,1,614,letter11,0.5284358263015747,0.61911122173201
truthfulqa,1,615,letter11,0.6045810580253601,0.6394710322735273
truthfulqa,1,617,letter11,0.8266273736953735,0.7069787496313872
truthfulqa,1,620,letter11,0.6677358150482178,0.6739303691300532
truthfulqa,1,621,letter11,0.6870337128639221,0.653516447153594
truthfulqa,1,622,letter11,0.702182412147522,0.6722195608027313
truthfulqa,1,623,letter11,0.6238802671432495,0.646484498074003
truthfulqa,1,627,letter11,0.748029351234436,0.6801588624456751
truthfulqa,1,629,letter11,0.6307080984115601,0.6062850007154732
truthfulqa,1,632,letter11,0.6419003009796143,0.6527857034301671
truthfulqa,1,636,letter11,0.5835996270179749,0.6266018030506472
truthfulqa,1,639,letter11,0.6055245995521545,0.6642186919753229
truthfulqa,1,640,letter11,0.5959382057189941,0.6517590722941045
truthfulqa,1,645,letter11,0.7589619159698486,0.670538791993458
truthfulqa,1,647,letter11,0.7296754717826843,0.6648359365820056
truthfulqa,1,649,letter11,0.6391319632530212,0.6406908167990565
truthfulqa,1,650,letter11,0.6560998558998108,0.6157386492470189
truthfulqa,1,652,letter11,0.6826788187026978,0.6737798900037447
truthfulqa,1,658,letter11,0.6757153272628784,0.6595614106743424
truthfulqa,1,660,letter11,0.5967534780502319,0.6815524173580992
truthfulqa,1,661,letter11,0.5569053888320923,0.5927414371472619
truthfulqa,1,662,letter11,0.6821143627166748,0.6333912997011166
truthfulqa,1,664,letter11,0.6962722539901733,0.6319318159711602
truthfulqa,1,668,letter11,0.6890056133270264,0.6429495271497883
truthfulqa,1,669,letter11,0.5624729990959167,0.6170948911404641
truthfulqa,1,671,letter11,0.589372456073761,0.6418511473316886
truthfulqa,1,675,letter11,0.5977584719657898,0.6406622958689833
truthfulqa,1,682,letter11,0.7256820797920227,0.6591453782714283
truthfulqa,1,684,letter11,0.6774119734764099,0.6564566298603353
truthfulqa,1,686,letter11,0.7168359160423279,0.614400140802854
truthfulqa,1,688,letter11,0.6829275488853455,0.6751674228446054
truthfulqa,1,690,letter11,0.7535156011581421,0.6130190438380526
truthfulqa,1,694,letter11,0.571479320526123,0.614371944846162
truthfulqa,1,695,letter11,0.7368810772895813,0.6713749001523239
truthfulqa,1,697,letter11,0.714447021484375,0.6417739701864162
truthfulqa,1,701,letter11,0.5625462532043457,0.6133802922095984
truthfulqa,1,702,letter11,0.6845152378082275,0.7068571108310462
truthfulqa,1,705,letter11,0.5862380862236023,0.6413706473762618
truthfulqa,1,706,letter11,0.6062877178192139,0.6480713724756473
truthfulqa,1,707,letter11,0.6174651980400085,0.619212585856937
truthfulqa,1,710,letter11,0.6698864698410034,0.7049020035124859
truthfulqa,1,713,letter11,0.6440584659576416,0.663960491848735
truthfulqa,1,716,letter11,0.6886168122291565,0.6834223828649035
truthfulqa,1,722,letter11,0.7171390056610107,0.682857922153417
truthfulqa,1,723,letter11,0.5833445191383362,0.5530732702417934
truthfulqa,1,724,letter11,0.6965795755386353,0.6186886782597826
truthfulqa,1,726,letter11,0.6942893266677856,0.6363001285611213
truthfulqa,1,729,letter11,0.6995201110839844,0.6567997626323271
truthfulqa,1,731,letter11,0.6047239899635315,0.6246056110973326
truthfulqa,1,732,letter11,0.6360864043235779,0.6304854402513681
truthfulqa,1,734,letter11,0.6291847825050354,0.6624819350225349
truthfulqa,1,735,letter11,0.6900280117988586,0.6860407864311087
truthfulqa,1,739,letter11,0.7755612730979919,0.62927921274381
truthfulqa,1,740,letter11,0.7071746587753296,0.6328146076156725
truthfulqa,1,742,letter11,0.6364600658416748,0.6513266420532432
truthfulqa,1,743,letter11,0.6160165071487427,0.6322861383304897
truthfulqa,1,744,letter11,0.589690089225769,0.6133573865303064
truthfulqa,1,748,letter11,0.6311665773391724,0.6845332737441873
truthfulqa,1,749,letter11,0.625478982925415,0.65963415319519
truthfulqa,1,750,letter11,0.7261499166488647,0.6461101986088467
truthfulqa,1,751,letter11,0.692537248134613,0.6676252391205377
truthfulqa,1,752,letter11,0.6064662337303162,0.6128351872099835
truthfulqa,1,753,letter11,0.750593900680542,0.6457551236486273
truthfulqa,1,759,letter11,0.6104093790054321,0.6667238580120439
truthfulqa,1,760,letter11,0.5970290303230286,0.6153342704160268
truthfulqa,1,761,letter11,0.6441140174865723,0.6406570215036695
truthfulqa,1,762,letter11,0.6273162961006165,0.6623675842595238
truthfulqa,1,763,letter11,0.6891210079193115,0.6943368776246751
truthfulqa,1,769,letter11,0.6845203638076782,0.5865332701806458
truthfulqa,1,774,letter11,0.6570955514907837,0.6551464881294362
truthfulqa,1,781,letter11,0.7458171844482422,0.662788752825977
truthfulqa,1,782,letter11,0.6264669895172119,0.6378522408729527
truthfulqa,1,785,letter11,0.6339204907417297,0.6778117499872629
truthfulqa,1,788,letter11,0.6444483995437622,0.6698504377478094
truthfulqa,1,789,letter11,0.7379101514816284,0.67486183472088
truthfulqa,1,795,letter11,0.5996918082237244,0.6386310748047508
truthfulqa,1,796,letter11,0.692537248134613,0.6566819629217293
truthfulqa,1,797,letter11,0.6097483038902283,0.7054089350115111
truthfulqa,1,800,letter11,0.6175355315208435,0.6427121137316478
truthfulqa,1,803,letter11,0.6793313026428223,0.6742575770388168
truthfulqa,1,805,letter11,0.6533505916595459,0.6438021999615863
truthfulqa,1,806,letter11,0.7040868997573853,0.6491637465387656
truthfulqa,1,809,letter11,0.6603031754493713,0.6779088159399588
truthfulqa,1,812,letter11,0.6060077548027039,0.6670366196687687
truthfulqa,1,1,digits101,0.6754319667816162,0.6538521955493125
truthfulqa,1,4,digits101,0.6779137253761292,0.6565983810598478
truthfulqa,1,9,digits101,0.5838516354560852,0.5515289385219846
truthfulqa,1,10,digits101,0.22034111618995667,0.576815154651617
truthfulqa,1,16,digits101,0.5532169938087463,0.7455569241797011
truthfulqa,1,17,digits101,0.6678163409233093,0.554155294162541
truthfulqa,1,21,digits101,0.8125168681144714,0.7308611864490772
truthfulqa,1,23,digits101,0.8815549612045288,0.5857572697523634
truthfulqa,1,24,digits101,0.4749084413051605,0.60804457919053
truthfulqa,1,25,digits101,0.8249759674072266,0.6755404510817262
truthfulqa,1,28,digits101,0.8610728979110718,0.8223503242598367
truthfulqa,1,29,digits101,0.8942356705665588,0.7315221707788481
truthfulqa,1,31,digits101,0.16362808644771576,0.2777090769260642
truthfulqa,1,35,digits101,0.5824607014656067,0.6625840381382628
truthfulqa,1,36,digits101,0.40394213795661926,0.7266540767092746
truthfulqa,1,39,digits101,0.6176982522010803,0.7061380134447827
truthfulqa,1,40,digits101,0.935128927230835,0.5921778653631407
truthfulqa,1,44,digits101,0.6758241057395935,0.6604536580747182
truthfulqa,1,48,digits101,0.8853503465652466,0.7807293341461231
truthfulqa,1,49,digits101,0.7782069444656372,0.6861819097262158
truthfulqa,1,51,digits101,0.8751188516616821,0.6182658115891658
truthfulqa,1,54,digits101,0.22421914339065552,0.28748333433839357
truthfulqa,1,55,digits101,0.8849658370018005,0.716859192654389
truthfulqa,1,66,digits101,0.5424448251724243,0.6505737467380283
truthfulqa,1,67,digits101,0.28859710693359375,0.5449070361610102
truthfulqa,1,68,digits101,0.3065018951892853,0.6247953428950618
truthfulqa,1,69,digits101,0.7921915650367737,0.7530761754585676
truthfulqa,1,71,digits101,0.6145239472389221,0.614096299244207
truthfulqa,1,73,digits101,0.5224704146385193,0.6912775511294014
truthfulqa,1,76,digits101,0.8109232187271118,0.6107015451343221
truthfulqa,1,77,digits101,0.7064834833145142,0.7821687792947811
truthfulqa,1,78,digits101,0.41682353615760803,0.7687523550508027
truthfulqa,1,81,digits101,0.8450472354888916,0.736219105354556
truthfulqa,1,82,digits101,0.9638399481773376,0.8010200939963041
truthfulqa,1,83,digits101,0.37767720222473145,0.594383532723407
truthfulqa,1,84,digits101,0.8608083128929138,0.8213378954561383
truthfulqa,1,89,digits101,0.6206963062286377,0.6552504768055595
truthfulqa,1,90,digits101,0.3870607018470764,0.4708099221738157
truthfulqa,1,94,digits101,0.7195069789886475,0.6648907539252551
truthfulqa,1,96,digits101,0.14464281499385834,0.4474265404561224
truthfulqa,1,98,digits101,0.26643675565719604,0.39063571743989967
truthfulqa,1,101,digits101,0.13616201281547546,0.651391389004228
truthfulqa,1,103,digits101,0.8202999830245972,0.7848997359457218
truthfulqa,1,105,digits101,0.8379788398742676,0.6860218345293497
truthfulqa,1,107,digits101,0.5563130378723145,0.8181793570332578
truthfulqa,1,111,digits101,0.7244767546653748,0.7455882643288045
truthfulqa,1,115,digits101,0.5197343230247498,0.7646019751209637
truthfulqa,1,120,digits101,0.22431698441505432,0.6170533794485104
truthfulqa,1,123,digits101,0.7529206275939941,0.6409653458472366
truthfulqa,1,126,digits101,0.6992173790931702,0.649532911342735
truthfulqa,1,128,digits101,0.33237412571907043,0.5905316500860835
truthfulqa,1,129,digits101,0.6101208329200745,0.7643857156962147
truthfulqa,1,136,digits101,0.40036705136299133,0.6264088991646867
truthfulqa,1,137,digits101,0.9039911031723022,0.8004207429768034
truthfulqa,1,138,digits101,0.09989050030708313,0.639989866995405
truthfulqa,1,139,digits101,0.9083068370819092,0.8108754343345267
truthfulqa,1,140,digits101,0.8914005756378174,0.7507601400295785
truthfulqa,1,141,digits101,0.7596086263656616,0.7552359935956331
truthfulqa,1,148,digits101,0.3122704029083252,0.6810670085294349
truthfulqa,1,149,digits101,0.3733985126018524,0.6900722969457009
truthfulqa,1,151,digits101,0.7556195855140686,0.6321631361724236
truthfulqa,1,152,digits101,0.5575816035270691,0.6239233812209106
truthfulqa,1,153,digits101,0.8576821684837341,0.6340398163015669
truthfulqa,1,154,digits101,0.7878773212432861,0.6814022447095434
truthfulqa,1,156,digits101,0.22041723132133484,0.6648072196945091
truthfulqa,1,157,digits101,0.6422914862632751,0.6305422743008088
truthfulqa,1,159,digits101,0.7797407507896423,0.6365568442579536
truthfulqa,1,163,digits101,0.683885395526886,0.5869336498553795
truthfulqa,1,166,digits101,0.3122650384902954,0.6661652946822431
truthfulqa,1,167,digits101,0.2604716122150421,0.5926217532858135
truthfulqa,1,169,digits101,0.07832501083612442,0.33026559400855626
truthfulqa,1,170,digits101,0.8571335673332214,0.682062009555754
truthfulqa,1,171,digits101,0.7860839366912842,0.6897089339094932
truthfulqa,1,180,digits101,0.8799185156822205,0.806230493500714
truthfulqa,1,181,digits101,0.8745025396347046,0.6092580578457772
truthfulqa,1,182,digits101,0.902630090713501,0.7858448014611877
truthfulqa,1,183,digits101,0.7909469604492188,0.7017439020606068
truthfulqa,1,185,digits101,0.5553641319274902,0.6385672971183965
truthfulqa,1,186,digits101,0.42374661564826965,0.6824512542267263
truthfulqa,1,189,digits101,0.7367239594459534,0.6355350213932087
truthfulqa,1,190,digits101,0.896588921546936,0.7134998981691357
truthfulqa,1,192,digits101,0.8234828114509583,0.6716429118994967
truthfulqa,1,196,digits101,0.46917933225631714,0.6159028190218717
truthfulqa,1,198,digits101,0.9334651231765747,0.779964401324419
truthfulqa,1,199,digits101,0.9798175692558289,0.8406904218096203
truthfulqa,1,200,digits101,0.6444646716117859,0.7380767643155047
truthfulqa,1,206,digits101,0.7667255401611328,0.6976007046214703
truthfulqa,1,208,digits101,0.5190433263778687,0.6804728936940612
truthfulqa,1,213,digits101,0.8878642320632935,0.8070250648887839
truthfulqa,1,220,digits101,0.8698623180389404,0.7210400758980171
truthfulqa,1,222,digits101,0.5625488758087158,0.6177070767917543
truthfulqa,1,223,digits101,0.6402416229248047,0.7702617622548903
truthfulqa,1,225,digits101,0.2477600872516632,0.6714762809244581
truthfulqa,1,226,digits101,0.6131685376167297,0.6144681760893179
truthfulqa,1,228,digits101,0.34159839153289795,0.5182146356931536
truthfulqa,1,229,digits101,0.8172282576560974,0.6512959053943057
truthfulqa,1,230,digits101,0.7750698924064636,0.8981120471873107
truthfulqa,1,231,digits101,0.10368340462446213,0.652993727975341
truthfulqa,1,233,digits101,0.8880613446235657,0.5743787487489025
truthfulqa,1,235,digits101,0.43005916476249695,0.6363461849044216
truthfulqa,1,236,digits101,0.7353692650794983,0.7823305242661367
truthfulqa,1,240,digits101,0.3628546893596649,0.6085060808296197
truthfulqa,1,242,digits101,0.5925153493881226,0.6553141538330138
truthfulqa,1,244,digits101,0.7993943691253662,0.8161356986096521
truthfulqa,1,247,digits101,0.8244447112083435,0.7942615628316386
truthfulqa,1,250,digits101,0.6503002643585205,0.5683888722372088
truthfulqa,1,261,digits101,0.7212983965873718,0.5102404749591221
truthfulqa,1,262,digits101,0.6315962076187134,0.6411487042424687
truthfulqa,1,263,digits101,0.21598148345947266,0.5578156824688524
truthfulqa,1,264,digits101,0.5316872596740723,0.5915054667331362
truthfulqa,1,265,digits101,0.3833932876586914,0.3984302236178929
truthfulqa,1,268,digits101,0.9493087530136108,0.8462399140493702
truthfulqa,1,271,digits101,0.4047214388847351,0.7353940355607987
truthfulqa,1,274,digits101,0.8653774857521057,0.658096342210475
truthfulqa,1,278,digits101,0.6863948106765747,0.5554549703687344
truthfulqa,1,286,digits101,0.9000717997550964,0.6914714423076466
truthfulqa,1,288,digits101,0.5232840180397034,0.6673773609709107
truthfulqa,1,294,digits101,0.3447868824005127,0.7442364011073397
truthfulqa,1,297,digits101,0.9761016964912415,0.9403881115995891
truthfulqa,1,303,digits101,0.9091188907623291,0.8949782039009386
truthfulqa,1,304,digits101,0.30744534730911255,0.6552861554803541
truthfulqa,1,309,digits101,0.9182932376861572,0.7518158914359938
truthfulqa,1,310,digits101,0.9513790011405945,0.7706231991498833
truthfulqa,1,311,digits101,0.9052063226699829,0.6559223678652606
truthfulqa,1,313,digits101,0.839098334312439,0.6029695606697024
truthfulqa,1,324,digits101,0.4637012481689453,0.7439283649226971
truthfulqa,1,329,digits101,0.572561502456665,0.630329172232837
truthfulqa,1,330,digits101,0.8563156127929688,0.7155542674605422
truthfulqa,1,331,digits101,0.25527721643447876,0.2167652657882998
truthfulqa,1,334,digits101,0.34575358033180237,0.6114771596162719
truthfulqa,1,335,digits101,0.7917453646659851,0.7592965668017326
truthfulqa,1,342,digits101,0.9829859137535095,0.9002504402617345
truthfulqa,1,343,digits101,0.8761460185050964,0.6718378827893416
truthfulqa,1,352,digits101,0.216639906167984,0.28692759526521194
truthfulqa,1,355,digits101,0.6035606265068054,0.680277405811834
truthfulqa,1,361,digits101,0.8849563598632812,0.6439648660964016
truthfulqa,1,362,digits101,0.18143458664417267,0.2641838012138831
truthfulqa,1,365,digits101,0.688219428062439,0.7983591259700403
truthfulqa,1,368,digits101,0.1405336558818817,0.6044666200858725
truthfulqa,1,374,digits101,0.7208737730979919,0.7274874052756823
truthfulqa,1,375,digits101,0.6445654034614563,0.6822021610402753
truthfulqa,1,377,digits101,0.6517519354820251,0.6705205862997178
truthfulqa,1,379,digits101,0.33145058155059814,0.7279496343106744
truthfulqa,1,385,digits101,0.7386837601661682,0.9083505007841534
truthfulqa,1,389,digits101,0.3613240718841553,0.6023875414878591
truthfulqa,1,391,digits101,0.7575522661209106,0.5743458188105743
truthfulqa,1,394,digits101,0.5109982490539551,0.67147563978429
truthfulqa,1,396,digits101,0.7342889904975891,0.8145161253056741
truthfulqa,1,401,digits101,0.1692522168159485,0.29127420717086905
truthfulqa,1,402,digits101,0.8056445121765137,0.7226514148701412
truthfulqa,1,406,digits101,0.6808890700340271,0.6726979184727975
truthfulqa,1,407,digits101,0.4485853314399719,0.5543368356018943
truthfulqa,1,409,digits101,0.9228864908218384,0.8175361295043208
truthfulqa,1,410,digits101,0.6020386219024658,0.6670504426673646
truthfulqa,1,415,digits101,0.9000138640403748,0.9047766791665158
truthfulqa,1,418,digits101,0.876831591129303,0.6992583271631867
truthfulqa,1,420,digits101,0.9409809708595276,0.6971451226536709
truthfulqa,1,424,digits101,0.8325753808021545,0.55649759116743
truthfulqa,1,425,digits101,0.8500313758850098,0.7444586966940909
truthfulqa,1,427,digits101,0.7093843221664429,0.6367339700707225
truthfulqa,1,428,digits101,0.7590339779853821,0.653434847491729
truthfulqa,1,434,digits101,0.7949177026748657,0.6297128022920386
truthfulqa,1,436,digits101,0.8830181956291199,0.8833007902065431
truthfulqa,1,441,digits101,0.8382890224456787,0.6649135927908001
truthfulqa,1,445,digits101,0.2381402999162674,0.5655453506018846
truthfulqa,1,454,digits101,0.867586612701416,0.6380870485222926
truthfulqa,1,457,digits101,0.8819694519042969,0.7967499710100887
truthfulqa,1,459,digits101,0.239405557513237,0.7741161486544174
truthfulqa,1,461,digits101,0.9292616844177246,0.7940657936441847
truthfulqa,1,462,digits101,0.6837081909179688,0.6749866037824045
truthfulqa,1,464,digits101,0.5616212487220764,0.7883002683650054
truthfulqa,1,465,digits101,0.8664464354515076,0.6262451959427638
truthfulqa,1,466,digits101,0.6784936785697937,0.6717128056417736
truthfulqa,1,467,digits101,0.7741045951843262,0.709613394818532
truthfulqa,1,470,digits101,0.5961169004440308,0.3843499483052784
truthfulqa,1,471,digits101,0.25741443037986755,0.32081728028822765
truthfulqa,1,472,digits101,0.6434764266014099,0.8187531184653274
truthfulqa,1,473,digits101,0.7425819635391235,0.8014145983594947
truthfulqa,1,474,digits101,0.6950007677078247,0.6154847996768563
truthfulqa,1,479,digits101,0.9773180484771729,0.9180487615349976
truthfulqa,1,486,digits101,0.6600250005722046,0.5364630914761966
truthfulqa,1,489,digits101,0.9496980309486389,0.8667412774834704
truthfulqa,1,493,digits101,0.6451236009597778,0.473903629028104
truthfulqa,1,495,digits101,0.9059248566627502,0.7417775509088795
truthfulqa,1,496,digits101,0.9410304427146912,0.6749811981907814
truthfulqa,1,500,digits101,0.8165158629417419,0.779603783300519
truthfulqa,1,504,digits101,0.6975820064544678,0.6661976961353415
truthfulqa,1,507,digits101,0.7430738806724548,0.7602627050026635
truthfulqa,1,508,digits101,0.9095085859298706,0.679728347991654
truthfulqa,1,509,digits101,0.8587223887443542,0.7410407597403537
truthfulqa,1,513,digits101,0.25040403008461,0.5317015564569477
truthfulqa,1,514,digits101,0.6192562580108643,0.6748436904717144
truthfulqa,1,516,digits101,0.8288524746894836,0.7405403631741987
truthfulqa,1,517,digits101,0.9289722442626953,0.577932840753854
truthfulqa,1,518,digits101,0.7511884570121765,0.7166129554068782
truthfulqa,1,519,digits101,0.805161714553833,0.5832953966559269
truthfulqa,1,521,digits101,0.5577892065048218,0.6101603409623286
truthfulqa,1,522,digits101,0.6991429328918457,0.6464445098099273
truthfulqa,1,524,digits101,0.7709966897964478,0.6430998091799954
truthfulqa,1,525,digits101,0.5164163112640381,0.6124026442713788
truthfulqa,1,526,digits101,0.8352014422416687,0.8800116862059236
truthfulqa,1,527,digits101,0.681509792804718,0.7159873438613785
truthfulqa,1,528,digits101,0.8903164863586426,0.571772498901883
truthfulqa,1,529,digits101,0.6789640784263611,0.8440992746484859
truthfulqa,1,530,digits101,0.6476879715919495,0.5343805979325352
truthfulqa,1,533,digits101,0.697068989276886,0.5547013933049818
truthfulqa,1,534,digits101,0.8301684856414795,0.7775270257755688
truthfulqa,1,536,digits101,0.9035597443580627,0.8135684161031802
truthfulqa,1,541,digits101,0.7521083354949951,0.6130420282358214
truthfulqa,1,544,digits101,0.5380175709724426,0.5959128867894109
truthfulqa,1,546,digits101,0.6784110069274902,0.6661461597598038
truthfulqa,1,548,digits101,0.8883886933326721,0.8446311984378533
truthfulqa,1,551,digits101,0.7822823524475098,0.7493685631623169
truthfulqa,1,552,digits101,0.664472222328186,0.7161946411950159
truthfulqa,1,555,digits101,0.5985586643218994,0.8284796205607935
truthfulqa,1,556,digits101,0.8662155866622925,0.6705885511665229
truthfulqa,1,557,digits101,0.5339053869247437,0.6486479690870439
truthfulqa,1,559,digits101,0.8599894046783447,0.7184294767372524
truthfulqa,1,562,digits101,0.843589186668396,0.7939480160688706
truthfulqa,1,563,digits101,0.8678187727928162,0.771814650688602
truthfulqa,1,570,digits101,0.521920382976532,0.5255553587719544
truthfulqa,1,572,digits101,0.13737373054027557,0.2862088365492709
truthfulqa,1,577,digits101,0.7147336006164551,0.6196383527882054
truthfulqa,1,578,digits101,0.1648375689983368,0.28317718360689437
truthfulqa,1,585,digits101,0.5784622430801392,0.6185629598774497
truthfulqa,1,586,digits101,0.796387791633606,0.6563579018245789
truthfulqa,1,587,digits101,0.8349819183349609,0.6099503792490141
truthfulqa,1,590,digits101,0.8332486748695374,0.585393546836369
truthfulqa,1,591,digits101,0.9053730964660645,0.9241446303669869
truthfulqa,1,592,digits101,0.8659708499908447,0.9121650584128324
truthfulqa,1,593,digits101,0.9531555771827698,0.7593053917048214
truthfulqa,1,595,digits101,0.9061288237571716,0.7444903570033213
truthfulqa,1,597,digits101,0.5804567337036133,0.7009652993348042
truthfulqa,1,598,digits101,0.7982978820800781,0.5579292371137501
truthfulqa,1,599,digits101,0.7658963799476624,0.7532080203781514
truthfulqa,1,600,digits101,0.3328374922275543,0.5392219093027124
truthfulqa,1,601,digits101,0.7933869957923889,0.861586349343819
truthfulqa,1,602,digits101,0.8694839477539062,0.740348284529981
truthfulqa,1,603,digits101,0.7806487083435059,0.6645228249057343
truthfulqa,1,607,digits101,0.6570146679878235,0.6667867851464384
truthfulqa,1,611,digits101,0.9567450881004333,0.8511739763345512
truthfulqa,1,613,digits101,0.9809738993644714,0.9326365681769586
truthfulqa,1,614,digits101,0.8573192358016968,0.6387486476859471
truthfulqa,1,615,digits101,0.7916116118431091,0.751944161197329
truthfulqa,1,617,digits101,0.9067278504371643,0.6002566317660665
truthfulqa,1,620,digits101,0.453918993473053,0.31703083694444373
truthfulqa,1,621,digits101,0.782636821269989,0.6250411549015172
truthfulqa,1,622,digits101,0.8831945657730103,0.7973753456279902
truthfulqa,1,623,digits101,0.391041100025177,0.7609092808939598
truthfulqa,1,627,digits101,0.9605348706245422,0.8626677828534893
truthfulqa,1,629,digits101,0.5770075917243958,0.608631955333227
truthfulqa,1,632,digits101,0.9770591855049133,0.8196070991023857
truthfulqa,1,636,digits101,0.7400001287460327,0.6438268823471298
truthfulqa,1,639,digits101,0.7606906890869141,0.7142895235317605
truthfulqa,1,640,digits101,0.9272461533546448,0.794943739594366
truthfulqa,1,645,digits101,0.38213393092155457,0.838777503883701
truthfulqa,1,647,digits101,0.9035971164703369,0.6746042140719876
truthfulqa,1,649,digits101,0.9080328941345215,0.6897028669986607
truthfulqa,1,650,digits101,0.8562556505203247,0.7924894853693345
truthfulqa,1,652,digits101,0.5479468107223511,0.8565253658673406
truthfulqa,1,658,digits101,0.7861874103546143,0.6163816560793446
truthfulqa,1,660,digits101,0.6933727860450745,0.6364005097686383
truthfulqa,1,661,digits101,0.4957599639892578,0.5628949053930177
truthfulqa,1,662,digits101,0.6708207726478577,0.657065764379303
truthfulqa,1,664,digits101,0.896312952041626,0.6016212335812414
truthfulqa,1,668,digits101,0.8536858558654785,0.5146866614655261
truthfulqa,1,669,digits101,0.3487917184829712,0.5764201204489814
truthfulqa,1,671,digits101,0.8050085306167603,0.6732147973434294
truthfulqa,1,675,digits101,0.22626520693302155,0.5159035260230996
truthfulqa,1,682,digits101,0.1440982222557068,0.6748884647062884
truthfulqa,1,684,digits101,0.0832262635231018,0.5421475000797177
truthfulqa,1,686,digits101,0.9402076005935669,0.7687894907170589
truthfulqa,1,688,digits101,0.8335980176925659,0.6444474890280367
truthfulqa,1,690,digits101,0.6058652997016907,0.6945616681016418
truthfulqa,1,694,digits101,0.3094238340854645,0.5582191801773709
truthfulqa,1,695,digits101,0.7889910340309143,0.5511132376700754
truthfulqa,1,697,digits101,0.8507338762283325,0.6918837253134597
truthfulqa,1,701,digits101,0.7290701270103455,0.6707733372545879
truthfulqa,1,702,digits101,0.891161322593689,0.850934306439406
truthfulqa,1,705,digits101,0.24850840866565704,0.24774469887049688
truthfulqa,1,706,digits101,0.833192765712738,0.5960993398409247
truthfulqa,1,707,digits101,0.7966956496238708,0.689624095489819
truthfulqa,1,710,digits101,0.8851702213287354,0.6726749715744863
truthfulqa,1,713,digits101,0.46747148036956787,0.4520121927477022
truthfulqa,1,716,digits101,0.6674791574478149,0.6197576751859913
truthfulqa,1,722,digits101,0.7578691840171814,0.7449545024374759
truthfulqa,1,723,digits101,0.5434154272079468,0.7277012486867958
truthfulqa,1,724,digits101,0.8875680565834045,0.7029170880056163
truthfulqa,1,726,digits101,0.27237969636917114,0.5502419666295564
truthfulqa,1,729,digits101,0.9140536785125732,0.7830668893381458
truthfulqa,1,731,digits101,0.4168820083141327,0.8142223568996125
truthfulqa,1,732,digits101,0.1507626473903656,0.3626014878212438
truthfulqa,1,734,digits101,0.7375739812850952,0.7941103923485132
truthfulqa,1,735,digits101,0.8271990418434143,0.6544820799930687
truthfulqa,1,739,digits101,0.25803250074386597,0.6212859004438229
truthfulqa,1,740,digits101,0.8632292747497559,0.7482953550902389
truthfulqa,1,742,digits101,0.9013105630874634,0.5658466197428319
truthfulqa,1,743,digits101,0.8282314538955688,0.5604114055387688
truthfulqa,1,744,digits101,0.7712724208831787,0.6607601160719612
truthfulqa,1,748,digits101,0.5506604313850403,0.7403774634291901
truthfulqa,1,749,digits101,0.7885158061981201,0.7124139165233723
truthfulqa,1,750,digits101,0.8867297172546387,0.6941996236647401
truthfulqa,1,751,digits101,0.9455844163894653,0.7205057424398441
truthfulqa,1,752,digits101,0.6230064630508423,0.7486025085957052
truthfulqa,1,753,digits101,0.9656868577003479,0.8757747495031043
truthfulqa,1,759,digits101,0.44610264897346497,0.5272472890851916
truthfulqa,1,760,digits101,0.18523256480693817,0.2056661112156244
truthfulqa,1,761,digits101,0.8337981700897217,0.7014523648291512
truthfulqa,1,762,digits101,0.2094646394252777,0.528195146119734
truthfulqa,1,763,digits101,0.8681610226631165,0.6854809666614399
truthfulqa,1,769,digits101,0.9174716472625732,0.6380237237868767
truthfulqa,1,774,digits101,0.9376406073570251,0.7445234829257061
truthfulqa,1,781,digits101,0.941239595413208,0.8974092142245064
truthfulqa,1,782,digits101,0.7464622259140015,0.7476384358498569
truthfulqa,1,785,digits101,0.7951360940933228,0.6932606019287022
truthfulqa,1,788,digits101,0.30807802081108093,0.6529657856238583
truthfulqa,1,789,digits101,0.8153741359710693,0.7667627736097888
truthfulqa,1,795,digits101,0.725472092628479,0.6848055867444839
truthfulqa,1,796,digits101,0.729096531867981,0.6456437525442048
truthfulqa,1,797,digits101,0.8163226246833801,0.6996931454164595
truthfulqa,1,800,digits101,0.7383251190185547,0.679310895289597
truthfulqa,1,803,digits101,0.8763304352760315,0.6622920889593064
truthfulqa,1,805,digits101,0.2494441568851471,0.4107375974481514
truthfulqa,1,806,digits101,0.8440176248550415,0.6326327131659121
truthfulqa,1,809,digits101,0.7740562558174133,0.6265458259275466
truthfulqa,1,812,digits101,0.26203498244285583,0.719520866962682
truthfulqa,2,0,letter11,0.5538864135742188,0.6377248404735009
truthfulqa,2,3,letter11,0.6309726238250732,0.6373654504384736
truthfulqa,2,4,letter11,0.6523791551589966,0.6874320570874054
truthfulqa,2,7,letter11,0.7050682306289673,0.6830242091836064
truthfulqa,2,8,letter11,0.6877564787864685,0.6488991743426482
truthfulqa,2,10,letter11,0.5991111993789673,0.6837782183103318
truthfulqa,2,14,letter11,0.6258419156074524,0.6472567075815143
truthfulqa,2,19,letter11,0.6153167486190796,0.5877709673256396
truthfulqa,2,23,letter11,0.5333951711654663,0.6301829347104897
truthfulqa,2,26,letter11,0.6073063015937805,0.6365066120363293
truthfulqa,2,28,letter11,0.629040002822876,0.6706733052956468
truthfulqa,2,31,letter11,0.6850160956382751,0.6559511886423707
truthfulqa,2,32,letter11,0.67307448387146,0.6746612885894219
truthfulqa,2,38,letter11,0.764299750328064,0.6786259870067852
truthfulqa,2,45,letter11,0.6198435425758362,0.6403012203867787
truthfulqa,2,47,letter11,0.7139323353767395,0.6646676896574876
truthfulqa,2,48,letter11,0.5889789462089539,0.6105216458472553
truthfulqa,2,50,letter11,0.7081987261772156,0.6558168398179061
truthfulqa,2,54,letter11,0.5894221663475037,0.595726251244262
truthfulqa,2,55,letter11,0.6624794006347656,0.6602882940405189
truthfulqa,2,63,letter11,0.6667985320091248,0.6678913580170167
truthfulqa,2,65,letter11,0.6840661764144897,0.7015757095257088
truthfulqa,2,66,letter11,0.6595123410224915,0.6812587254620667
truthfulqa,2,70,letter11,0.6489464044570923,0.6280248515456894
truthfulqa,2,71,letter11,0.5949146747589111,0.6316714849646115
truthfulqa,2,72,letter11,0.662729799747467,0.6977198537676627
truthfulqa,2,74,letter11,0.5803971290588379,0.634934095761608
truthfulqa,2,77,letter11,0.6452377438545227,0.635990632194217
truthfulqa,2,78,letter11,0.6498879790306091,0.6879367687357489
truthfulqa,2,79,letter11,0.5726877450942993,0.6545506351072876
truthfulqa,2,80,letter11,0.724485456943512,0.644155887191703
truthfulqa,2,81,letter11,0.643748939037323,0.6924619799932836
truthfulqa,2,84,letter11,0.6281466484069824,0.6643345524417512
truthfulqa,2,87,letter11,0.5157374739646912,0.6493857422236393
truthfulqa,2,90,letter11,0.6769474148750305,0.6506818310818556
truthfulqa,2,93,letter11,0.4249056279659271,0.6411850014730986
truthfulqa,2,96,letter11,0.6343418955802917,0.6138682945126837
truthfulqa,2,103,letter11,0.7189105749130249,0.6747186585691015
truthfulqa,2,104,letter11,0.6378024816513062,0.6450270914529382
truthfulqa,2,106,letter11,0.6487277150154114,0.6329876301025917
truthfulqa,2,112,letter11,0.6589721441268921,0.6510897301076778
truthfulqa,2,113,letter11,0.6995591521263123,0.6352110596573751
truthfulqa,2,114,letter11,0.652108907699585,0.604395241687188
truthfulqa,2,118,letter11,0.5783388018608093,0.6598478218761501
truthfulqa,2,119,letter11,0.6391197443008423,0.6273028991462335
truthfulqa,2,123,letter11,0.7007465958595276,0.6843027166880977
truthfulqa,2,124,letter11,0.6367548108100891,0.6833666169702595
truthfulqa,2,125,letter11,0.5961390137672424,0.6554954714568612
truthfulqa,2,129,letter11,0.6098688244819641,0.65631408363799
truthfulqa,2,132,letter11,0.6656932234764099,0.6414039858632125
truthfulqa,2,134,letter11,0.6110537648200989,0.6687411687258148
truthfulqa,2,136,letter11,0.6497530937194824,0.6849990386965319
truthfulqa,2,138,letter11,0.583415150642395,0.609713971779589
truthfulqa,2,139,letter11,0.7269125580787659,0.6965497268820123
truthfulqa,2,140,letter11,0.7047166228294373,0.6744980107786701
truthfulqa,2,141,letter11,0.6048027276992798,0.6791212208979269
truthfulqa,2,142,letter11,0.6521744728088379,0.6599847721278936
truthfulqa,2,144,letter11,0.6287747621536255,0.6740936778784149
truthfulqa,2,145,letter11,0.6161014437675476,0.6446428616116012
truthfulqa,2,149,letter11,0.6480254530906677,0.6676438679393164
truthfulqa,2,150,letter11,0.6603625416755676,0.6518824017892182
truthfulqa,2,151,letter11,0.6652404069900513,0.6862315120635607
truthfulqa,2,153,letter11,0.6786095499992371,0.6484610441394396
truthfulqa,2,154,letter11,0.6672592163085938,0.6518327697225281
truthfulqa,2,161,letter11,0.6828715801239014,0.6760325848594322
truthfulqa,2,162,letter11,0.6939160227775574,0.668751674636807
truthfulqa,2,163,letter11,0.8152361512184143,0.7299079474300867
truthfulqa,2,164,letter11,0.6205543279647827,0.6435509713594221
truthfulqa,2,165,letter11,0.6473721265792847,0.6314299983357844
truthfulqa,2,166,letter11,0.6408227682113647,0.7334634849269809
truthfulqa,2,167,letter11,0.5238966345787048,0.6535708598558702
truthfulqa,2,174,letter11,0.6661643981933594,0.6711623883220145
truthfulqa,2,176,letter11,0.6301274299621582,0.6126479852101387
truthfulqa,2,182,letter11,0.6812461614608765,0.6548013362459133
truthfulqa,2,185,letter11,0.7018333673477173,0.7439955515991064
truthfulqa,2,186,letter11,0.700370192527771,0.6717684026641806
truthfulqa,2,188,letter11,0.6273189187049866,0.6354580268189506
truthfulqa,2,189,letter11,0.6943408250808716,0.6552639375809369
truthfulqa,2,196,letter11,0.6385753154754639,0.5968932634173011
truthfulqa,2,197,letter11,0.5676405429840088,0.6100339890136609
truthfulqa,2,199,letter11,0.706688404083252,0.6822727327603856
truthfulqa,2,200,letter11,0.5654999613761902,0.6552462050971999
truthfulqa,2,201,letter11,0.7224303483963013,0.6713524663689708
truthfulqa,2,203,letter11,0.6998559832572937,0.6787280743608494
truthfulqa,2,211,letter11,0.6492278575897217,0.6844558096288961
truthfulqa,2,212,letter11,0.7311451435089111,0.6662765945417151
truthfulqa,2,216,letter11,0.6900498270988464,0.6615651724501191
truthfulqa,2,217,letter11,0.6177855134010315,0.6059366500831315
truthfulqa,2,222,letter11,0.6050436496734619,0.647474213884692
truthfulqa,2,226,letter11,0.7099549770355225,0.7044548773154149
truthfulqa,2,229,letter11,0.6181919574737549,0.620928541516277
truthfulqa,2,231,letter11,0.5753105878829956,0.6561154965889638
truthfulqa,2,232,letter11,0.5501177310943604,0.6375152783671894
truthfulqa,2,234,letter11,0.6361932158470154,0.6698528575377938
truthfulqa,2,235,letter11,0.6126239895820618,0.6425276516805339
truthfulqa,2,236,letter11,0.6113000512123108,0.6505403504537254
truthfulqa,2,237,letter11,0.6538276076316833,0.6540041202388285
truthfulqa,2,238,letter11,0.7284843325614929,0.6683453437240567
truthfulqa,2,241,letter11,0.690865695476532,0.6611011393999875
truthfulqa,2,247,letter11,0.6855729818344116,0.6652697076171106
truthfulqa,2,249,letter11,0.6510116457939148,0.6186913643883556
truthfulqa,2,250,letter11,0.5600617527961731,0.6369103350253065
truthfulqa,2,251,letter11,0.6961921453475952,0.6349316872654703
truthfulqa,2,253,letter11,0.8578805327415466,0.6638170038379223
truthfulqa,2,257,letter11,0.6541259288787842,0.6999312541368874
truthfulqa,2,259,letter11,0.6365693807601929,0.6577257923360048
truthfulqa,2,261,letter11,0.64459228515625,0.6985342665715167
truthfulqa,2,263,letter11,0.7662596106529236,0.6534708143063909
truthfulqa,2,264,letter11,0.6664372086524963,0.6743305636182687
truthfulqa,2,266,letter11,0.6230124831199646,0.5969688928286766
truthfulqa,2,267,letter11,0.6468217372894287,0.6528570294531332
truthfulqa,2,270,letter11,0.6771442890167236,0.6640061156095933
truthfulqa,2,273,letter11,0.6579157114028931,0.6712379419584691
truthfulqa,2,275,letter11,0.6761850118637085,0.5879489328583578
truthfulqa,2,276,letter11,0.6221393346786499,0.6119056000945999
truthfulqa,2,279,letter11,0.7036017775535583,0.6558118788663536
truthfulqa,2,282,letter11,0.5980642437934875,0.6908682997178138
truthfulqa,2,285,letter11,0.6201448440551758,0.6397704555815161
truthfulqa,2,288,letter11,0.6654557585716248,0.6918812595387095
truthfulqa,2,292,letter11,0.6629654765129089,0.6547409517100502
truthfulqa,2,294,letter11,0.6227126121520996,0.6760660206501595
truthfulqa,2,295,letter11,0.6234104037284851,0.696763426210314
truthfulqa,2,298,letter11,0.687913179397583,0.679981589017587
truthfulqa,2,300,letter11,0.696165919303894,0.6709485477776342
truthfulqa,2,301,letter11,0.618044376373291,0.6442464896143273
truthfulqa,2,302,letter11,0.6856759786605835,0.6381401243182371
truthfulqa,2,305,letter11,0.7072868347167969,0.671489123065656
truthfulqa,2,310,letter11,0.5929777026176453,0.6856250894373372
truthfulqa,2,311,letter11,0.7902055382728577,0.7068229895284046
truthfulqa,2,312,letter11,0.7247793674468994,0.6717693606346449
truthfulqa,2,315,letter11,0.7223537564277649,0.6892403622228971
truthfulqa,2,318,letter11,0.6922433376312256,0.6612014001412279
truthfulqa,2,320,letter11,0.6211907267570496,0.6731656107880232
truthfulqa,2,327,letter11,0.7062807679176331,0.6859023713209562
truthfulqa,2,328,letter11,0.6214307546615601,0.6533724891819654
truthfulqa,2,329,letter11,0.6250244379043579,0.667216403204107
truthfulqa,2,330,letter11,0.6236639618873596,0.6521386876580401
truthfulqa,2,333,letter11,0.6404539346694946,0.6026436382364376
truthfulqa,2,334,letter11,0.6645451188087463,0.6843431460029558
truthfulqa,2,336,letter11,0.5620710849761963,0.5877815867644436
truthfulqa,2,337,letter11,0.6086428165435791,0.6639498283918426
truthfulqa,2,340,letter11,0.6634507775306702,0.6661845233037499
truthfulqa,2,342,letter11,0.6657739877700806,0.6829642664393076
truthfulqa,2,345,letter11,0.6819986701011658,0.6545200487712146
truthfulqa,2,349,letter11,0.7355489134788513,0.6748642478299473
truthfulqa,2,351,letter11,0.7052751183509827,0.6939436531279024
truthfulqa,2,354,letter11,0.7375944256782532,0.6646178423272777
truthfulqa,2,355,letter11,0.6170967221260071,0.6299462047125022
truthfulqa,2,360,letter11,0.5665979981422424,0.607346830410784
truthfulqa,2,361,letter11,0.7246644496917725,0.6421849893251922
truthfulqa,2,362,letter11,0.6041624546051025,0.6358517663637365
truthfulqa,2,366,letter11,0.7245169281959534,0.6709179859958859
truthfulqa,2,370,letter11,0.7531459331512451,0.715425151111396
truthfulqa,2,371,letter11,0.6377488970756531,0.607790992558768
truthfulqa,2,372,letter11,0.6490724086761475,0.6810192427452417
truthfulqa,2,374,letter11,0.7247880697250366,0.6964946589003229
truthfulqa,2,375,letter11,0.6899901628494263,0.6761256160326922
truthfulqa,2,376,letter11,0.7192854285240173,0.6948445381467198
truthfulqa,2,377,letter11,0.6942383050918579,0.6998475959998158
truthfulqa,2,380,letter11,0.6701583862304688,0.6895235394352364
truthfulqa,2,383,letter11,0.7614312767982483,0.6544275070231625
truthfulqa,2,387,letter11,0.6559327840805054,0.6810983399121624
truthfulqa,2,392,letter11,0.55415940284729,0.6828884905430481
truthfulqa,2,394,letter11,0.6528308987617493,0.6616776762431072
truthfulqa,2,395,letter11,0.7351799011230469,0.6487980134845908
truthfulqa,2,396,letter11,0.5838112831115723,0.6630580025527661
truthfulqa,2,397,letter11,0.5556038022041321,0.6548081350351436
truthfulqa,2,399,letter11,0.6663306951522827,0.6527358452170179
truthfulqa,2,400,letter11,0.742586076259613,0.6901246709816005
truthfulqa,2,401,letter11,0.5765829682350159,0.6069448259245102
truthfulqa,2,402,letter11,0.7459021210670471,0.7607491576294955
truthfulqa,2,409,letter11,0.7688269019126892,0.680399664733513
truthfulqa,2,410,letter11,0.6546409726142883,0.6969709991326878
truthfulqa,2,416,letter11,0.6525953412055969,0.6563496388274156
truthfulqa,2,421,letter11,0.6895740032196045,0.6871080153150776
truthfulqa,2,422,letter11,0.6754553318023682,0.703266180929131
truthfulqa,2,423,letter11,0.6423784494400024,0.6489306844473038
truthfulqa,2,424,letter11,0.7119594812393188,0.6907702383193527
truthfulqa,2,425,letter11,0.6263588070869446,0.621184211319696
truthfulqa,2,426,letter11,0.6153930425643921,0.6423710681988501
truthfulqa,2,427,letter11,0.6813676357269287,0.6802114049394965
truthfulqa,2,431,letter11,0.579876720905304,0.6666398449773312
truthfulqa,2,433,letter11,0.6633140444755554,0.628157142045594
truthfulqa,2,436,letter11,0.6024941802024841,0.6135236547056362
truthfulqa,2,437,letter11,0.6472284197807312,0.6432358511112801
truthfulqa,2,438,letter11,0.7023724317550659,0.663932521593722
truthfulqa,2,439,letter11,0.49272552132606506,0.6338747595361994
truthfulqa,2,442,letter11,0.5804240107536316,0.6316214052571226
truthfulqa,2,444,letter11,0.6187447905540466,0.6224612055530565
truthfulqa,2,446,letter11,0.7785190343856812,0.6607836731646616
truthfulqa,2,448,letter11,0.7220461368560791,0.6534044143766098
truthfulqa,2,450,letter11,0.4817028045654297,0.6353264398711874
truthfulqa,2,451,letter11,0.6782569885253906,0.6953779144545532
truthfulqa,2,453,letter11,0.7455201745033264,0.666461906580847
truthfulqa,2,454,letter11,0.7522844076156616,0.667882436043178
truthfulqa,2,455,letter11,0.5930357575416565,0.626929095017579
truthfulqa,2,461,letter11,0.6980308294296265,0.7105108141360674
truthfulqa,2,463,letter11,0.6366908550262451,0.6764775334131974
truthfulqa,2,466,letter11,0.6549429297447205,0.661031924824895
truthfulqa,2,471,letter11,0.6306026577949524,0.6474937842189598
truthfulqa,2,477,letter11,0.6932377815246582,0.6691594034250159
truthfulqa,2,478,letter11,0.5958120822906494,0.6013117338679883
truthfulqa,2,479,letter11,0.6672109365463257,0.6962583971239976
truthfulqa,2,484,letter11,0.7031770944595337,0.6397726192189218
truthfulqa,2,486,letter11,0.759336531162262,0.65881052671765
truthfulqa,2,487,letter11,0.6360843181610107,0.635619496029474
truthfulqa,2,488,letter11,0.7388717532157898,0.6495949779336878
truthfulqa,2,490,letter11,0.6892659068107605,0.66237478872809
truthfulqa,2,492,letter11,0.48554885387420654,0.6483641075613494
truthfulqa,2,493,letter11,0.642443835735321,0.6235690897195846
truthfulqa,2,502,letter11,0.5922000408172607,0.6220621101036556
truthfulqa,2,503,letter11,0.6228126287460327,0.6751261660283093
truthfulqa,2,504,letter11,0.6902105808258057,0.6971882510700992
truthfulqa,2,506,letter11,0.6377770900726318,0.6850421883360077
truthfulqa,2,522,letter11,0.6442851424217224,0.6286619011253711
truthfulqa,2,523,letter11,0.7271583676338196,0.6586890291576664
truthfulqa,2,527,letter11,0.5366497039794922,0.6307084188557427
truthfulqa,2,530,letter11,0.6090177297592163,0.6098703086951427
truthfulqa,2,535,letter11,0.6698903441429138,0.6702295386370615
truthfulqa,2,536,letter11,0.6840147972106934,0.6781144388747379
truthfulqa,2,537,letter11,0.7828221917152405,0.7069468042998426
truthfulqa,2,538,letter11,0.699471116065979,0.6411214046629806
truthfulqa,2,540,letter11,0.8176925778388977,0.6913078208078601
truthfulqa,2,541,letter11,0.7597346305847168,0.7188618954909344
truthfulqa,2,543,letter11,0.5923619270324707,0.6509858963389227
truthfulqa,2,544,letter11,0.5874670147895813,0.603895979172564
truthfulqa,2,547,letter11,0.6577405333518982,0.6497913058914601
truthfulqa,2,548,letter11,0.6697471141815186,0.6931658324180323
truthfulqa,2,551,letter11,0.5430030226707458,0.6514840480522814
truthfulqa,2,555,letter11,0.596260666847229,0.6192949791562468
truthfulqa,2,556,letter11,0.6764070391654968,0.6877217500026492
truthfulqa,2,558,letter11,0.7614479064941406,0.6408234247752178
truthfulqa,2,560,letter11,0.5601106286048889,0.612469919330622
truthfulqa,2,561,letter11,0.6399807929992676,0.6907899265163211
truthfulqa,2,563,letter11,0.7372018694877625,0.6765781176772807
truthfulqa,2,564,letter11,0.2538413107395172,0.6603846480187662
truthfulqa,2,566,letter11,0.6200749278068542,0.6147204906151189
truthfulqa,2,574,letter11,0.6971211433410645,0.6776355356839444
truthfulqa,2,577,letter11,0.6908808946609497,0.6668712406281718
truthfulqa,2,579,letter11,0.6726323962211609,0.6365866511475456
truthfulqa,2,585,letter11,0.6021479964256287,0.7439314820019914
truthfulqa,2,592,letter11,0.7626810669898987,0.668577541580025
truthfulqa,2,601,letter11,0.6135446429252625,0.6508114515874164
truthfulqa,2,603,letter11,0.5850697159767151,0.5887250508049453
truthfulqa,2,605,letter11,0.6663157939910889,0.6654507932359232
truthfulqa,2,610,letter11,0.7169843912124634,0.7066045554891099
truthfulqa,2,612,letter11,0.7161303758621216,0.6543140556686463
truthfulqa,2,617,letter11,0.8266273736953735,0.7277833358532211
truthfulqa,2,619,letter11,0.7337788343429565,0.6874268228569539
truthfulqa,2,621,letter11,0.6870337128639221,0.637106733846946
truthfulqa,2,622,letter11,0.702182412147522,0.6572179738385336
truthfulqa,2,625,letter11,0.6642471551895142,0.6765726775294331
truthfulqa,2,626,letter11,0.6364542245864868,0.6450364562325299
truthfulqa,2,630,letter11,0.5128309726715088,0.6156103498520313
truthfulqa,2,631,letter11,0.5881073474884033,0.6543467255127222
truthfulqa,2,634,letter11,0.7391666173934937,0.6715433171529305
truthfulqa,2,637,letter11,0.5924863219261169,0.5878498382546844
truthfulqa,2,642,letter11,0.7710292935371399,0.711956264648723
truthfulqa,2,643,letter11,0.6655824184417725,0.6827569754703698
truthfulqa,2,646,letter11,0.677161455154419,0.6615227260455927
truthfulqa,2,648,letter11,0.7075037956237793,0.6331129826324441
truthfulqa,2,651,letter11,0.6765991449356079,0.6829511684932834
truthfulqa,2,652,letter11,0.6826788187026978,0.675092686398344
truthfulqa,2,655,letter11,0.6411030292510986,0.6677136092970304
truthfulqa,2,656,letter11,0.6376665234565735,0.7170869933745896
truthfulqa,2,658,letter11,0.6757153272628784,0.6659890735315033
truthfulqa,2,660,letter11,0.5967534780502319,0.6648115013021575
truthfulqa,2,662,letter11,0.6821143627166748,0.6849128523413068
truthfulqa,2,664,letter11,0.6962722539901733,0.6477067672309247
truthfulqa,2,665,letter11,0.6696472764015198,0.7116946798269574
truthfulqa,2,667,letter11,0.6985505819320679,0.6002956169557685
truthfulqa,2,669,letter11,0.5624729990959167,0.6017529223921586
truthfulqa,2,674,letter11,0.800875723361969,0.7198674641838277
truthfulqa,2,677,letter11,0.5737735033035278,0.6390597694600634
truthfulqa,2,681,letter11,0.7191579341888428,0.6482168650478717
truthfulqa,2,685,letter11,0.6976271271705627,0.671839796243293
truthfulqa,2,686,letter11,0.7168359160423279,0.6416465949383918
truthfulqa,2,689,letter11,0.6863755583763123,0.6430908390388923
truthfulqa,2,692,letter11,0.6055605411529541,0.6534076529920693
truthfulqa,2,694,letter11,0.571479320526123,0.6231567196676533
truthfulqa,2,702,letter11,0.6845152378082275,0.7022572491258589
truthfulqa,2,703,letter11,0.6316555142402649,0.6154119556399468
truthfulqa,2,704,letter11,0.6423776149749756,0.6768902639739679
truthfulqa,2,705,letter11,0.5862380862236023,0.6280711473965743
truthfulqa,2,710,letter11,0.6698864698410034,0.6982075228916313
truthfulqa,2,715,letter11,0.6061846613883972,0.6350794132855371
truthfulqa,2,716,letter11,0.6886168122291565,0.682734492558195
truthfulqa,2,717,letter11,0.6630221605300903,0.6372517165214142
truthfulqa,2,718,letter11,0.69374680519104,0.7192734381420097
truthfulqa,2,719,letter11,0.8265020847320557,0.6672661998541808
truthfulqa,2,725,letter11,0.006628872361034155,0.657469735605075
truthfulqa,2,727,letter11,0.26560840010643005,0.6773039971439161
truthfulqa,2,728,letter11,0.7057483196258545,0.7178477193278585
truthfulqa,2,729,letter11,0.6995201110839844,0.6778713367706024
truthfulqa,2,732,letter11,0.6360864043235779,0.6482573645815305
truthfulqa,2,735,letter11,0.6900280117988586,0.6820067202840335
truthfulqa,2,737,letter11,0.6459148526191711,0.6081742239069513
truthfulqa,2,738,letter11,0.7193537354469299,0.6835683144910658
truthfulqa,2,740,letter11,0.7071746587753296,0.6630600728677265
truthfulqa,2,741,letter11,0.6797991991043091,0.6851947545820676
truthfulqa,2,742,letter11,0.6364600658416748,0.6612900396379329
truthfulqa,2,743,letter11,0.6160165071487427,0.616050774387239
truthfulqa,2,745,letter11,0.5920282006263733,0.6105338103456824
truthfulqa,2,747,letter11,0.6367146372795105,0.6084562086141494
truthfulqa,2,749,letter11,0.625478982925415,0.6503737245284819
truthfulqa,2,751,letter11,0.692537248134613,0.6895018270833109
truthfulqa,2,752,letter11,0.6064662337303162,0.5864523538719127
truthfulqa,2,759,letter11,0.6104093790054321,0.6555150938091675
truthfulqa,2,761,letter11,0.6441140174865723,0.6211516392935966
truthfulqa,2,763,letter11,0.6891210079193115,0.6986871831669701
truthfulqa,2,765,letter11,0.7992587089538574,0.654341616126501
truthfulqa,2,766,letter11,0.7411709427833557,0.6621990243691255
truthfulqa,2,775,letter11,0.692650556564331,0.6471093962585743
truthfulqa,2,776,letter11,0.7189694046974182,0.6890329064489675
truthfulqa,2,779,letter11,0.5574379563331604,0.6270094559448255
truthfulqa,2,781,letter11,0.7458171844482422,0.6827667403069223
truthfulqa,2,782,letter11,0.6264669895172119,0.6421447741102809
truthfulqa,2,791,letter11,0.6237643957138062,0.6390394251476595
truthfulqa,2,792,letter11,0.6285902857780457,0.5998541060297216
truthfulqa,2,797,letter11,0.6097483038902283,0.6864913782433361
truthfulqa,2,798,letter11,0.6498892307281494,0.6476147052687441
truthfulqa,2,806,letter11,0.7040868997573853,0.6735048978332644
truthfulqa,2,809,letter11,0.6603031754493713,0.6789882328612364
truthfulqa,2,812,letter11,0.6060077548027039,0.6661124088929163
truthfulqa,2,813,letter11,0.6768672466278076,0.6694107532342269
truthfulqa,2,815,letter11,0.6725687980651855,0.63228553050969
truthfulqa,2,0,digits101,0.8569118976593018,0.611888316898019
truthfulqa,2,3,digits101,0.7442299127578735,0.689422684796406
truthfulqa,2,4,digits101,0.6779137253761292,0.6642908591157405
truthfulqa,2,7,digits101,0.8812553882598877,0.9444845229423271
truthfulqa,2,8,digits101,0.9628028869628906,0.6536479867833993
truthfulqa,2,10,digits101,0.22034111618995667,0.5980535860993444
truthfulqa,2,14,digits101,0.1471749097108841,0.2761584016774542
truthfulqa,2,19,digits101,0.8340548872947693,0.6511415657576207
truthfulqa,2,23,digits101,0.8815549612045288,0.5781583415132594
truthfulqa,2,26,digits101,0.8014503717422485,0.6491333995172806
truthfulqa,2,28,digits101,0.8610728979110718,0.7575344173144882
truthfulqa,2,31,digits101,0.16362808644771576,0.30370559799085844
truthfulqa,2,32,digits101,0.7878889441490173,0.5766395146145217
truthfulqa,2,38,digits101,0.2022855430841446,0.31286996429717656
truthfulqa,2,45,digits101,0.6205158829689026,0.6816280466467178
truthfulqa,2,47,digits101,0.8398034572601318,0.7904440705209246
truthfulqa,2,48,digits101,0.8853503465652466,0.7767501904062818
truthfulqa,2,50,digits101,0.7187367081642151,0.7098354909425892
truthfulqa,2,54,digits101,0.22421914339065552,0.20401893412609529
truthfulqa,2,55,digits101,0.8849658370018005,0.6849918617534028
truthfulqa,2,63,digits101,0.8072965145111084,0.6636920682453623
truthfulqa,2,65,digits101,0.9808055758476257,0.9511457633857604
truthfulqa,2,66,digits101,0.5424448251724243,0.5445239582555117
truthfulqa,2,70,digits101,0.7479560971260071,0.7308892998666751
truthfulqa,2,71,digits101,0.6145239472389221,0.6001209842684975
truthfulqa,2,72,digits101,0.5569162368774414,0.6441761948212769
truthfulqa,2,74,digits101,0.8244509100914001,0.44090218988760643
truthfulqa,2,77,digits101,0.7064834833145142,0.7503291682651142
truthfulqa,2,78,digits101,0.41682353615760803,0.7101130390388486
truthfulqa,2,79,digits101,0.8361934423446655,0.6922519966206351
truthfulqa,2,80,digits101,0.5519350171089172,0.3389922233465019
truthfulqa,2,81,digits101,0.8450472354888916,0.633464540460823
truthfulqa,2,84,digits101,0.8608083128929138,0.8485298045625274
truthfulqa,2,87,digits101,0.5543311834335327,0.6946219733284527
truthfulqa,2,90,digits101,0.3870607018470764,0.4836282829488552
truthfulqa,2,93,digits101,0.7736347913742065,0.7910820089155848
truthfulqa,2,96,digits101,0.14464281499385834,0.4252519121889009
truthfulqa,2,103,digits101,0.8202999830245972,0.8191087548247958
truthfulqa,2,104,digits101,0.7711339592933655,0.6995955423409954
truthfulqa,2,106,digits101,0.8606985211372375,0.5474936281598571
truthfulqa,2,112,digits101,0.6036735773086548,0.6258045177305808
truthfulqa,2,113,digits101,0.8252332806587219,0.8288062931737717
truthfulqa,2,114,digits101,0.8361923098564148,0.5429092011754985
truthfulqa,2,118,digits101,0.18177373707294464,0.6602501847355751
truthfulqa,2,119,digits101,0.894488513469696,0.849888424496344
truthfulqa,2,123,digits101,0.7529206275939941,0.662382638178714
truthfulqa,2,124,digits101,0.4957488775253296,0.6445205328093977
truthfulqa,2,125,digits101,0.9189093112945557,0.6360481175181529
truthfulqa,2,129,digits101,0.6101208329200745,0.7185872600971522
truthfulqa,2,132,digits101,0.5063614249229431,0.31813503179102687
truthfulqa,2,134,digits101,0.8911638855934143,0.7904207264259477
truthfulqa,2,136,digits101,0.40036705136299133,0.6723628593874745
truthfulqa,2,138,digits101,0.09989050030708313,0.5908539518135294
truthfulqa,2,139,digits101,0.9083068370819092,0.7681458221272331
truthfulqa,2,140,digits101,0.8914005756378174,0.741419136845995
truthfulqa,2,141,digits101,0.7596086263656616,0.703624307871241
truthfulqa,2,142,digits101,0.7416179180145264,0.6839199984193324
truthfulqa,2,144,digits101,0.8983290791511536,0.826943728787537
truthfulqa,2,145,digits101,0.44857242703437805,0.6417264604411234
truthfulqa,2,149,digits101,0.3733985126018524,0.6805833095236314
truthfulqa,2,150,digits101,0.17885194718837738,0.29783292162316805
truthfulqa,2,151,digits101,0.7556195855140686,0.7096492339068778
truthfulqa,2,153,digits101,0.8576821684837341,0.6307818883576708
truthfulqa,2,154,digits101,0.7878773212432861,0.6438863108463283
truthfulqa,2,161,digits101,0.973641037940979,0.8249179170496798
truthfulqa,2,162,digits101,0.7646529674530029,0.6729390882911652
truthfulqa,2,163,digits101,0.683885395526886,0.5935555689954752
truthfulqa,2,164,digits101,0.461319237947464,0.5056284746343376
truthfulqa,2,165,digits101,0.8903699517250061,0.792843760778482
truthfulqa,2,166,digits101,0.3122650384902954,0.6604177426464475
truthfulqa,2,167,digits101,0.2604716122150421,0.4857593961973299
truthfulqa,2,174,digits101,0.6951599717140198,0.5455381695298817
truthfulqa,2,176,digits101,0.827741265296936,0.7159137572827978
truthfulqa,2,182,digits101,0.902630090713501,0.8044148442911603
truthfulqa,2,185,digits101,0.5553641319274902,0.6607724293942082
truthfulqa,2,186,digits101,0.42374661564826965,0.5563898534432596
truthfulqa,2,188,digits101,0.748871922492981,0.7442123637680914
truthfulqa,2,189,digits101,0.7367239594459534,0.6449369114031025
truthfulqa,2,196,digits101,0.46917933225631714,0.5280787831043168
truthfulqa,2,197,digits101,0.5026317238807678,0.48933042962008455
truthfulqa,2,199,digits101,0.9798175692558289,0.8739403540843919
truthfulqa,2,200,digits101,0.6444646716117859,0.7210670090942651
truthfulqa,2,201,digits101,0.8456079363822937,0.7562901803758751
truthfulqa,2,203,digits101,0.38373905420303345,0.5780470068234718
truthfulqa,2,211,digits101,0.5595897436141968,0.6490251883328136
truthfulqa,2,212,digits101,0.9546161890029907,0.8121200420301496
truthfulqa,2,216,digits101,0.3261317312717438,0.574053836429647
truthfulqa,2,217,digits101,0.7038829922676086,0.7279282538302364
truthfulqa,2,222,digits101,0.5625488758087158,0.6237023081330184
truthfulqa,2,226,digits101,0.6131685376167297,0.6118365559989821
truthfulqa,2,229,digits101,0.8172282576560974,0.6222456517616107
truthfulqa,2,231,digits101,0.10368340462446213,0.7125816119367523
truthfulqa,2,232,digits101,0.9693920612335205,0.8174231795666245
truthfulqa,2,234,digits101,0.8137084245681763,0.6432673666840795
truthfulqa,2,235,digits101,0.43005916476249695,0.6784402265733582
truthfulqa,2,236,digits101,0.7353692650794983,0.7367086203405464
truthfulqa,2,237,digits101,0.5877769589424133,0.69085514992142
truthfulqa,2,238,digits101,0.8266907334327698,0.5754983080366285
truthfulqa,2,241,digits101,0.7616118788719177,0.5969874222341537
truthfulqa,2,247,digits101,0.8244447112083435,0.8076637674872158
truthfulqa,2,249,digits101,0.46896442770957947,0.5535529212379563
truthfulqa,2,250,digits101,0.6503002643585205,0.6183544708100941
truthfulqa,2,251,digits101,0.7824064493179321,0.632886840456414
truthfulqa,2,253,digits101,0.9124708771705627,0.6315836979981635
truthfulqa,2,257,digits101,0.3108845353126526,0.7334386778627678
truthfulqa,2,259,digits101,0.9077616930007935,0.813408173229518
truthfulqa,2,261,digits101,0.7212983965873718,0.5643806579260706
truthfulqa,2,263,digits101,0.21598148345947266,0.5578859629293375
truthfulqa,2,264,digits101,0.5316872596740723,0.6140131564054633
truthfulqa,2,266,digits101,0.819542407989502,0.5236212968806959
truthfulqa,2,267,digits101,0.5053260922431946,0.5322860451259213
truthfulqa,2,270,digits101,0.23835420608520508,0.6305820954370465
truthfulqa,2,273,digits101,0.7736698985099792,0.5610111756855807
truthfulqa,2,275,digits101,0.8213533163070679,0.5972724372641478
truthfulqa,2,276,digits101,0.7273224592208862,0.7685966327673713
truthfulqa,2,279,digits101,0.7470458149909973,0.6635897244743123
truthfulqa,2,282,digits101,0.6730459332466125,0.5290640348771996
truthfulqa,2,285,digits101,0.8254316449165344,0.6973627497951378
truthfulqa,2,288,digits101,0.5232840180397034,0.6815027925838048
truthfulqa,2,292,digits101,0.6663381457328796,0.6391794764111777
truthfulqa,2,294,digits101,0.3447868824005127,0.7212526011699157
truthfulqa,2,295,digits101,0.736440896987915,0.5571266144044833
truthfulqa,2,298,digits101,0.7998099327087402,0.5229672642899141
truthfulqa,2,300,digits101,0.893007755279541,0.6466285939003155
truthfulqa,2,301,digits101,0.8283390998840332,0.7544288273968387
truthfulqa,2,302,digits101,0.8413205146789551,0.6572554917166048
truthfulqa,2,305,digits101,0.8453348278999329,0.8665523642749545
truthfulqa,2,310,digits101,0.9513790011405945,0.8213931872613095
truthfulqa,2,311,digits101,0.9052063226699829,0.5553664461693885
truthfulqa,2,312,digits101,0.6175792813301086,0.7507814462911709
truthfulqa,2,315,digits101,0.6795763969421387,0.6877679837748135
truthfulqa,2,318,digits101,0.9033811092376709,0.7608168177964248
truthfulqa,2,320,digits101,0.8279293179512024,0.8200832082724263
truthfulqa,2,327,digits101,0.6390523314476013,0.6555316417706456
truthfulqa,2,328,digits101,0.792319655418396,0.6511257654797851
truthfulqa,2,329,digits101,0.572561502456665,0.735423628910674
truthfulqa,2,330,digits101,0.8563156127929688,0.743702740775986
truthfulqa,2,333,digits101,0.6182755827903748,0.7358728081528083
truthfulqa,2,334,digits101,0.34575358033180237,0.589129909216882
truthfulqa,2,336,digits101,0.6136828660964966,0.6992022228599866
truthfulqa,2,337,digits101,0.7091279625892639,0.4992214603963687
truthfulqa,2,340,digits101,0.8243435621261597,0.7667590765480641
truthfulqa,2,342,digits101,0.9829859137535095,0.8547725456481714
truthfulqa,2,345,digits101,0.1946539431810379,0.31157406265472015
truthfulqa,2,349,digits101,0.26254841685295105,0.6916536685664978
truthfulqa,2,351,digits101,0.3640259802341461,0.5994450345886403
truthfulqa,2,354,digits101,0.9586367011070251,0.5730751700207852
truthfulqa,2,355,digits101,0.6035606265068054,0.6233720780470325
truthfulqa,2,360,digits101,0.6385014057159424,0.5341228324861651
truthfulqa,2,361,digits101,0.8849563598632812,0.6000018255103832
truthfulqa,2,362,digits101,0.18143458664417267,0.26691403446039147
truthfulqa,2,366,digits101,0.7887810468673706,0.6267296860551058
truthfulqa,2,370,digits101,0.8764669895172119,0.6897378889434894
truthfulqa,2,371,digits101,0.8231433033943176,0.6991656262320262
truthfulqa,2,372,digits101,0.7262911200523376,0.6404590749611313
truthfulqa,2,374,digits101,0.7208737730979919,0.7554107266678504
truthfulqa,2,375,digits101,0.6445654034614563,0.6744294473167294
truthfulqa,2,376,digits101,0.715928852558136,0.6271828758237824
truthfulqa,2,377,digits101,0.6517519354820251,0.6537168253149339
truthfulqa,2,380,digits101,0.49991852045059204,0.6864643646194771
truthfulqa,2,383,digits101,0.955248236656189,0.7459068776967978
truthfulqa,2,387,digits101,0.9817423820495605,0.8615559293358925
truthfulqa,2,392,digits101,0.9717456102371216,0.8713453516042022
truthfulqa,2,394,digits101,0.5109982490539551,0.6333307577224331
truthfulqa,2,395,digits101,0.8916108012199402,0.5594866956756122
truthfulqa,2,396,digits101,0.7342889904975891,0.9075283983629836
truthfulqa,2,397,digits101,0.37996193766593933,0.677640793536804
truthfulqa,2,399,digits101,0.844755232334137,0.6057074088510499
truthfulqa,2,400,digits101,0.8452780842781067,0.6272163544017082
truthfulqa,2,401,digits101,0.1692522168159485,0.2307722740259438
truthfulqa,2,402,digits101,0.8056445121765137,0.7561699928061337
truthfulqa,2,409,digits101,0.9228864908218384,0.8375348387243431
truthfulqa,2,410,digits101,0.6020386219024658,0.7079285613625821
truthfulqa,2,416,digits101,0.7875121235847473,0.757787269279927
truthfulqa,2,421,digits101,0.656054675579071,0.6758454999615174
truthfulqa,2,422,digits101,0.4741447865962982,0.5264879520393153
truthfulqa,2,423,digits101,0.927629292011261,0.798154175628237
truthfulqa,2,424,digits101,0.8325753808021545,0.6101652879735485
truthfulqa,2,425,digits101,0.8500313758850098,0.7696308251113544
truthfulqa,2,426,digits101,0.36851993203163147,0.3697062560206285
truthfulqa,2,427,digits101,0.7093843221664429,0.6429883395120501
truthfulqa,2,431,digits101,0.5792884826660156,0.6873311633432636
truthfulqa,2,433,digits101,0.7015789747238159,0.6594424765750859
truthfulqa,2,436,digits101,0.8830181956291199,0.8784242731301386
truthfulqa,2,437,digits101,0.5847171545028687,0.6671800205869653
truthfulqa,2,438,digits101,0.8319603204727173,0.6263494292381475
truthfulqa,2,439,digits101,0.6661753058433533,0.8283312187305594
truthfulqa,2,442,digits101,0.21728168427944183,0.2246710948118451
truthfulqa,2,444,digits101,0.668181300163269,0.7073303663630965
truthfulqa,2,446,digits101,0.940899670124054,0.6908808154668092
truthfulqa,2,448,digits101,0.39304906129837036,0.6036933082430384
truthfulqa,2,450,digits101,0.635867178440094,0.8703640378290303
truthfulqa,2,451,digits101,0.7148723602294922,0.5948134868787803
truthfulqa,2,453,digits101,0.9095005989074707,0.6120460931094397
truthfulqa,2,454,digits101,0.867586612701416,0.5776650534165831
truthfulqa,2,455,digits101,0.7425656914710999,0.8766544278812822
truthfulqa,2,461,digits101,0.9292616844177246,0.8110809424354039
truthfulqa,2,463,digits101,0.9092692732810974,0.7890237084526073
truthfulqa,2,466,digits101,0.6784936785697937,0.6733113958270589
truthfulqa,2,471,digits101,0.25741443037986755,0.38937668328450725
truthfulqa,2,477,digits101,0.9062570333480835,0.8461933567835248
truthfulqa,2,478,digits101,0.21250051259994507,0.6219295568721539
truthfulqa,2,479,digits101,0.9773180484771729,0.9679627002632778
truthfulqa,2,484,digits101,0.4528433084487915,0.3998920761198659
truthfulqa,2,486,digits101,0.6600250005722046,0.5807762847315053
truthfulqa,2,487,digits101,0.8610223531723022,0.6811396859629015
truthfulqa,2,488,digits101,0.478238970041275,0.4784222913472387
truthfulqa,2,490,digits101,0.5680863857269287,0.6525920694324135
truthfulqa,2,492,digits101,0.5428988933563232,0.6532790285242139
truthfulqa,2,493,digits101,0.6451236009597778,0.4439634536337699
truthfulqa,2,502,digits101,0.48501232266426086,0.42724584034957275
truthfulqa,2,503,digits101,0.8997086882591248,0.8065274171003178
truthfulqa,2,504,digits101,0.6975820064544678,0.6918411085385439
truthfulqa,2,506,digits101,0.9634130001068115,0.9391537869100914
truthfulqa,2,522,digits101,0.6991429328918457,0.6418977433289716
truthfulqa,2,523,digits101,0.12338767200708389,0.5663371823306427
truthfulqa,2,527,digits101,0.681509792804718,0.6648369306053431
truthfulqa,2,530,digits101,0.6476879715919495,0.4124103599930594
truthfulqa,2,535,digits101,0.6187406778335571,0.6600865657418942
truthfulqa,2,536,digits101,0.9035597443580627,0.8321951441125539
truthfulqa,2,537,digits101,0.9209237098693848,0.8229046874003656
truthfulqa,2,538,digits101,0.8688258528709412,0.6270797900767093
truthfulqa,2,540,digits101,0.9182760119438171,0.7372500435117183
truthfulqa,2,541,digits101,0.7521083354949951,0.6101571989902943
truthfulqa,2,543,digits101,0.7153750658035278,0.8579318525701187
truthfulqa,2,544,digits101,0.5380175709724426,0.615662692842207
truthfulqa,2,547,digits101,0.7539076805114746,0.6019303370172746
truthfulqa,2,548,digits101,0.8883886933326721,0.8020680112936467
truthfulqa,2,551,digits101,0.7822823524475098,0.7524722346156126
truthfulqa,2,555,digits101,0.5985586643218994,0.8459408563231997
truthfulqa,2,556,digits101,0.8662155866622925,0.5800281812388226
truthfulqa,2,558,digits101,0.8574793934822083,0.6695417075412708
truthfulqa,2,560,digits101,0.22285674512386322,0.12554138645582202
truthfulqa,2,561,digits101,0.7089124917984009,0.66331244370368
truthfulqa,2,563,digits101,0.8678187727928162,0.8127606698362578
truthfulqa,2,564,digits101,0.32439807057380676,0.5233193087237402
truthfulqa,2,566,digits101,0.8717474937438965,0.4504041806314325
truthfulqa,2,574,digits101,0.4231950342655182,0.6297920061711835
truthfulqa,2,577,digits101,0.7147336006164551,0.6686543148706335
truthfulqa,2,579,digits101,0.7783631086349487,0.5850421091168615
truthfulqa,2,585,digits101,0.5784622430801392,0.6339211022623001
truthfulqa,2,592,digits101,0.8659708499908447,0.8458382557196065
truthfulqa,2,601,digits101,0.7933869957923889,0.8734011430341826
truthfulqa,2,603,digits101,0.7806487083435059,0.7012889056918585
truthfulqa,2,605,digits101,0.5941702127456665,0.7502406580939793
truthfulqa,2,610,digits101,0.4309942126274109,0.6165298165611992
truthfulqa,2,612,digits101,0.4744207262992859,0.6029348643373823
truthfulqa,2,617,digits101,0.9067278504371643,0.6313712626119133
truthfulqa,2,619,digits101,0.8079713582992554,0.8160952944440396
truthfulqa,2,621,digits101,0.782636821269989,0.6190784824866679
truthfulqa,2,622,digits101,0.8831945657730103,0.7755451463551504
truthfulqa,2,625,digits101,0.767891526222229,0.6621587461309226
truthfulqa,2,626,digits101,0.8507863879203796,0.7234359913123384
truthfulqa,2,630,digits101,0.7316351532936096,0.7351868829101619
truthfulqa,2,631,digits101,0.8425347208976746,0.7362302311830605
truthfulqa,2,634,digits101,0.8853886127471924,0.7371002957339572
truthfulqa,2,637,digits101,0.5735105276107788,0.5706176450614505
truthfulqa,2,642,digits101,0.8678515553474426,0.8249340507206779
truthfulqa,2,643,digits101,0.5966618061065674,0.6489845540056703
truthfulqa,2,646,digits101,0.17896227538585663,0.6103161220034886
truthfulqa,2,648,digits101,0.8944223523139954,0.7121508533322605
truthfulqa,2,651,digits101,0.8596829175949097,0.866215799671271
truthfulqa,2,652,digits101,0.5479468107223511,0.827462514898931
truthfulqa,2,655,digits101,0.9280780553817749,0.6895958288134352
truthfulqa,2,656,digits101,0.2576611042022705,0.6158809568966633
truthfulqa,2,658,digits101,0.7861874103546143,0.623885902128906
truthfulqa,2,660,digits101,0.6933727860450745,0.6558784793994531
truthfulqa,2,662,digits101,0.6708207726478577,0.5870245340785553
truthfulqa,2,664,digits101,0.896312952041626,0.5746171619535305
truthfulqa,2,665,digits101,0.9436250329017639,0.856996320624155
truthfulqa,2,667,digits101,0.6640087962150574,0.5318736916959894
truthfulqa,2,669,digits101,0.3487917184829712,0.5046529471178359
truthfulqa,2,674,digits101,0.16260221600532532,0.6505205608542779
truthfulqa,2,677,digits101,0.193758025765419,0.41024331485637155
truthfulqa,2,681,digits101,0.6761781573295593,0.504995415699127
truthfulqa,2,685,digits101,0.10766322910785675,0.5894432337860059
truthfulqa,2,686,digits101,0.9402076005935669,0.7105974701834322
truthfulqa,2,689,digits101,0.8327484130859375,0.8882850626510546
truthfulqa,2,692,digits101,0.7652303576469421,0.7041482180442886
truthfulqa,2,694,digits101,0.3094238340854645,0.4702409748411658
truthfulqa,2,702,digits101,0.891161322593689,0.8185638409583555
truthfulqa,2,703,digits101,0.6343797445297241,0.6264741310935438
truthfulqa,2,704,digits101,0.7025937438011169,0.7087268212320021
truthfulqa,2,705,digits101,0.24850840866565704,0.25607708572094956
truthfulqa,2,710,digits101,0.8851702213287354,0.6851363426533859
truthfulqa,2,715,digits101,0.3680720627307892,0.7626695012315483
truthfulqa,2,716,digits101,0.6674791574478149,0.6485826163806803
truthfulqa,2,717,digits101,0.8816835284233093,0.7010269345886684
truthfulqa,2,718,digits101,0.6713899374008179,0.5988838117952613
truthfulqa,2,719,digits101,0.5841233730316162,0.6921901046557916
truthfulqa,2,725,digits101,0.5526303648948669,0.5949485531114329
truthfulqa,2,727,digits101,0.8916348218917847,0.6881797264491787
truthfulqa,2,728,digits101,0.782663881778717,0.6572701477805817
truthfulqa,2,729,digits101,0.9140536785125732,0.665029349985436
truthfulqa,2,732,digits101,0.1507626473903656,0.31842949807821286
truthfulqa,2,735,digits101,0.8271990418434143,0.7051515023220483
truthfulqa,2,737,digits101,0.5474291443824768,0.6073427402693199
truthfulqa,2,738,digits101,0.9443389773368835,0.9072008259221735
truthfulqa,2,740,digits101,0.8632292747497559,0.7356922700825078
truthfulqa,2,741,digits101,0.8636495471000671,0.6845539501627139
truthfulqa,2,742,digits101,0.9013105630874634,0.5574280791090125
truthfulqa,2,743,digits101,0.8282314538955688,0.4275286951581708
truthfulqa,2,745,digits101,0.3739181160926819,0.4179790352881582
truthfulqa,2,747,digits101,0.5861372947692871,0.6291953382750609
truthfulqa,2,749,digits101,0.7885158061981201,0.7166979903700904
truthfulqa,2,751,digits101,0.9455844163894653,0.6410714245881266
truthfulqa,2,752,digits101,0.6230064630508423,0.7506860654488902
truthfulqa,2,759,digits101,0.44610264897346497,0.493273684501572
truthfulqa,2,761,digits101,0.8337981700897217,0.6625581648050491
truthfulqa,2,763,digits101,0.8681610226631165,0.7301216863607828
truthfulqa,2,765,digits101,0.9269314408302307,0.7323133090653431
truthfulqa,2,766,digits101,0.7162307500839233,0.7446082602243155
truthfulqa,2,775,digits101,0.8878324031829834,0.808268326797946
truthfulqa,2,776,digits101,0.7151768207550049,0.8608634095123795
truthfulqa,2,779,digits101,0.4757249057292938,0.712559531828949
truthfulqa,2,781,digits101,0.941239595413208,0.8296369150652013
truthfulqa,2,782,digits101,0.7464622259140015,0.7340577604040246
truthfulqa,2,791,digits101,0.8450962901115417,0.8046322638823249
truthfulqa,2,792,digits101,0.8332374691963196,0.7883407349886092
truthfulqa,2,797,digits101,0.8163226246833801,0.7268468736446254
truthfulqa,2,798,digits101,0.6603745818138123,0.41782792873936603
truthfulqa,2,806,digits101,0.8440176248550415,0.6924357616450172
truthfulqa,2,809,digits101,0.7740562558174133,0.6533726628223877
truthfulqa,2,812,digits101,0.26203498244285583,0.737352411258765
truthfulqa,2,813,digits101,0.4370861053466797,0.6335859687595021
truthfulqa,2,815,digits101,0.8560944199562073,0.6047184577980136
pavlick_nli,0,0,letter11,0.600692629814148,0.5828775273533675
pavlick_nli,0,2,letter11,0.6284359097480774,0.5971856002371944
pavlick_nli,0,5,letter11,0.5872659087181091,0.5865610152335977
pavlick_nli,0,10,letter11,0.5966291427612305,0.5850551379402457
pavlick_nli,0,15,letter11,0.6043922305107117,0.5908441908367809
pavlick_nli,0,18,letter11,0.5786747932434082,0.5727765874410417
pavlick_nli,0,19,letter11,0.5736699104309082,0.6051510994236161
pavlick_nli,0,27,letter11,0.5866780281066895,0.5940250635861212
pavlick_nli,0,31,letter11,0.5680133700370789,0.5868863144511223
pavlick_nli,0,32,letter11,0.6106659770011902,0.5944381058528845
pavlick_nli,0,36,letter11,0.6148025393486023,0.6035855345517106
pavlick_nli,0,38,letter11,0.6301029324531555,0.6023187651590365
pavlick_nli,0,39,letter11,0.5864183306694031,0.5757830763312157
pavlick_nli,0,41,letter11,0.5829780697822571,0.5986820479748868
pavlick_nli,0,43,letter11,0.5755521655082703,0.5844903518441634
pavlick_nli,0,44,letter11,0.6035880446434021,0.5917921991119228
pavlick_nli,0,45,letter11,0.5888009071350098,0.5961563850474841
pavlick_nli,0,46,letter11,0.614393949508667,0.6089960586323717
pavlick_nli,0,47,letter11,0.5863355994224548,0.603975388189392
pavlick_nli,0,52,letter11,0.6042495965957642,0.5904592501362813
pavlick_nli,0,54,letter11,0.5938451886177063,0.5859830547485922
pavlick_nli,0,55,letter11,0.6144589781761169,0.6051325763151434
pavlick_nli,0,63,letter11,0.6209591031074524,0.5986763151369402
pavlick_nli,0,70,letter11,0.584750235080719,0.6110619242458772
pavlick_nli,0,71,letter11,0.5702354907989502,0.5855178374001946
pavlick_nli,0,75,letter11,0.5719420909881592,0.5767813182659017
pavlick_nli,0,77,letter11,0.6320295333862305,0.6049758548838389
pavlick_nli,0,83,letter11,0.5904085636138916,0.5997109538173645
pavlick_nli,0,84,letter11,0.6126776933670044,0.598414620426336
pavlick_nli,0,85,letter11,0.630922257900238,0.59785934165044
pavlick_nli,0,88,letter11,0.626604437828064,0.597915278725317
pavlick_nli,0,89,letter11,0.5825356841087341,0.5962213491996129
pavlick_nli,0,90,letter11,0.5867691040039062,0.5982595721040622
pavlick_nli,0,92,letter11,0.6015112400054932,0.5869331788358223
pavlick_nli,0,93,letter11,0.6227675080299377,0.6078955062206848
pavlick_nli,0,94,letter11,0.5950067043304443,0.5946276672309944
pavlick_nli,0,98,letter11,0.6184647083282471,0.6036213147206124
pavlick_nli,0,99,letter11,0.5950827598571777,0.5942454469073706
pavlick_nli,0,103,letter11,0.5964964032173157,0.600041778755924
pavlick_nli,0,107,letter11,0.591920793056488,0.596647798603107
pavlick_nli,0,109,letter11,0.5589145421981812,0.5854735233525064
pavlick_nli,0,111,letter11,0.5859944224357605,0.6001255411773769
pavlick_nli,0,119,letter11,0.6139091849327087,0.6013725650093119
pavlick_nli,0,124,letter11,0.5808365345001221,0.5967876219599789
pavlick_nli,0,126,letter11,0.5976837277412415,0.5931329941815633
pavlick_nli,0,128,letter11,0.6040142178535461,0.5900043961571559
pavlick_nli,0,133,letter11,0.6322268843650818,0.6007416628755795
pavlick_nli,0,136,letter11,0.6060680150985718,0.6018024305000035
pavlick_nli,0,137,letter11,0.6011804938316345,0.6118736128252492
pavlick_nli,0,141,letter11,0.5894696116447449,0.5931754170213087
pavlick_nli,0,142,letter11,0.6033228635787964,0.5820355324986056
pavlick_nli,0,145,letter11,0.5896782875061035,0.5906540651418781
pavlick_nli,0,147,letter11,0.6124153733253479,0.6013192715779092
pavlick_nli,0,148,letter11,0.6054841876029968,0.5892569282477581
pavlick_nli,0,153,letter11,0.6003583669662476,0.5966960850875657
pavlick_nli,0,155,letter11,0.6062300205230713,0.6069632987501661
pavlick_nli,0,159,letter11,0.594750165939331,0.5725890815538965
pavlick_nli,0,160,letter11,0.6027027368545532,0.5977887269136043
pavlick_nli,0,161,letter11,0.5952635407447815,0.6091981028403946
pavlick_nli,0,162,letter11,0.5818559527397156,0.5987180540186527
pavlick_nli,0,164,letter11,0.5410906672477722,0.594242901856135
pavlick_nli,0,166,letter11,0.5925580263137817,0.5996964264162093
pavlick_nli,0,167,letter11,0.5836239457130432,0.5746608271989296
pavlick_nli,0,181,letter11,0.5889101028442383,0.5980717250969989
pavlick_nli,0,182,letter11,0.5817887187004089,0.5756684637765216
pavlick_nli,0,185,letter11,0.5920208692550659,0.6078892462017227
pavlick_nli,0,189,letter11,0.5807047486305237,0.582041698242756
pavlick_nli,0,195,letter11,0.5726270079612732,0.5866621993843197
pavlick_nli,0,196,letter11,0.5778694748878479,0.5888114516958128
pavlick_nli,0,198,letter11,0.616041362285614,0.6087409165863243
pavlick_nli,0,199,letter11,0.5717896223068237,0.5648724596317442
pavlick_nli,0,200,letter11,0.5893506407737732,0.597851432659377
pavlick_nli,0,201,letter11,0.5986769199371338,0.5945517804355773
pavlick_nli,0,202,letter11,0.6141172051429749,0.6032780070459158
pavlick_nli,0,203,letter11,0.5948622226715088,0.5948871902355448
pavlick_nli,0,205,letter11,0.5771761536598206,0.5894136959782365
pavlick_nli,0,206,letter11,0.5774579644203186,0.5897715327807956
pavlick_nli,0,208,letter11,0.6141574382781982,0.6141343470275101
pavlick_nli,0,209,letter11,0.5880829095840454,0.596213580450488
pavlick_nli,0,212,letter11,0.5898864269256592,0.5943835649081551
pavlick_nli,0,214,letter11,0.5725829601287842,0.6030694503649552
pavlick_nli,0,219,letter11,0.6123014688491821,0.6001211968033604
pavlick_nli,0,220,letter11,0.5898780226707458,0.6029767312344471
pavlick_nli,0,221,letter11,0.6158714294433594,0.5991710925897145
pavlick_nli,0,222,letter11,0.6345365643501282,0.6085493462809882
pavlick_nli,0,223,letter11,0.6066277027130127,0.6058566680042976
pavlick_nli,0,225,letter11,0.5822986364364624,0.5788624918053051
pavlick_nli,0,227,letter11,0.5688019394874573,0.5696649572668551
pavlick_nli,0,229,letter11,0.5997526049613953,0.5944377251374887
pavlick_nli,0,232,letter11,0.6112439036369324,0.6007707437031683
pavlick_nli,0,236,letter11,0.5954635143280029,0.5981979012540053
pavlick_nli,0,242,letter11,0.6011948585510254,0.5871520708273132
pavlick_nli,0,244,letter11,0.6182190775871277,0.5996281064585509
pavlick_nli,0,246,letter11,0.5987755656242371,0.6073085971149326
pavlick_nli,0,250,letter11,0.5892990231513977,0.5767369475534296
pavlick_nli,0,251,letter11,0.6024283766746521,0.5975583833045395
pavlick_nli,0,252,letter11,0.6032058596611023,0.5992929410060628
pavlick_nli,0,253,letter11,0.59758061170578,0.593419776151605
pavlick_nli,0,254,letter11,0.5821569561958313,0.5946098503350855
pavlick_nli,0,256,letter11,0.5452978610992432,0.5815183579122174
pavlick_nli,0,262,letter11,0.58254075050354,0.5934446892437838
pavlick_nli,0,269,letter11,0.579738438129425,0.5862024272560719
pavlick_nli,0,273,letter11,0.5707992911338806,0.5864829382614722
pavlick_nli,0,274,letter11,0.6301862001419067,0.6050954237156358
pavlick_nli,0,278,letter11,0.5734043717384338,0.5959933406924436
pavlick_nli,0,281,letter11,0.5994699001312256,0.5971552465536833
pavlick_nli,0,286,letter11,0.5643607974052429,0.5983990379601835
pavlick_nli,0,290,letter11,0.5644497871398926,0.5899829546886609
pavlick_nli,0,292,letter11,0.5777830481529236,0.596686410863168
pavlick_nli,0,295,letter11,0.5746253132820129,0.6046971202774974
pavlick_nli,0,297,letter11,0.6214871406555176,0.5969605471925132
pavlick_nli,0,298,letter11,0.5961706042289734,0.5959375311318851
pavlick_nli,0,299,letter11,0.6095550060272217,0.598763668368519
pavlick_nli,0,305,letter11,0.5950481295585632,0.5840983183091809
pavlick_nli,0,306,letter11,0.6094987988471985,0.5922119928690526
pavlick_nli,0,308,letter11,0.5913697481155396,0.5970614029896703
pavlick_nli,0,313,letter11,0.5924331545829773,0.5994364128956423
pavlick_nli,0,316,letter11,0.5926792621612549,0.5997551570398907
pavlick_nli,0,320,letter11,0.6145022511482239,0.6096282522323258
pavlick_nli,0,325,letter11,0.607852578163147,0.5931725590434489
pavlick_nli,0,326,letter11,0.6076666712760925,0.5837727920457919
pavlick_nli,0,327,letter11,0.5992853045463562,0.5891670873269461
pavlick_nli,0,329,letter11,0.5812194347381592,0.5957259117141604
pavlick_nli,0,330,letter11,0.5895321369171143,0.5885382671604221
pavlick_nli,0,331,letter11,0.5940372347831726,0.5877715349719446
pavlick_nli,0,334,letter11,0.601757824420929,0.596618272004778
pavlick_nli,0,336,letter11,0.6231611967086792,0.6024869189772285
pavlick_nli,0,337,letter11,0.5984918475151062,0.5956900116204994
pavlick_nli,0,338,letter11,0.5880817770957947,0.5845969486806399
pavlick_nli,0,342,letter11,0.5659880638122559,0.5760227256675859
pavlick_nli,0,343,letter11,0.6009269952774048,0.6014015321029756
pavlick_nli,0,346,letter11,0.5565292835235596,0.5792285516680584
pavlick_nli,0,347,letter11,0.5576422214508057,0.5924633636602759
pavlick_nli,0,349,letter11,0.6044917106628418,0.6030085489202155
pavlick_nli,0,350,letter11,0.6015820503234863,0.5925629912305225
pavlick_nli,0,353,letter11,0.5827243328094482,0.6045933878789413
pavlick_nli,0,354,letter11,0.5902469158172607,0.5894104624867816
pavlick_nli,0,356,letter11,0.5985909700393677,0.5936317235586557
pavlick_nli,0,357,letter11,0.5985896587371826,0.5924722198322259
pavlick_nli,0,358,letter11,0.5868003368377686,0.5942882816190355
pavlick_nli,0,359,letter11,0.6191756725311279,0.6029254182310052
pavlick_nli,0,362,letter11,0.5806355476379395,0.593111317748566
pavlick_nli,0,365,letter11,0.611869752407074,0.5975508608681962
pavlick_nli,0,372,letter11,0.5831444263458252,0.5771587399023292
pavlick_nli,0,373,letter11,0.6142414212226868,0.6039201216766354
pavlick_nli,0,375,letter11,0.6090698838233948,0.6033409007513622
pavlick_nli,0,376,letter11,0.6022126078605652,0.592036217155191
pavlick_nli,0,378,letter11,0.5878989696502686,0.5937756078161375
pavlick_nli,0,379,letter11,0.5756592750549316,0.5933727221240371
pavlick_nli,0,380,letter11,0.6059401035308838,0.600146246003198
pavlick_nli,0,382,letter11,0.6004499197006226,0.6063950310092027
pavlick_nli,0,383,letter11,0.5753782391548157,0.5991925868476267
pavlick_nli,0,385,letter11,0.607908308506012,0.596089431256889
pavlick_nli,0,386,letter11,0.6049523949623108,0.5997939788804113
pavlick_nli,0,388,letter11,0.5954402685165405,0.5952626531612586
pavlick_nli,0,389,letter11,0.5790778398513794,0.5973155494436694
pavlick_nli,0,394,letter11,0.5904402732849121,0.5987135680793894
pavlick_nli,0,397,letter11,0.5981354713439941,0.6045085994904789
pavlick_nli,0,400,letter11,0.6020088195800781,0.6138763996147519
pavlick_nli,0,402,letter11,0.6050198078155518,0.5953196716136643
pavlick_nli,0,403,letter11,0.5788432955741882,0.5966333346850664
pavlick_nli,0,404,letter11,0.6029347777366638,0.5957365537910257
pavlick_nli,0,406,letter11,0.5904271602630615,0.6048311199585635
pavlick_nli,0,407,letter11,0.6101651787757874,0.594577403855029
pavlick_nli,0,409,letter11,0.623954176902771,0.6076861148202817
pavlick_nli,0,411,letter11,0.5498518943786621,0.5806613753250782
pavlick_nli,0,412,letter11,0.5959352850914001,0.6048583125024997
pavlick_nli,0,413,letter11,0.5840387940406799,0.6021760331284476
pavlick_nli,0,416,letter11,0.5573253035545349,0.5811511513401786
pavlick_nli,0,417,letter11,0.5732212662696838,0.5887977121018731
pavlick_nli,0,427,letter11,0.5677174925804138,0.5941602804342854
pavlick_nli,0,430,letter11,0.6046701669692993,0.5947552657215517
pavlick_nli,0,432,letter11,0.6074661016464233,0.5897476810125766
pavlick_nli,0,433,letter11,0.5891868472099304,0.5902582644229643
pavlick_nli,0,434,letter11,0.6136766672134399,0.6035202899257854
pavlick_nli,0,435,letter11,0.5772533416748047,0.5841794062056335
pavlick_nli,0,439,letter11,0.5956125855445862,0.5958690386081691
pavlick_nli,0,442,letter11,0.5903070569038391,0.5882168317207905
pavlick_nli,0,445,letter11,0.583993136882782,0.5909928894963808
pavlick_nli,0,446,letter11,0.5790171027183533,0.577700874539669
pavlick_nli,0,450,letter11,0.5878497362136841,0.59839898063184
pavlick_nli,0,452,letter11,0.6098334193229675,0.5972105458577252
pavlick_nli,0,453,letter11,0.5998094081878662,0.595599031101979
pavlick_nli,0,464,letter11,0.603010892868042,0.6036246506849428
pavlick_nli,0,466,letter11,0.585175633430481,0.5798808757034961
pavlick_nli,0,467,letter11,0.6202341318130493,0.5982547530494401
pavlick_nli,0,470,letter11,0.5866913795471191,0.6000156785212122
pavlick_nli,0,471,letter11,0.6020371913909912,0.5883006465828602
pavlick_nli,0,473,letter11,0.5846422910690308,0.6194292366870756
pavlick_nli,0,474,letter11,0.6218963861465454,0.6070022254511642
pavlick_nli,0,479,letter11,0.5808435678482056,0.5923402253901882
pavlick_nli,0,481,letter11,0.5878801941871643,0.5842970676576157
pavlick_nli,0,482,letter11,0.5823600888252258,0.59117012044256
pavlick_nli,0,483,letter11,0.6009140610694885,0.5819039338312032
pavlick_nli,0,486,letter11,0.579147458076477,0.5869169902808395
pavlick_nli,0,487,letter11,0.5551115274429321,0.589021856781941
pavlick_nli,0,489,letter11,0.6124605536460876,0.6066794288565389
pavlick_nli,0,493,letter11,0.5915658473968506,0.5943294643432409
pavlick_nli,0,0,digits101,0.947654664516449,0.9374966729740916
pavlick_nli,0,2,digits101,0.9161245822906494,0.9323687824173631
pavlick_nli,0,5,digits101,0.906078577041626,0.8983304181786672
pavlick_nli,0,10,digits101,0.8346449136734009,0.8887061090096092
pavlick_nli,0,15,digits101,0.9406339526176453,0.9539758077757565
pavlick_nli,0,18,digits101,0.9432147145271301,0.9621863646028798
pavlick_nli,0,19,digits101,0.9756883382797241,0.953509805106269
pavlick_nli,0,27,digits101,0.9295747876167297,0.8843891786572055
pavlick_nli,0,31,digits101,0.9170683026313782,0.92057450639419
pavlick_nli,0,32,digits101,0.9428489804267883,0.9253262237689959
pavlick_nli,0,36,digits101,0.9708476066589355,0.9459535539502018
pavlick_nli,0,38,digits101,0.9234893321990967,0.9220341453114173
pavlick_nli,0,39,digits101,0.9573783278465271,0.9372203250688969
pavlick_nli,0,41,digits101,0.9364563226699829,0.9214600609464166
pavlick_nli,0,43,digits101,0.914635181427002,0.9174718204565008
pavlick_nli,0,44,digits101,0.9201374650001526,0.9036782665499951
pavlick_nli,0,45,digits101,0.9018797874450684,0.9060272570738308
pavlick_nli,0,46,digits101,0.9697360396385193,0.9631370186414658
pavlick_nli,0,47,digits101,0.9475818872451782,0.9594255568865189
pavlick_nli,0,52,digits101,0.9608502388000488,0.9719336563190335
pavlick_nli,0,54,digits101,0.9054665565490723,0.9109078585668097
pavlick_nli,0,55,digits101,0.9364468455314636,0.9229628092822
pavlick_nli,0,63,digits101,0.945685863494873,0.938747299017768
pavlick_nli,0,70,digits101,0.9536367654800415,0.9367695705396374
pavlick_nli,0,71,digits101,0.9335054159164429,0.9246929543009234
pavlick_nli,0,75,digits101,0.9232661724090576,0.9232586860383609
pavlick_nli,0,77,digits101,0.9371665716171265,0.9411638049174859
pavlick_nli,0,83,digits101,0.9706066250801086,0.9503903995704941
pavlick_nli,0,84,digits101,0.962578296661377,0.9536200921387386
pavlick_nli,0,85,digits101,0.9603990316390991,0.9559469840870065
pavlick_nli,0,88,digits101,0.9735265374183655,0.9633347530413758
pavlick_nli,0,89,digits101,0.9251146912574768,0.9468678640254578
pavlick_nli,0,90,digits101,0.9627172946929932,0.9630228479650189
pavlick_nli,0,92,digits101,0.8767310976982117,0.9171106597483051
pavlick_nli,0,93,digits101,0.9811258912086487,0.9641405104513842
pavlick_nli,0,94,digits101,0.9247978329658508,0.919425049612071
pavlick_nli,0,98,digits101,0.9665801525115967,0.9579539050521314
pavlick_nli,0,99,digits101,0.9219604730606079,0.9092001258051833
pavlick_nli,0,103,digits101,0.9203294515609741,0.93883722755776
pavlick_nli,0,107,digits101,0.9478062391281128,0.9422222969007377
pavlick_nli,0,109,digits101,0.9059797525405884,0.9100378834991901
pavlick_nli,0,111,digits101,0.9029962420463562,0.9120334964440239
pavlick_nli,0,119,digits101,0.8931378722190857,0.9264941106005393
pavlick_nli,0,124,digits101,0.9662462472915649,0.9486572595370706
pavlick_nli,0,126,digits101,0.9357778429985046,0.9388297107250902
pavlick_nli,0,128,digits101,0.9573056697845459,0.9434659199116431
pavlick_nli,0,133,digits101,0.9637191295623779,0.9550053142331002
pavlick_nli,0,136,digits101,0.9148719906806946,0.920407038109344
pavlick_nli,0,137,digits101,0.9199260473251343,0.9367348605543069
pavlick_nli,0,141,digits101,0.9122453331947327,0.9272111805211826
pavlick_nli,0,142,digits101,0.9791791439056396,0.9828597912226177
pavlick_nli,0,145,digits101,0.9287792444229126,0.9318411793378915
pavlick_nli,0,147,digits101,0.9478890299797058,0.9361794533974577
pavlick_nli,0,148,digits101,0.8863362073898315,0.9291128831633981
pavlick_nli,0,153,digits101,0.8555271029472351,0.9285018461297395
pavlick_nli,0,155,digits101,0.9547329545021057,0.9456848461831422
pavlick_nli,0,159,digits101,0.9350746273994446,0.9457343883111674
pavlick_nli,0,160,digits101,0.9784367084503174,0.9682129453708986
pavlick_nli,0,161,digits101,0.927829384803772,0.944068422304887
pavlick_nli,0,162,digits101,0.9116537570953369,0.9233538507506256
pavlick_nli,0,164,digits101,0.9221831560134888,0.9145012000848773
pavlick_nli,0,166,digits101,0.9248223900794983,0.9282668411163424
pavlick_nli,0,167,digits101,0.9362098574638367,0.9024431141196606
pavlick_nli,0,181,digits101,0.9495099782943726,0.9535811579253423
pavlick_nli,0,182,digits101,0.9091706275939941,0.908813899397233
pavlick_nli,0,185,digits101,0.9446914196014404,0.9409672289469212
pavlick_nli,0,189,digits101,0.888596773147583,0.8868464325536818
pavlick_nli,0,195,digits101,0.9371400475502014,0.935686125892538
pavlick_nli,0,196,digits101,0.8665542006492615,0.9117859875535924
pavlick_nli,0,198,digits101,0.9750583171844482,0.966662113127692
pavlick_nli,0,199,digits101,0.899006187915802,0.9256937078102182
pavlick_nli,0,200,digits101,0.8926929235458374,0.9107123834899965
pavlick_nli,0,201,digits101,0.9550633430480957,0.9542788301835604
pavlick_nli,0,202,digits101,0.9687368869781494,0.9674389318011015
pavlick_nli,0,203,digits101,0.9409059286117554,0.9324217141309566
pavlick_nli,0,205,digits101,0.8796157836914062,0.8928939977258101
pavlick_nli,0,206,digits101,0.943787157535553,0.9469406232478154
pavlick_nli,0,208,digits101,0.9630413055419922,0.9440998674400863
pavlick_nli,0,209,digits101,0.9627726674079895,0.9619945722655049
pavlick_nli,0,212,digits101,0.9734851121902466,0.9602830084038316
pavlick_nli,0,214,digits101,0.9556296467781067,0.9476914363571333
pavlick_nli,0,219,digits101,0.9460792541503906,0.9593256359066805
pavlick_nli,0,220,digits101,0.9616395831108093,0.9501202851388235
pavlick_nli,0,221,digits101,0.9291264414787292,0.9202578883664514
pavlick_nli,0,222,digits101,0.9698226451873779,0.9760326038592415
pavlick_nli,0,223,digits101,0.959907054901123,0.9610450682949879
pavlick_nli,0,225,digits101,0.9296474456787109,0.9304338497552248
pavlick_nli,0,227,digits101,0.8896707892417908,0.91532057996
pavlick_nli,0,229,digits101,0.975094199180603,0.9725351630435539
pavlick_nli,0,232,digits101,0.9655671119689941,0.9596072299100047
pavlick_nli,0,236,digits101,0.9429053664207458,0.9332788941902083
pavlick_nli,0,242,digits101,0.9213916063308716,0.9330309366190015
pavlick_nli,0,244,digits101,0.9541345834732056,0.9308767164928197
pavlick_nli,0,246,digits101,0.9784470200538635,0.9569118940624396
pavlick_nli,0,250,digits101,0.9121140837669373,0.9017086533920204
pavlick_nli,0,251,digits101,0.9404482841491699,0.9599441092671274
pavlick_nli,0,252,digits101,0.9806027412414551,0.9636684148635754
pavlick_nli,0,253,digits101,0.8961795568466187,0.903727829554425
pavlick_nli,0,254,digits101,0.95257169008255,0.9520618108498581
pavlick_nli,0,256,digits101,0.9413890242576599,0.9224979860002251
pavlick_nli,0,262,digits101,0.9474613070487976,0.9208923161043856
pavlick_nli,0,269,digits101,0.8797220587730408,0.9184950687452678
pavlick_nli,0,273,digits101,0.9259718060493469,0.9381870024897099
pavlick_nli,0,274,digits101,0.9770671725273132,0.9452457550532025
pavlick_nli,0,278,digits101,0.9667192101478577,0.9716557652131792
pavlick_nli,0,281,digits101,0.9836090207099915,0.9712615289242451
pavlick_nli,0,286,digits101,0.9612998366355896,0.9563696034463399
pavlick_nli,0,290,digits101,0.9277591109275818,0.9427759344286555
pavlick_nli,0,292,digits101,0.9486424922943115,0.9444044564438374
pavlick_nli,0,295,digits101,0.9280885457992554,0.9465837187515698
pavlick_nli,0,297,digits101,0.9633239507675171,0.9606024228764505
pavlick_nli,0,298,digits101,0.9389782547950745,0.9328148237245746
pavlick_nli,0,299,digits101,0.9387252926826477,0.9322410127667564
pavlick_nli,0,305,digits101,0.9775570631027222,0.9669083221526594
pavlick_nli,0,306,digits101,0.9320400357246399,0.9141251195563632
pavlick_nli,0,308,digits101,0.9268715381622314,0.9343376801373028
pavlick_nli,0,313,digits101,0.9450581073760986,0.9378826460767813
pavlick_nli,0,316,digits101,0.8983747959136963,0.9264913813967713
pavlick_nli,0,320,digits101,0.9614341259002686,0.9405328605859576
pavlick_nli,0,325,digits101,0.9654974937438965,0.9636219463849186
pavlick_nli,0,326,digits101,0.9656680226325989,0.9463914943098282
pavlick_nli,0,327,digits101,0.9610351324081421,0.9366594757344964
pavlick_nli,0,329,digits101,0.960874617099762,0.9594222528227182
pavlick_nli,0,330,digits101,0.9273563623428345,0.9449245545253776
pavlick_nli,0,331,digits101,0.9384909272193909,0.9441597982500997
pavlick_nli,0,334,digits101,0.9079629778862,0.9246092905787243
pavlick_nli,0,336,digits101,0.8893536925315857,0.917535955336741
pavlick_nli,0,337,digits101,0.9084627032279968,0.9336403448643524
pavlick_nli,0,338,digits101,0.94053053855896,0.930672838770145
pavlick_nli,0,342,digits101,0.9473869800567627,0.8947493917875022
pavlick_nli,0,343,digits101,0.9112347364425659,0.9191792814378434
pavlick_nli,0,346,digits101,0.7408074140548706,0.8770170053072813
pavlick_nli,0,347,digits101,0.9313566088676453,0.951398118200322
pavlick_nli,0,349,digits101,0.94942307472229,0.9514217911382995
pavlick_nli,0,350,digits101,0.9484414458274841,0.9279820999704884
pavlick_nli,0,353,digits101,0.9483045935630798,0.9352046467197996
pavlick_nli,0,354,digits101,0.9493653178215027,0.9238759619392348
pavlick_nli,0,356,digits101,0.9665379524230957,0.9458803473785992
pavlick_nli,0,357,digits101,0.9351586103439331,0.9238676009210106
pavlick_nli,0,358,digits101,0.8914875984191895,0.8991349181857269
pavlick_nli,0,359,digits101,0.9114707708358765,0.9099413754671137
pavlick_nli,0,362,digits101,0.9189516305923462,0.915673706678363
pavlick_nli,0,365,digits101,0.9578890204429626,0.9889525484524823
pavlick_nli,0,372,digits101,0.9279814958572388,0.9405980623178157
pavlick_nli,0,373,digits101,0.9718113541603088,0.9534911471790015
pavlick_nli,0,375,digits101,0.9782794117927551,0.949613966047955
pavlick_nli,0,376,digits101,0.954437255859375,0.945777355812473
pavlick_nli,0,378,digits101,0.9642701148986816,0.9359876184454972
pavlick_nli,0,379,digits101,0.9382217526435852,0.9324092367620102
pavlick_nli,0,380,digits101,0.9701460003852844,0.949396289269249
pavlick_nli,0,382,digits101,0.9194347262382507,0.9221728146000061
pavlick_nli,0,383,digits101,0.9723791480064392,0.947542647892123
pavlick_nli,0,385,digits101,0.9750180840492249,0.9662999607445018
pavlick_nli,0,386,digits101,0.9502456784248352,0.9305321822226199
pavlick_nli,0,388,digits101,0.9236565232276917,0.917665149883967
pavlick_nli,0,389,digits101,0.914763867855072,0.9340255113425014
pavlick_nli,0,394,digits101,0.9377561807632446,0.9390127999670654
pavlick_nli,0,397,digits101,0.9514795541763306,0.944880145634984
pavlick_nli,0,400,digits101,0.9613626599311829,0.9487945513178506
pavlick_nli,0,402,digits101,0.9457381367683411,0.9479174904652218
pavlick_nli,0,403,digits101,0.9361958503723145,0.956090868196588
pavlick_nli,0,404,digits101,0.9699192047119141,0.9575497738802763
pavlick_nli,0,406,digits101,0.8886982202529907,0.930343861264255
pavlick_nli,0,407,digits101,0.9732279181480408,0.9723510286144903
pavlick_nli,0,409,digits101,0.9621343016624451,0.9711609534638658
pavlick_nli,0,411,digits101,0.9425902366638184,0.9472952315711
pavlick_nli,0,412,digits101,0.9366763234138489,0.9311633852395664
pavlick_nli,0,413,digits101,0.920216977596283,0.9345004147742347
pavlick_nli,0,416,digits101,0.937466561794281,0.9401895623673516
pavlick_nli,0,417,digits101,0.9094865322113037,0.930485870305306
pavlick_nli,0,427,digits101,0.942420244216919,0.935890576118741
pavlick_nli,0,430,digits101,0.9521568417549133,0.9445781652081693
pavlick_nli,0,432,digits101,0.9625928997993469,0.9446749470140905
pavlick_nli,0,433,digits101,0.925834059715271,0.9390900661366975
pavlick_nli,0,434,digits101,0.9641639590263367,0.9742413911319293
pavlick_nli,0,435,digits101,0.8863138556480408,0.8912090494838733
pavlick_nli,0,439,digits101,0.9524171352386475,0.964618487603278
pavlick_nli,0,442,digits101,0.9477561712265015,0.959663366258642
pavlick_nli,0,445,digits101,0.9818952083587646,0.9646888895194926
pavlick_nli,0,446,digits101,0.9535859823226929,0.9534023037843236
pavlick_nli,0,450,digits101,0.927437424659729,0.9239383998106191
pavlick_nli,0,452,digits101,0.9159263372421265,0.9071870064283457
pavlick_nli,0,453,digits101,0.9565477967262268,0.958448769294106
pavlick_nli,0,464,digits101,0.9711158871650696,0.9622871415292752
pavlick_nli,0,466,digits101,0.9374089241027832,0.928264025767274
pavlick_nli,0,467,digits101,0.9523240923881531,0.9209061744782335
pavlick_nli,0,470,digits101,0.942168116569519,0.9391917041082204
pavlick_nli,0,471,digits101,0.9065935015678406,0.9257776327122124
pavlick_nli,0,473,digits101,0.9505585432052612,0.9454388418242624
pavlick_nli,0,474,digits101,0.9676334261894226,0.955100793177899
pavlick_nli,0,479,digits101,0.9092519283294678,0.9339191655149889
pavlick_nli,0,481,digits101,0.9330664873123169,0.9279685260351958
pavlick_nli,0,482,digits101,0.8828991651535034,0.9273971657782561
pavlick_nli,0,483,digits101,0.937099277973175,0.9449681094082122
pavlick_nli,0,486,digits101,0.9452506303787231,0.9237076417244114
pavlick_nli,0,487,digits101,0.9401324987411499,0.9369690058364232
pavlick_nli,0,489,digits101,0.9381214380264282,0.9532664906617851
pavlick_nli,0,493,digits101,0.9727531671524048,0.962460472216597
pavlick_nli,1,1,letter11,0.5768768191337585,0.5908713350435199
pavlick_nli,1,5,letter11,0.5872659087181091,0.5848811870677305
pavlick_nli,1,6,letter11,0.5988420248031616,0.6008401674907169
pavlick_nli,1,8,letter11,0.5893979072570801,0.6063407884323871
pavlick_nli,1,9,letter11,0.6084322333335876,0.5988213985335998
pavlick_nli,1,10,letter11,0.5966291427612305,0.5887340596454201
pavlick_nli,1,13,letter11,0.6282594799995422,0.5977703865307319
pavlick_nli,1,15,letter11,0.6043922305107117,0.5953369336258577
pavlick_nli,1,16,letter11,0.5696418881416321,0.5906521723945514
pavlick_nli,1,18,letter11,0.5786747932434082,0.5701049543019261
pavlick_nli,1,22,letter11,0.6056748032569885,0.6024420655188665
pavlick_nli,1,23,letter11,0.6287099719047546,0.5972592413936701
pavlick_nli,1,24,letter11,0.5513813495635986,0.5660870642675437
pavlick_nli,1,29,letter11,0.5942773222923279,0.6031003728715478
pavlick_nli,1,31,letter11,0.5680133700370789,0.5925455506784999
pavlick_nli,1,32,letter11,0.6106659770011902,0.5953641630809187
pavlick_nli,1,35,letter11,0.6263130903244019,0.6045160755544318
pavlick_nli,1,36,letter11,0.6148025393486023,0.6029014664920885
pavlick_nli,1,39,letter11,0.5864183306694031,0.581856404965493
pavlick_nli,1,44,letter11,0.6035880446434021,0.5966336076926612
pavlick_nli,1,45,letter11,0.5888009071350098,0.6017436827562834
pavlick_nli,1,51,letter11,0.6064629554748535,0.5989748270733349
pavlick_nli,1,59,letter11,0.5853779315948486,0.5935093852174199
pavlick_nli,1,67,letter11,0.6013270616531372,0.5942582871494909
pavlick_nli,1,69,letter11,0.5999382138252258,0.5877336003390539
pavlick_nli,1,71,letter11,0.5702354907989502,0.5811686955775404
pavlick_nli,1,73,letter11,0.5971251726150513,0.6021490596798544
pavlick_nli,1,74,letter11,0.6034905910491943,0.6032361376435618
pavlick_nli,1,81,letter11,0.562224805355072,0.5884740903858332
pavlick_nli,1,82,letter11,0.5751997232437134,0.5930285027844773
pavlick_nli,1,83,letter11,0.5904085636138916,0.5990486123235212
pavlick_nli,1,87,letter11,0.6346792578697205,0.599488123382555
pavlick_nli,1,90,letter11,0.5867691040039062,0.5982401598131676
pavlick_nli,1,96,letter11,0.6120386719703674,0.5878730698383505
pavlick_nli,1,99,letter11,0.5950827598571777,0.5944020010175577
pavlick_nli,1,101,letter11,0.5605762004852295,0.5679386371973797
pavlick_nli,1,105,letter11,0.5859291553497314,0.6004692130477951
pavlick_nli,1,107,letter11,0.591920793056488,0.5955659119283634
pavlick_nli,1,111,letter11,0.5859944224357605,0.5939067369535159
pavlick_nli,1,113,letter11,0.5727817416191101,0.6012394839614115
pavlick_nli,1,115,letter11,0.6077284812927246,0.6058855376245583
pavlick_nli,1,119,letter11,0.6139091849327087,0.6025949420874267
pavlick_nli,1,120,letter11,0.6101987361907959,0.5934837702530046
pavlick_nli,1,121,letter11,0.5934119820594788,0.5991390012365767
pavlick_nli,1,122,letter11,0.6044033765792847,0.5942284256409239
pavlick_nli,1,123,letter11,0.5853849053382874,0.5837877010599412
pavlick_nli,1,127,letter11,0.5876129865646362,0.6000325668755936
pavlick_nli,1,128,letter11,0.6040142178535461,0.5910057139729488
pavlick_nli,1,130,letter11,0.5977864265441895,0.6004968226276961
pavlick_nli,1,133,letter11,0.6322268843650818,0.6000836751694304
pavlick_nli,1,134,letter11,0.6162270903587341,0.5997414827005846
pavlick_nli,1,135,letter11,0.5807433128356934,0.6004129653779143
pavlick_nli,1,136,letter11,0.6060680150985718,0.5975635605254735
pavlick_nli,1,137,letter11,0.6011804938316345,0.615322028654317
pavlick_nli,1,138,letter11,0.5890088677406311,0.5914879442892799
pavlick_nli,1,139,letter11,0.5752927660942078,0.583607610757451
pavlick_nli,1,140,letter11,0.5945544242858887,0.5962062052405663
pavlick_nli,1,141,letter11,0.5894696116447449,0.5935337777653305
pavlick_nli,1,142,letter11,0.6033228635787964,0.5890534007340567
pavlick_nli,1,145,letter11,0.5896782875061035,0.5910742245051026
pavlick_nli,1,147,letter11,0.6124153733253479,0.607781114968686
pavlick_nli,1,148,letter11,0.6054841876029968,0.5862440093772942
pavlick_nli,1,149,letter11,0.5942187905311584,0.5809918662903004
pavlick_nli,1,150,letter11,0.6071076989173889,0.607178509885027
pavlick_nli,1,151,letter11,0.5851824879646301,0.5949491201190832
pavlick_nli,1,152,letter11,0.6295024752616882,0.6070733482930452
pavlick_nli,1,153,letter11,0.6003583669662476,0.6015249089276438
pavlick_nli,1,159,letter11,0.594750165939331,0.573015984273147
pavlick_nli,1,161,letter11,0.5952635407447815,0.6069704002541737
pavlick_nli,1,165,letter11,0.5818018913269043,0.5888539191915018
pavlick_nli,1,166,letter11,0.5925580263137817,0.5902247724612892
pavlick_nli,1,167,letter11,0.5836239457130432,0.5694094910011339
pavlick_nli,1,170,letter11,0.5799848437309265,0.5800625652636057
pavlick_nli,1,171,letter11,0.6133672595024109,0.5942158755213509
pavlick_nli,1,175,letter11,0.6125196814537048,0.5966974807165052
pavlick_nli,1,176,letter11,0.6014379858970642,0.590655813171219
pavlick_nli,1,180,letter11,0.576795220375061,0.5964169944447522
pavlick_nli,1,181,letter11,0.5889101028442383,0.5953574313147009
pavlick_nli,1,182,letter11,0.5817887187004089,0.5802233652991278
pavlick_nli,1,183,letter11,0.6110959053039551,0.5905989758244438
pavlick_nli,1,185,letter11,0.5920208692550659,0.6060146454490619
pavlick_nli,1,186,letter11,0.6059942841529846,0.609711487298419
pavlick_nli,1,189,letter11,0.5807047486305237,0.58414480007419
pavlick_nli,1,190,letter11,0.592858076095581,0.581586326508059
pavlick_nli,1,191,letter11,0.5743219256401062,0.6023818094753765
pavlick_nli,1,193,letter11,0.6043978333473206,0.5840398875015297
pavlick_nli,1,198,letter11,0.616041362285614,0.6066937972989992
pavlick_nli,1,200,letter11,0.5893506407737732,0.5900205269052048
pavlick_nli,1,204,letter11,0.6070181131362915,0.6079663184031251
pavlick_nli,1,208,letter11,0.6141574382781982,0.6116303895946669
pavlick_nli,1,220,letter11,0.5898780226707458,0.6004200456228442
pavlick_nli,1,221,letter11,0.6158714294433594,0.6001362391233324
pavlick_nli,1,222,letter11,0.6345365643501282,0.6067916167839733
pavlick_nli,1,223,letter11,0.6066277027130127,0.6045426934525852
pavlick_nli,1,226,letter11,0.604736328125,0.5952058670993498
pavlick_nli,1,227,letter11,0.5688019394874573,0.5716512552272832
pavlick_nli,1,229,letter11,0.5997526049613953,0.5964917051057548
pavlick_nli,1,230,letter11,0.5726693868637085,0.575089029501183
pavlick_nli,1,231,letter11,0.5729185342788696,0.5943960748842858
pavlick_nli,1,232,letter11,0.6112439036369324,0.6044092813908312
pavlick_nli,1,233,letter11,0.5944280624389648,0.5937753072532197
pavlick_nli,1,235,letter11,0.6145033836364746,0.6174775310390828
pavlick_nli,1,236,letter11,0.5954635143280029,0.5920363371789272
pavlick_nli,1,237,letter11,0.6204107999801636,0.5985317442274105
pavlick_nli,1,238,letter11,0.6130828857421875,0.6010851073469838
pavlick_nli,1,239,letter11,0.598664402961731,0.6014635130913447
pavlick_nli,1,241,letter11,0.6206520199775696,0.5765677083317011
pavlick_nli,1,247,letter11,0.5812616944313049,0.5841637140234248
pavlick_nli,1,249,letter11,0.6206811666488647,0.5888063748980137
pavlick_nli,1,252,letter11,0.6032058596611023,0.5987222373583236
pavlick_nli,1,253,letter11,0.59758061170578,0.5883675262613882
pavlick_nli,1,254,letter11,0.5821569561958313,0.5937387542318355
pavlick_nli,1,257,letter11,0.5884304642677307,0.5975038461947788
pavlick_nli,1,263,letter11,0.5761803984642029,0.5997484747003596
pavlick_nli,1,264,letter11,0.6015143990516663,0.59500319537879
pavlick_nli,1,265,letter11,0.610616147518158,0.6016084463130815
pavlick_nli,1,269,letter11,0.579738438129425,0.5864096835903396
pavlick_nli,1,274,letter11,0.6301862001419067,0.6069502057423481
pavlick_nli,1,275,letter11,0.6432119607925415,0.6100679788732909
pavlick_nli,1,276,letter11,0.6263541579246521,0.6104450095471806
pavlick_nli,1,277,letter11,0.5713992118835449,0.580294022493524
pavlick_nli,1,279,letter11,0.5736770629882812,0.5935710113209194
pavlick_nli,1,280,letter11,0.5906222462654114,0.5805130737281513
pavlick_nli,1,283,letter11,0.6041016578674316,0.5869532900077945
pavlick_nli,1,284,letter11,0.5853168964385986,0.6002797454910581
pavlick_nli,1,287,letter11,0.6099351048469543,0.5946159233918814
pavlick_nli,1,294,letter11,0.5742876529693604,0.5768605643094116
pavlick_nli,1,299,letter11,0.6095550060272217,0.6010318305165543
pavlick_nli,1,300,letter11,0.5696547031402588,0.58809756460895
pavlick_nli,1,303,letter11,0.5999413132667542,0.5990650126204311
pavlick_nli,1,304,letter11,0.5936736464500427,0.5764631607615743
pavlick_nli,1,308,letter11,0.5913697481155396,0.5971185835635395
pavlick_nli,1,310,letter11,0.5720258355140686,0.6013530433974228
pavlick_nli,1,311,letter11,0.5812242031097412,0.596753791750857
pavlick_nli,1,316,letter11,0.5926792621612549,0.6047739967645254
pavlick_nli,1,318,letter11,0.6107128262519836,0.5957558559336944
pavlick_nli,1,321,letter11,0.6318345069885254,0.6011907383808492
pavlick_nli,1,323,letter11,0.6053394079208374,0.6012143999392132
pavlick_nli,1,329,letter11,0.5812194347381592,0.5979057418486057
pavlick_nli,1,330,letter11,0.5895321369171143,0.5838408454133117
pavlick_nli,1,334,letter11,0.601757824420929,0.5897223579438744
pavlick_nli,1,337,letter11,0.5984918475151062,0.5995393406023432
pavlick_nli,1,340,letter11,0.595679521560669,0.5991472568315853
pavlick_nli,1,342,letter11,0.5659880638122559,0.5701332444525
pavlick_nli,1,344,letter11,0.6267128586769104,0.6090503693481517
pavlick_nli,1,353,letter11,0.5827243328094482,0.6021889182793501
pavlick_nli,1,360,letter11,0.5989099740982056,0.6065881649965613
pavlick_nli,1,361,letter11,0.5678417086601257,0.5714206171169273
pavlick_nli,1,363,letter11,0.5941228270530701,0.5992081585772048
pavlick_nli,1,368,letter11,0.5830574035644531,0.5968812183759263
pavlick_nli,1,369,letter11,0.6345263123512268,0.593782730696548
pavlick_nli,1,375,letter11,0.6090698838233948,0.6128528843034468
pavlick_nli,1,376,letter11,0.6022126078605652,0.597559547912682
pavlick_nli,1,381,letter11,0.6046031713485718,0.5978330336398279
pavlick_nli,1,383,letter11,0.5753782391548157,0.5928004892308988
pavlick_nli,1,386,letter11,0.6049523949623108,0.5965065674248785
pavlick_nli,1,389,letter11,0.5790778398513794,0.6014017861880923
pavlick_nli,1,390,letter11,0.589077889919281,0.5898979858954378
pavlick_nli,1,391,letter11,0.6078019142150879,0.590475062005796
pavlick_nli,1,394,letter11,0.5904402732849121,0.6081667191883109
pavlick_nli,1,395,letter11,0.5789682269096375,0.5783225304479566
pavlick_nli,1,398,letter11,0.5917200446128845,0.5909526370812251
pavlick_nli,1,400,letter11,0.6020088195800781,0.6137222633768475
pavlick_nli,1,401,letter11,0.6073011755943298,0.598013492161248
pavlick_nli,1,403,letter11,0.5788432955741882,0.5950829563931908
pavlick_nli,1,405,letter11,0.5786369442939758,0.5955391890694076
pavlick_nli,1,407,letter11,0.6101651787757874,0.5939495457419253
pavlick_nli,1,408,letter11,0.6176173090934753,0.5888111584045609
pavlick_nli,1,409,letter11,0.623954176902771,0.6037987516306408
pavlick_nli,1,412,letter11,0.5959352850914001,0.6113813762220317
pavlick_nli,1,414,letter11,0.5857612490653992,0.5951545439810157
pavlick_nli,1,425,letter11,0.6060208678245544,0.5919041387841026
pavlick_nli,1,433,letter11,0.5891868472099304,0.5931240160817176
pavlick_nli,1,434,letter11,0.6136766672134399,0.602315521036856
pavlick_nli,1,435,letter11,0.5772533416748047,0.5872989199094988
pavlick_nli,1,438,letter11,0.5828819274902344,0.6012197865148269
pavlick_nli,1,445,letter11,0.583993136882782,0.6025027820160582
pavlick_nli,1,448,letter11,0.5763649940490723,0.5918529279419077
pavlick_nli,1,451,letter11,0.5851976871490479,0.6024838847020877
pavlick_nli,1,457,letter11,0.5888944268226624,0.5867780443352271
pavlick_nli,1,458,letter11,0.5566865801811218,0.5922915609438474
pavlick_nli,1,459,letter11,0.6183009147644043,0.5954022231147561
pavlick_nli,1,460,letter11,0.5886050462722778,0.5839816547411063
pavlick_nli,1,461,letter11,0.6561433672904968,0.599189775811886
pavlick_nli,1,465,letter11,0.5921053886413574,0.5964195936808255
pavlick_nli,1,467,letter11,0.6202341318130493,0.6068537450439744
pavlick_nli,1,473,letter11,0.5846422910690308,0.6080603090359559
pavlick_nli,1,474,letter11,0.6218963861465454,0.606654676755525
pavlick_nli,1,476,letter11,0.6088685393333435,0.6033893231861915
pavlick_nli,1,477,letter11,0.631237268447876,0.604451739622326
pavlick_nli,1,481,letter11,0.5878801941871643,0.5859055931785152
pavlick_nli,1,483,letter11,0.6009140610694885,0.5793650220978316
pavlick_nli,1,487,letter11,0.5551115274429321,0.5967079984581038
pavlick_nli,1,488,letter11,0.6004650592803955,0.5964035572599014
pavlick_nli,1,489,letter11,0.6124605536460876,0.6041599404959295
pavlick_nli,1,491,letter11,0.5870487093925476,0.5929851975235447
pavlick_nli,1,493,letter11,0.5915658473968506,0.596003901851438
pavlick_nli,1,494,letter11,0.6003575325012207,0.5978941522898971
pavlick_nli,1,1,digits101,0.9726979732513428,0.9731578899345531
pavlick_nli,1,5,digits101,0.906078577041626,0.9058826793007901
pavlick_nli,1,6,digits101,0.9417405724525452,0.9586857080829018
pavlick_nli,1,8,digits101,0.9386602640151978,0.9467688754895476
pavlick_nli,1,9,digits101,0.9619771838188171,0.9426510147974901
pavlick_nli,1,10,digits101,0.8346449136734009,0.8940683645899407
pavlick_nli,1,13,digits101,0.9208008050918579,0.9333907596243787
pavlick_nli,1,15,digits101,0.9406339526176453,0.9580647184300087
pavlick_nli,1,16,digits101,0.8475094437599182,0.8979389922354138
pavlick_nli,1,18,digits101,0.9432147145271301,0.9617655826459469
pavlick_nli,1,22,digits101,0.9404408931732178,0.9347429570276391
pavlick_nli,1,23,digits101,0.9388561248779297,0.9324259250541748
pavlick_nli,1,24,digits101,0.9266629219055176,0.9106905163424052
pavlick_nli,1,29,digits101,0.9302695989608765,0.9414530282251025
pavlick_nli,1,31,digits101,0.9170683026313782,0.919497529956981
pavlick_nli,1,32,digits101,0.9428489804267883,0.9321348474531131
pavlick_nli,1,35,digits101,0.9518542289733887,0.9268760035377719
pavlick_nli,1,36,digits101,0.9708476066589355,0.9516211282448457
pavlick_nli,1,39,digits101,0.9573783278465271,0.9399088958902957
pavlick_nli,1,44,digits101,0.9201374650001526,0.9008869244098573
pavlick_nli,1,45,digits101,0.9018797874450684,0.9048986987372712
pavlick_nli,1,51,digits101,0.9099524617195129,0.9332769596235718
pavlick_nli,1,59,digits101,0.9430083632469177,0.9527629855387807
pavlick_nli,1,67,digits101,0.9502190351486206,0.9504245062316812
pavlick_nli,1,69,digits101,0.9404261708259583,0.9252667182639314
pavlick_nli,1,71,digits101,0.9335054159164429,0.9309103867135475
pavlick_nli,1,73,digits101,0.9185006618499756,0.9238102400336358
pavlick_nli,1,74,digits101,0.9641184210777283,0.9593617583890417
pavlick_nli,1,81,digits101,0.9563570618629456,0.9126427187116181
pavlick_nli,1,82,digits101,0.8546809554100037,0.904500416414535
pavlick_nli,1,83,digits101,0.9706066250801086,0.9464010643320151
pavlick_nli,1,87,digits101,0.9728978872299194,0.9524934001490204
pavlick_nli,1,90,digits101,0.9627172946929932,0.9645428818361094
pavlick_nli,1,96,digits101,0.9465585947036743,0.9405218181648648
pavlick_nli,1,99,digits101,0.9219604730606079,0.9138300375176018
pavlick_nli,1,101,digits101,0.9220151305198669,0.9183031384374656
pavlick_nli,1,105,digits101,0.9327377080917358,0.9463354543347318
pavlick_nli,1,107,digits101,0.9478062391281128,0.9586032220633575
pavlick_nli,1,111,digits101,0.9029962420463562,0.9008704521578654
pavlick_nli,1,113,digits101,0.9703551530838013,0.9640616163984029
pavlick_nli,1,115,digits101,0.9352541565895081,0.9513385429085721
pavlick_nli,1,119,digits101,0.8931378722190857,0.9300526576194139
pavlick_nli,1,120,digits101,0.9718840718269348,0.9708244533744872
pavlick_nli,1,121,digits101,0.9688704609870911,0.9620786125215902
pavlick_nli,1,122,digits101,0.9243952035903931,0.9305756550299019
pavlick_nli,1,123,digits101,0.9112938046455383,0.923736919781688
pavlick_nli,1,127,digits101,0.966359555721283,0.9604796930027424
pavlick_nli,1,128,digits101,0.9573056697845459,0.9468238241377991
pavlick_nli,1,130,digits101,0.9728805422782898,0.9685480335245293
pavlick_nli,1,133,digits101,0.9637191295623779,0.9596171456210103
pavlick_nli,1,134,digits101,0.9854006767272949,0.9963187750430584
pavlick_nli,1,135,digits101,0.9340463280677795,0.9387034465148587
pavlick_nli,1,136,digits101,0.9148719906806946,0.9288261085669149
pavlick_nli,1,137,digits101,0.9199260473251343,0.9353238477244689
pavlick_nli,1,138,digits101,0.9560052752494812,0.9496034768552533
pavlick_nli,1,139,digits101,0.9288485646247864,0.929233243195861
pavlick_nli,1,140,digits101,0.9039677977561951,0.9611773792424616
pavlick_nli,1,141,digits101,0.9122453331947327,0.9328986892811869
pavlick_nli,1,142,digits101,0.9791791439056396,0.9692444647017115
pavlick_nli,1,145,digits101,0.9287792444229126,0.9440874326667031
pavlick_nli,1,147,digits101,0.9478890299797058,0.9393613063716353
pavlick_nli,1,148,digits101,0.8863362073898315,0.920968596155117
pavlick_nli,1,149,digits101,0.9374052286148071,0.9348970183258174
pavlick_nli,1,150,digits101,0.9402056932449341,0.9312038571269918
pavlick_nli,1,151,digits101,0.9104606509208679,0.9265448363609234
pavlick_nli,1,152,digits101,0.9694432616233826,0.9584568043462952
pavlick_nli,1,153,digits101,0.8555271029472351,0.9319563658963236
pavlick_nli,1,159,digits101,0.9350746273994446,0.953018457824819
pavlick_nli,1,161,digits101,0.927829384803772,0.9498056372891613
pavlick_nli,1,165,digits101,0.9423549771308899,0.9392993397870594
pavlick_nli,1,166,digits101,0.9248223900794983,0.931331287939907
pavlick_nli,1,167,digits101,0.9362098574638367,0.9062455249986812
pavlick_nli,1,170,digits101,0.9224313497543335,0.9296814455887585
pavlick_nli,1,171,digits101,0.9523588418960571,0.912831327458767
pavlick_nli,1,175,digits101,0.9018771648406982,0.9279560160206954
pavlick_nli,1,176,digits101,0.9338082075119019,0.9414537343314001
pavlick_nli,1,180,digits101,0.9356910586357117,0.9427891105406093
pavlick_nli,1,181,digits101,0.9495099782943726,0.954350346831975
pavlick_nli,1,182,digits101,0.9091706275939941,0.9098140345834622
pavlick_nli,1,183,digits101,0.944378137588501,0.9371278094622988
pavlick_nli,1,185,digits101,0.9446914196014404,0.950173545904393
pavlick_nli,1,186,digits101,0.9319952130317688,0.9503233507765378
pavlick_nli,1,189,digits101,0.888596773147583,0.8840459117711866
pavlick_nli,1,190,digits101,0.9151425957679749,0.9325384108387322
pavlick_nli,1,191,digits101,0.9707747101783752,0.9659822210539237
pavlick_nli,1,193,digits101,0.936827540397644,0.9359409344912886
pavlick_nli,1,198,digits101,0.9750583171844482,0.9740592048327489
pavlick_nli,1,200,digits101,0.8926929235458374,0.9160928809845684
pavlick_nli,1,204,digits101,0.9624682068824768,0.9471878944339245
pavlick_nli,1,208,digits101,0.9630413055419922,0.9443627518088795
pavlick_nli,1,220,digits101,0.9616395831108093,0.9604419110480811
pavlick_nli,1,221,digits101,0.9291264414787292,0.9193018528012836
pavlick_nli,1,222,digits101,0.9698226451873779,0.9761506661896943
pavlick_nli,1,223,digits101,0.959907054901123,0.9612511167568234
pavlick_nli,1,226,digits101,0.9101914167404175,0.9197669903059085
pavlick_nli,1,227,digits101,0.8896707892417908,0.9195173010339559
pavlick_nli,1,229,digits101,0.975094199180603,0.9660566173903024
pavlick_nli,1,230,digits101,0.8974687457084656,0.9172292322891203
pavlick_nli,1,231,digits101,0.9378337860107422,0.9322714011986006
pavlick_nli,1,232,digits101,0.9655671119689941,0.9589807750395695
pavlick_nli,1,233,digits101,0.9374138116836548,0.9199220956255578
pavlick_nli,1,235,digits101,0.9590074419975281,0.9370314729163816
pavlick_nli,1,236,digits101,0.9429053664207458,0.93202027302924
pavlick_nli,1,237,digits101,0.9570179581642151,0.9492601690705393
pavlick_nli,1,238,digits101,0.9468189477920532,0.9440612746771062
pavlick_nli,1,239,digits101,0.9376466870307922,0.9518220972933605
pavlick_nli,1,241,digits101,0.9390476942062378,0.9396924028057568
pavlick_nli,1,247,digits101,0.8586313724517822,0.9273554311837788
pavlick_nli,1,249,digits101,0.9412962198257446,0.9395129889035229
pavlick_nli,1,252,digits101,0.9806027412414551,0.9687355158226156
pavlick_nli,1,253,digits101,0.8961795568466187,0.9035000221474299
pavlick_nli,1,254,digits101,0.95257169008255,0.9528745420021607
pavlick_nli,1,257,digits101,0.9468950033187866,0.9457217721106764
pavlick_nli,1,263,digits101,0.9497512578964233,0.9404488292003196
pavlick_nli,1,264,digits101,0.9462562799453735,0.9410767238442153
pavlick_nli,1,265,digits101,0.9260073304176331,0.9421669239097873
pavlick_nli,1,269,digits101,0.8797220587730408,0.9155970953291545
pavlick_nli,1,274,digits101,0.9770671725273132,0.9524123999967165
pavlick_nli,1,275,digits101,0.9472697377204895,0.9507315471724387
pavlick_nli,1,276,digits101,0.9613693356513977,0.9591675184055369
pavlick_nli,1,277,digits101,0.914567768573761,0.9130045664427382
pavlick_nli,1,279,digits101,0.959654688835144,0.9589239371017574
pavlick_nli,1,280,digits101,0.919912576675415,0.8877040824886769
pavlick_nli,1,283,digits101,0.8266606330871582,0.8918701841119421
pavlick_nli,1,284,digits101,0.9771944284439087,0.9729020501569919
pavlick_nli,1,287,digits101,0.9786221385002136,0.9772336166536154
pavlick_nli,1,294,digits101,0.9245091080665588,0.9272523125411682
pavlick_nli,1,299,digits101,0.9387252926826477,0.9347165446695876
pavlick_nli,1,300,digits101,0.971749484539032,0.9584138977560015
pavlick_nli,1,303,digits101,0.9625804424285889,0.9594167182428541
pavlick_nli,1,304,digits101,0.9652262926101685,0.9634223761333234
pavlick_nli,1,308,digits101,0.9268715381622314,0.9323956257058478
pavlick_nli,1,310,digits101,0.9337843060493469,0.9492417171586252
pavlick_nli,1,311,digits101,0.9405775666236877,0.9531317924626386
pavlick_nli,1,316,digits101,0.8983747959136963,0.9373315900727172
pavlick_nli,1,318,digits101,0.9476132392883301,0.9304430925942345
pavlick_nli,1,321,digits101,0.9819183349609375,0.9686744501932568
pavlick_nli,1,323,digits101,0.9811047315597534,0.9699355868644975
pavlick_nli,1,329,digits101,0.960874617099762,0.9569861494293613
pavlick_nli,1,330,digits101,0.9273563623428345,0.9499695301933955
pavlick_nli,1,334,digits101,0.9079629778862,0.9177785525506853
pavlick_nli,1,337,digits101,0.9084627032279968,0.9406063532705342
pavlick_nli,1,340,digits101,0.9574073553085327,0.9463121152832017
pavlick_nli,1,342,digits101,0.9473869800567627,0.8940479346698492
pavlick_nli,1,344,digits101,0.9460037350654602,0.9425637996478018
pavlick_nli,1,353,digits101,0.9483045935630798,0.9382102367035945
pavlick_nli,1,360,digits101,0.9117648601531982,0.9358164048158896
pavlick_nli,1,361,digits101,0.9230532050132751,0.9422457470426417
pavlick_nli,1,363,digits101,0.9677464962005615,0.9483977019969564
pavlick_nli,1,368,digits101,0.8768389821052551,0.9062134332251679
pavlick_nli,1,369,digits101,0.9490689039230347,0.9399977306389339
pavlick_nli,1,375,digits101,0.9782794117927551,0.9567131826427758
pavlick_nli,1,376,digits101,0.954437255859375,0.9383363864843698
pavlick_nli,1,381,digits101,0.9235380291938782,0.9268022657686553
pavlick_nli,1,383,digits101,0.9723791480064392,0.9615327410721437
pavlick_nli,1,386,digits101,0.9502456784248352,0.9324747035945704
pavlick_nli,1,389,digits101,0.914763867855072,0.9313283396137411
pavlick_nli,1,390,digits101,0.9278566837310791,0.9138327986655077
pavlick_nli,1,391,digits101,0.9035273790359497,0.9251795857064489
pavlick_nli,1,394,digits101,0.9377561807632446,0.9368764233721835
pavlick_nli,1,395,digits101,0.9350316524505615,0.9566087509636172
pavlick_nli,1,398,digits101,0.90921950340271,0.9306894379289516
pavlick_nli,1,400,digits101,0.9613626599311829,0.9579496632007249
pavlick_nli,1,401,digits101,0.9240798950195312,0.926122744885663
pavlick_nli,1,403,digits101,0.9361958503723145,0.9539836447598333
pavlick_nli,1,405,digits101,0.9686903357505798,0.9651949746158939
pavlick_nli,1,407,digits101,0.9732279181480408,0.9678187933974955
pavlick_nli,1,408,digits101,0.9458723664283752,0.9489538519466214
pavlick_nli,1,409,digits101,0.9621343016624451,0.9777706664571688
pavlick_nli,1,412,digits101,0.9366763234138489,0.9275864443122621
pavlick_nli,1,414,digits101,0.9024059772491455,0.9198446560125935
pavlick_nli,1,425,digits101,0.9578602313995361,0.9578974199714995
pavlick_nli,1,433,digits101,0.925834059715271,0.9349379179144166
pavlick_nli,1,434,digits101,0.9641639590263367,0.9732851460358565
pavlick_nli,1,435,digits101,0.8863138556480408,0.8851396108009961
pavlick_nli,1,438,digits101,0.9548789858818054,0.942134694098628
pavlick_nli,1,445,digits101,0.9818952083587646,0.9677641632184225
pavlick_nli,1,448,digits101,0.9238184094429016,0.9294916607897294
pavlick_nli,1,451,digits101,0.9522851705551147,0.9521677517997569
pavlick_nli,1,457,digits101,0.916373610496521,0.9371247011476433
pavlick_nli,1,458,digits101,0.8876016139984131,0.9137698755195527
pavlick_nli,1,459,digits101,0.9666784405708313,0.9426809223868655
pavlick_nli,1,460,digits101,0.8903443217277527,0.9248599699884934
pavlick_nli,1,461,digits101,0.9443356394767761,0.9362234146290335
pavlick_nli,1,465,digits101,0.9327484965324402,0.9226641860034889
pavlick_nli,1,467,digits101,0.9523240923881531,0.9212578799433788
pavlick_nli,1,473,digits101,0.9505585432052612,0.9462560132762694
pavlick_nli,1,474,digits101,0.9676334261894226,0.9581223995009432
pavlick_nli,1,476,digits101,0.9674988389015198,0.9603716745675152
pavlick_nli,1,477,digits101,0.9812495708465576,0.965057884682954
pavlick_nli,1,481,digits101,0.9330664873123169,0.9325805028921427
pavlick_nli,1,483,digits101,0.937099277973175,0.9423315016552181
pavlick_nli,1,487,digits101,0.9401324987411499,0.9462128750938599
pavlick_nli,1,488,digits101,0.9452722072601318,0.9421340590020915
pavlick_nli,1,489,digits101,0.9381214380264282,0.9538303911177853
pavlick_nli,1,491,digits101,0.9180474877357483,0.9208388115506707
pavlick_nli,1,493,digits101,0.9727531671524048,0.9592681127213348
pavlick_nli,1,494,digits101,0.9588059186935425,0.9671463073680742
pavlick_nli,2,0,letter11,0.600692629814148,0.5914192638527688
pavlick_nli,2,2,letter11,0.6284359097480774,0.5956610891411892
pavlick_nli,2,6,letter11,0.5988420248031616,0.5960881361001932
pavlick_nli,2,11,letter11,0.5959253907203674,0.5972623103585327
pavlick_nli,2,12,letter11,0.6196945905685425,0.6058692687236185
pavlick_nli,2,18,letter11,0.5786747932434082,0.5765844245875988
pavlick_nli,2,23,letter11,0.6287099719047546,0.5984088639046625
pavlick_nli,2,25,letter11,0.6125243902206421,0.6027261625554695
pavlick_nli,2,27,letter11,0.5866780281066895,0.5876311080825926
pavlick_nli,2,28,letter11,0.6108944416046143,0.6040133999030007
pavlick_nli,2,29,letter11,0.5942773222923279,0.5978529481612795
pavlick_nli,2,31,letter11,0.5680133700370789,0.5909763946461516
pavlick_nli,2,32,letter11,0.6106659770011902,0.6034892337988437
pavlick_nli,2,42,letter11,0.6198326349258423,0.6014927502172741
pavlick_nli,2,48,letter11,0.591799259185791,0.5935790691277528
pavlick_nli,2,51,letter11,0.6064629554748535,0.5954531907445177
pavlick_nli,2,52,letter11,0.6042495965957642,0.5930524325266514
pavlick_nli,2,53,letter11,0.5963649153709412,0.5970327331229072
pavlick_nli,2,54,letter11,0.5938451886177063,0.5886862481821251
pavlick_nli,2,56,letter11,0.5765986442565918,0.5824990337800634
pavlick_nli,2,71,letter11,0.5702354907989502,0.5887542951188137
pavlick_nli,2,74,letter11,0.6034905910491943,0.6032317710922778
pavlick_nli,2,78,letter11,0.5656132698059082,0.5962504875543471
pavlick_nli,2,80,letter11,0.61370450258255,0.5972978828029695
pavlick_nli,2,81,letter11,0.562224805355072,0.5985040568847282
pavlick_nli,2,82,letter11,0.5751997232437134,0.5942856057725158
pavlick_nli,2,86,letter11,0.5789926052093506,0.5985568361794558
pavlick_nli,2,89,letter11,0.5825356841087341,0.5966421076432246
pavlick_nli,2,90,letter11,0.5867691040039062,0.6030993067013013
pavlick_nli,2,92,letter11,0.6015112400054932,0.5890180039139169
pavlick_nli,2,93,letter11,0.6227675080299377,0.6111871457784078
pavlick_nli,2,98,letter11,0.6184647083282471,0.5996133731712776
pavlick_nli,2,104,letter11,0.5673056244850159,0.58160846736868
pavlick_nli,2,108,letter11,0.5956399440765381,0.5982782167120742
pavlick_nli,2,111,letter11,0.5859944224357605,0.591214540819344
pavlick_nli,2,112,letter11,0.5964474678039551,0.5989960277921296
pavlick_nli,2,113,letter11,0.5727817416191101,0.60495257356388
pavlick_nli,2,114,letter11,0.5952159762382507,0.6003759051217504
pavlick_nli,2,118,letter11,0.6021723747253418,0.5990803023773461
pavlick_nli,2,119,letter11,0.6139091849327087,0.5980496214445471
pavlick_nli,2,123,letter11,0.5853849053382874,0.5918098217698419
pavlick_nli,2,125,letter11,0.6103602051734924,0.598415729019128
pavlick_nli,2,126,letter11,0.5976837277412415,0.5947741343568009
pavlick_nli,2,129,letter11,0.5909284949302673,0.6065364294962278
pavlick_nli,2,135,letter11,0.5807433128356934,0.6000523690465074
pavlick_nli,2,136,letter11,0.6060680150985718,0.591442947584248
pavlick_nli,2,138,letter11,0.5890088677406311,0.5967219572895661
pavlick_nli,2,139,letter11,0.5752927660942078,0.5868073002445128
pavlick_nli,2,140,letter11,0.5945544242858887,0.6095077027908936
pavlick_nli,2,144,letter11,0.5704094171524048,0.5872419208905955
pavlick_nli,2,145,letter11,0.5896782875061035,0.592229968803809
pavlick_nli,2,147,letter11,0.6124153733253479,0.6040127477826104
pavlick_nli,2,148,letter11,0.6054841876029968,0.5954653370366516
pavlick_nli,2,150,letter11,0.6071076989173889,0.6048795742651827
pavlick_nli,2,151,letter11,0.5851824879646301,0.5948204953578338
pavlick_nli,2,153,letter11,0.6003583669662476,0.5993743958877711
pavlick_nli,2,154,letter11,0.5882347226142883,0.6058387666743903
pavlick_nli,2,158,letter11,0.5711068511009216,0.5955902443441602
pavlick_nli,2,161,letter11,0.5952635407447815,0.5996854466508792
pavlick_nli,2,162,letter11,0.5818559527397156,0.5922165711135698
pavlick_nli,2,164,letter11,0.5410906672477722,0.5904842273842373
pavlick_nli,2,171,letter11,0.6133672595024109,0.595275914884345
pavlick_nli,2,174,letter11,0.662814199924469,0.5991311225978325
pavlick_nli,2,176,letter11,0.6014379858970642,0.5978185900780865
pavlick_nli,2,177,letter11,0.6093689203262329,0.5898432046274458
pavlick_nli,2,178,letter11,0.6220202445983887,0.6037111919624614
pavlick_nli,2,180,letter11,0.576795220375061,0.5996484554140531
pavlick_nli,2,181,letter11,0.5889101028442383,0.5982796164891013
pavlick_nli,2,183,letter11,0.6110959053039551,0.588144666518197
pavlick_nli,2,192,letter11,0.5692175030708313,0.5871105536106019
pavlick_nli,2,194,letter11,0.6079694628715515,0.60044266509519
pavlick_nli,2,196,letter11,0.5778694748878479,0.5923159158729027
pavlick_nli,2,197,letter11,0.5907549262046814,0.5846742877883729
pavlick_nli,2,199,letter11,0.5717896223068237,0.5804493611515842
pavlick_nli,2,203,letter11,0.5948622226715088,0.5948157530868634
pavlick_nli,2,204,letter11,0.6070181131362915,0.6002036681551662
pavlick_nli,2,206,letter11,0.5774579644203186,0.5906303070710374
pavlick_nli,2,210,letter11,0.6654077172279358,0.6084938424223884
pavlick_nli,2,211,letter11,0.5885095596313477,0.6049059410842413
pavlick_nli,2,212,letter11,0.5898864269256592,0.5971971416792606
pavlick_nli,2,215,letter11,0.5907197594642639,0.5816057566046177
pavlick_nli,2,218,letter11,0.6179015636444092,0.6084591870702953
pavlick_nli,2,222,letter11,0.6345365643501282,0.6042737801710365
pavlick_nli,2,226,letter11,0.604736328125,0.5879140467808849
pavlick_nli,2,227,letter11,0.5688019394874573,0.5795568721521351
pavlick_nli,2,229,letter11,0.5997526049613953,0.6023064718988284
pavlick_nli,2,231,letter11,0.5729185342788696,0.5885902451062854
pavlick_nli,2,235,letter11,0.6145033836364746,0.6103035849182971
pavlick_nli,2,237,letter11,0.6204107999801636,0.5945686185325669
pavlick_nli,2,238,letter11,0.6130828857421875,0.5996065556527144
pavlick_nli,2,240,letter11,0.5833677053451538,0.5695171695098253
pavlick_nli,2,243,letter11,0.5955564975738525,0.5883234011181782
pavlick_nli,2,247,letter11,0.5812616944313049,0.5870570117297267
pavlick_nli,2,248,letter11,0.6009052395820618,0.5966311474563992
pavlick_nli,2,250,letter11,0.5892990231513977,0.5775613353910483
pavlick_nli,2,251,letter11,0.6024283766746521,0.6039043502559003
pavlick_nli,2,253,letter11,0.59758061170578,0.5936410990410775
pavlick_nli,2,256,letter11,0.5452978610992432,0.5732395225962515
pavlick_nli,2,259,letter11,0.5850769281387329,0.587273890004185
pavlick_nli,2,267,letter11,0.5974315404891968,0.6033963501399109
pavlick_nli,2,271,letter11,0.616655707359314,0.6069215372316888
pavlick_nli,2,276,letter11,0.6263541579246521,0.6050888195069882
pavlick_nli,2,277,letter11,0.5713992118835449,0.5823004272179866
pavlick_nli,2,279,letter11,0.5736770629882812,0.5958237915477662
pavlick_nli,2,280,letter11,0.5906222462654114,0.5890549237161603
pavlick_nli,2,282,letter11,0.613889753818512,0.5981516240261097
pavlick_nli,2,288,letter11,0.6275971531867981,0.6012679610890221
pavlick_nli,2,290,letter11,0.5644497871398926,0.5875434926556288
pavlick_nli,2,294,letter11,0.5742876529693604,0.5795496007382209
pavlick_nli,2,297,letter11,0.6214871406555176,0.6020121203100189
pavlick_nli,2,298,letter11,0.5961706042289734,0.596707708137295
pavlick_nli,2,300,letter11,0.5696547031402588,0.5876101268237349
pavlick_nli,2,301,letter11,0.5765501260757446,0.5682633062755141
pavlick_nli,2,302,letter11,0.5654048323631287,0.5947047379256913
pavlick_nli,2,304,letter11,0.5936736464500427,0.5801076459395166
pavlick_nli,2,305,letter11,0.5950481295585632,0.5932170778661814
pavlick_nli,2,308,letter11,0.5913697481155396,0.5988303631674997
pavlick_nli,2,314,letter11,0.5900105834007263,0.5887414942582584
pavlick_nli,2,315,letter11,0.6031688451766968,0.5973825383510967
pavlick_nli,2,318,letter11,0.6107128262519836,0.5918157009978878
pavlick_nli,2,322,letter11,0.5700393319129944,0.6020601278966482
pavlick_nli,2,324,letter11,0.617139458656311,0.6014067118538553
pavlick_nli,2,333,letter11,0.5722576379776001,0.5849570538361899
pavlick_nli,2,334,letter11,0.601757824420929,0.591349664357892
pavlick_nli,2,337,letter11,0.5984918475151062,0.591621396516729
pavlick_nli,2,340,letter11,0.595679521560669,0.5985105380084064
pavlick_nli,2,345,letter11,0.6157137155532837,0.5966875156044404
pavlick_nli,2,349,letter11,0.6044917106628418,0.6058178081179745
pavlick_nli,2,351,letter11,0.5877380967140198,0.5960104565145582
pavlick_nli,2,352,letter11,0.6260080933570862,0.5909920534171769
pavlick_nli,2,353,letter11,0.5827243328094482,0.6016726634467551
pavlick_nli,2,354,letter11,0.5902469158172607,0.5883635340850739
pavlick_nli,2,358,letter11,0.5868003368377686,0.5957495511163535
pavlick_nli,2,360,letter11,0.5989099740982056,0.6070766477078169
pavlick_nli,2,361,letter11,0.5678417086601257,0.5721546126985684
pavlick_nli,2,364,letter11,0.5642114281654358,0.5873680171792137
pavlick_nli,2,365,letter11,0.611869752407074,0.6030918415086772
pavlick_nli,2,370,letter11,0.59820157289505,0.5921248016696401
pavlick_nli,2,371,letter11,0.6116384863853455,0.5953535072790631
pavlick_nli,2,372,letter11,0.5831444263458252,0.584104188361934
pavlick_nli,2,374,letter11,0.5476568341255188,0.5924996267090328
pavlick_nli,2,375,letter11,0.6090698838233948,0.5994139101348067
pavlick_nli,2,377,letter11,0.5790080428123474,0.5974108624162853
pavlick_nli,2,379,letter11,0.5756592750549316,0.5898470565286281
pavlick_nli,2,382,letter11,0.6004499197006226,0.6020871649119729
pavlick_nli,2,384,letter11,0.5819023847579956,0.5897654160935728
pavlick_nli,2,387,letter11,0.5971148014068604,0.5857468648099277
pavlick_nli,2,389,letter11,0.5790778398513794,0.5943545843729898
pavlick_nli,2,390,letter11,0.589077889919281,0.5920524791359546
pavlick_nli,2,391,letter11,0.6078019142150879,0.5943584823024715
pavlick_nli,2,392,letter11,0.5769927501678467,0.5806611400320283
pavlick_nli,2,395,letter11,0.5789682269096375,0.5816558840732056
pavlick_nli,2,397,letter11,0.5981354713439941,0.5968256972241849
pavlick_nli,2,398,letter11,0.5917200446128845,0.586157157003265
pavlick_nli,2,400,letter11,0.6020088195800781,0.6128942248892395
pavlick_nli,2,403,letter11,0.5788432955741882,0.5983015245697413
pavlick_nli,2,405,letter11,0.5786369442939758,0.6025750115296968
pavlick_nli,2,411,letter11,0.5498518943786621,0.5779747874123486
pavlick_nli,2,412,letter11,0.5959352850914001,0.6006975187489755
pavlick_nli,2,416,letter11,0.5573253035545349,0.5807040029407012
pavlick_nli,2,417,letter11,0.5732212662696838,0.5884862208891636
pavlick_nli,2,418,letter11,0.6194268465042114,0.5986552407504089
pavlick_nli,2,423,letter11,0.5958957076072693,0.5698724088885708
pavlick_nli,2,424,letter11,0.5992119312286377,0.5896974633788302
pavlick_nli,2,425,letter11,0.6060208678245544,0.5997797195511946
pavlick_nli,2,431,letter11,0.5821652412414551,0.5897136734949727
pavlick_nli,2,432,letter11,0.6074661016464233,0.5842418911237357
pavlick_nli,2,433,letter11,0.5891868472099304,0.5844308710927414
pavlick_nli,2,435,letter11,0.5772533416748047,0.5933435668811365
pavlick_nli,2,439,letter11,0.5956125855445862,0.5945718584339279
pavlick_nli,2,440,letter11,0.5726609230041504,0.5964861636829061
pavlick_nli,2,441,letter11,0.5883845686912537,0.5888242182126664
pavlick_nli,2,442,letter11,0.5903070569038391,0.5930415792513692
pavlick_nli,2,443,letter11,0.6086360812187195,0.5930477688776659
pavlick_nli,2,448,letter11,0.5763649940490723,0.5969312138522905
pavlick_nli,2,450,letter11,0.5878497362136841,0.6001360496793033
pavlick_nli,2,452,letter11,0.6098334193229675,0.5953586945708017
pavlick_nli,2,458,letter11,0.5566865801811218,0.5882161364657049
pavlick_nli,2,461,letter11,0.6561433672904968,0.6054297911112544
pavlick_nli,2,464,letter11,0.603010892868042,0.596009346321223
pavlick_nli,2,465,letter11,0.5921053886413574,0.5914232118706096
pavlick_nli,2,466,letter11,0.585175633430481,0.5844714975251167
pavlick_nli,2,469,letter11,0.5912742614746094,0.5866336710881697
pavlick_nli,2,472,letter11,0.6004160046577454,0.595888680928827
pavlick_nli,2,475,letter11,0.5863552689552307,0.5996103844546082
pavlick_nli,2,476,letter11,0.6088685393333435,0.5988739061944465
pavlick_nli,2,478,letter11,0.6219022870063782,0.5906838089338281
pavlick_nli,2,480,letter11,0.5588216185569763,0.5898229542304054
pavlick_nli,2,481,letter11,0.5878801941871643,0.5875257735363262
pavlick_nli,2,482,letter11,0.5823600888252258,0.5836189695243346
pavlick_nli,2,484,letter11,0.5905932784080505,0.5835167026930039
pavlick_nli,2,485,letter11,0.6036481857299805,0.6000770193932377
pavlick_nli,2,486,letter11,0.579147458076477,0.6016872472013697
pavlick_nli,2,488,letter11,0.6004650592803955,0.6021665750366052
pavlick_nli,2,490,letter11,0.591525137424469,0.6045724075268458
pavlick_nli,2,491,letter11,0.5870487093925476,0.5926665546839519
pavlick_nli,2,494,letter11,0.6003575325012207,0.5913988100396395
pavlick_nli,2,495,letter11,0.6226754188537598,0.5992166434417855
pavlick_nli,2,0,digits101,0.947654664516449,0.9291946747276678
pavlick_nli,2,2,digits101,0.9161245822906494,0.9363489513815744
pavlick_nli,2,6,digits101,0.9417405724525452,0.9721046692724886
pavlick_nli,2,11,digits101,0.9685698747634888,0.929745545093378
pavlick_nli,2,12,digits101,0.9627800583839417,0.9634420083744162
pavlick_nli,2,18,digits101,0.9432147145271301,0.9520500937935007
pavlick_nli,2,23,digits101,0.9388561248779297,0.9294808573725072
pavlick_nli,2,25,digits101,0.960289716720581,0.9552597847856399
pavlick_nli,2,27,digits101,0.9295747876167297,0.8679613879601581
pavlick_nli,2,28,digits101,0.9623602032661438,0.9684372085228415
pavlick_nli,2,29,digits101,0.9302695989608765,0.9348704883568896
pavlick_nli,2,31,digits101,0.9170683026313782,0.9152088603198165
pavlick_nli,2,32,digits101,0.9428489804267883,0.9215201103464026
pavlick_nli,2,42,digits101,0.9296382069587708,0.9555281680812243
pavlick_nli,2,48,digits101,0.9417558908462524,0.954384961849361
pavlick_nli,2,51,digits101,0.9099524617195129,0.9348929285589952
pavlick_nli,2,52,digits101,0.9608502388000488,0.966374576282603
pavlick_nli,2,53,digits101,0.9558230042457581,0.947625450573111
pavlick_nli,2,54,digits101,0.9054665565490723,0.9044642937941996
pavlick_nli,2,56,digits101,0.9552187919616699,0.9499928810302631
pavlick_nli,2,71,digits101,0.9335054159164429,0.9207075438478685
pavlick_nli,2,74,digits101,0.9641184210777283,0.9676217261887217
pavlick_nli,2,78,digits101,0.9288833141326904,0.9272834074469376
pavlick_nli,2,80,digits101,0.9200255870819092,0.9228919903568349
pavlick_nli,2,81,digits101,0.9563570618629456,0.9057107862467011
pavlick_nli,2,82,digits101,0.8546809554100037,0.8924620767933932
pavlick_nli,2,86,digits101,0.9115276336669922,0.9304303231691967
pavlick_nli,2,89,digits101,0.9251146912574768,0.9432108835434406
pavlick_nli,2,90,digits101,0.9627172946929932,0.9670217244956433
pavlick_nli,2,92,digits101,0.8767310976982117,0.9238703167884779
pavlick_nli,2,93,digits101,0.9811258912086487,0.9722180794769273
pavlick_nli,2,98,digits101,0.9665801525115967,0.9675969197212362
pavlick_nli,2,104,digits101,0.964904248714447,0.9654797656753319
pavlick_nli,2,108,digits101,0.9622365832328796,0.9540064609868915
pavlick_nli,2,111,digits101,0.9029962420463562,0.9158308542213464
pavlick_nli,2,112,digits101,0.9455928206443787,0.9606271583850948
pavlick_nli,2,113,digits101,0.9703551530838013,0.9671476060152097
pavlick_nli,2,114,digits101,0.9634067416191101,0.9383578116158067
pavlick_nli,2,118,digits101,0.9164557456970215,0.943344677084483
pavlick_nli,2,119,digits101,0.8931378722190857,0.9280357377291786
pavlick_nli,2,123,digits101,0.9112938046455383,0.9267298989258244
pavlick_nli,2,125,digits101,0.9764376878738403,0.9850119465179084
pavlick_nli,2,126,digits101,0.9357778429985046,0.9340993851207718
pavlick_nli,2,129,digits101,0.9716038703918457,0.9566752026129879
pavlick_nli,2,135,digits101,0.9340463280677795,0.9403369191971038
pavlick_nli,2,136,digits101,0.9148719906806946,0.9280457432556397
pavlick_nli,2,138,digits101,0.9560052752494812,0.9447842557641609
pavlick_nli,2,139,digits101,0.9288485646247864,0.9251914208404532
pavlick_nli,2,140,digits101,0.9039677977561951,0.9579802905136219
pavlick_nli,2,144,digits101,0.9331767559051514,0.9144958129070189
pavlick_nli,2,145,digits101,0.9287792444229126,0.9311588349485329
pavlick_nli,2,147,digits101,0.9478890299797058,0.9437595415841884
pavlick_nli,2,148,digits101,0.8863362073898315,0.9263016081797819
pavlick_nli,2,150,digits101,0.9402056932449341,0.9357992092805792
pavlick_nli,2,151,digits101,0.9104606509208679,0.9260399607666658
pavlick_nli,2,153,digits101,0.8555271029472351,0.9272054174371078
pavlick_nli,2,154,digits101,0.9055222868919373,0.9338741739031884
pavlick_nli,2,158,digits101,0.9341816902160645,0.9543243467012139
pavlick_nli,2,161,digits101,0.927829384803772,0.9460692746219331
pavlick_nli,2,162,digits101,0.9116537570953369,0.927916866623846
pavlick_nli,2,164,digits101,0.9221831560134888,0.9193566713718289
pavlick_nli,2,171,digits101,0.9523588418960571,0.9202190082192582
pavlick_nli,2,174,digits101,0.9683564901351929,0.9829738344177315
pavlick_nli,2,176,digits101,0.9338082075119019,0.951457580386878
pavlick_nli,2,177,digits101,0.9697846174240112,0.9592034207281781
pavlick_nli,2,178,digits101,0.9219154119491577,0.9502745369909599
pavlick_nli,2,180,digits101,0.9356910586357117,0.9358963363844569
pavlick_nli,2,181,digits101,0.9495099782943726,0.9591054359537066
pavlick_nli,2,183,digits101,0.944378137588501,0.935128762535409
pavlick_nli,2,192,digits101,0.9115169048309326,0.9233490475132133
pavlick_nli,2,194,digits101,0.9427486658096313,0.9285135990876434
pavlick_nli,2,196,digits101,0.8665542006492615,0.9049358143491771
pavlick_nli,2,197,digits101,0.9207165241241455,0.9234998593272561
pavlick_nli,2,199,digits101,0.899006187915802,0.9100207013833875
pavlick_nli,2,203,digits101,0.9409059286117554,0.9300122279563414
pavlick_nli,2,204,digits101,0.9624682068824768,0.9529246441985567
pavlick_nli,2,206,digits101,0.943787157535553,0.9522837198368311
pavlick_nli,2,210,digits101,0.8863053321838379,0.9358440587289113
pavlick_nli,2,211,digits101,0.9676325917243958,0.934601641728064
pavlick_nli,2,212,digits101,0.9734851121902466,0.9612382775493046
pavlick_nli,2,215,digits101,0.9215738773345947,0.9124635555270492
pavlick_nli,2,218,digits101,0.9672266244888306,0.983938614448343
pavlick_nli,2,222,digits101,0.9698226451873779,0.982109478429184
pavlick_nli,2,226,digits101,0.9101914167404175,0.9265476385276568
pavlick_nli,2,227,digits101,0.8896707892417908,0.916259795620197
pavlick_nli,2,229,digits101,0.975094199180603,0.9724031917893616
pavlick_nli,2,231,digits101,0.9378337860107422,0.9328803665314247
pavlick_nli,2,235,digits101,0.9590074419975281,0.9362406359392192
pavlick_nli,2,237,digits101,0.9570179581642151,0.9448712417931584
pavlick_nli,2,238,digits101,0.9468189477920532,0.9511289112873309
pavlick_nli,2,240,digits101,0.941261351108551,0.9101759160297935
pavlick_nli,2,243,digits101,0.9310330152511597,0.9271355769472627
pavlick_nli,2,247,digits101,0.8586313724517822,0.9311147083799308
pavlick_nli,2,248,digits101,0.9682427048683167,0.9725291273214736
pavlick_nli,2,250,digits101,0.9121140837669373,0.9127904354986119
pavlick_nli,2,251,digits101,0.9404482841491699,0.9513676696304255
pavlick_nli,2,253,digits101,0.8961795568466187,0.8923179500079443
pavlick_nli,2,256,digits101,0.9413890242576599,0.9314942042616898
pavlick_nli,2,259,digits101,0.9370617866516113,0.9510438386473483
pavlick_nli,2,267,digits101,0.9412662386894226,0.9361665523798001
pavlick_nli,2,271,digits101,0.9743166565895081,0.9672570825288012
pavlick_nli,2,276,digits101,0.9613693356513977,0.9670315219640795
pavlick_nli,2,277,digits101,0.914567768573761,0.9046022108118075
pavlick_nli,2,279,digits101,0.959654688835144,0.9750957881703779
pavlick_nli,2,280,digits101,0.919912576675415,0.8797737260408586
pavlick_nli,2,282,digits101,0.9266411066055298,0.9598026582761252
pavlick_nli,2,288,digits101,0.8974569439888,0.8901224977362936
pavlick_nli,2,290,digits101,0.9277591109275818,0.9467639914063097
pavlick_nli,2,294,digits101,0.9245091080665588,0.9295272429520224
pavlick_nli,2,297,digits101,0.9633239507675171,0.9656904464530766
pavlick_nli,2,298,digits101,0.9389782547950745,0.9375662163924167
pavlick_nli,2,300,digits101,0.971749484539032,0.95626884704917
pavlick_nli,2,301,digits101,0.9462853074073792,0.9168352662304327
pavlick_nli,2,302,digits101,0.9550572037696838,0.9481522156508873
pavlick_nli,2,304,digits101,0.9652262926101685,0.9567070361146036
pavlick_nli,2,305,digits101,0.9775570631027222,0.9638218463916253
pavlick_nli,2,308,digits101,0.9268715381622314,0.9275856545418438
pavlick_nli,2,314,digits101,0.9205852746963501,0.9365125840286503
pavlick_nli,2,315,digits101,0.9452900886535645,0.9149725185693185
pavlick_nli,2,318,digits101,0.9476132392883301,0.9327529824056122
pavlick_nli,2,322,digits101,0.9719897508621216,0.9558796080867668
pavlick_nli,2,324,digits101,0.9362887740135193,0.941614713733681
pavlick_nli,2,333,digits101,0.8907729387283325,0.9260686890248634
pavlick_nli,2,334,digits101,0.9079629778862,0.9269925663524073
pavlick_nli,2,337,digits101,0.9084627032279968,0.9348318741105726
pavlick_nli,2,340,digits101,0.9574073553085327,0.9440705985487895
pavlick_nli,2,345,digits101,0.9396457076072693,0.9160198656056455
pavlick_nli,2,349,digits101,0.94942307472229,0.9561211796570408
pavlick_nli,2,351,digits101,0.9539633989334106,0.9586298073956846
pavlick_nli,2,352,digits101,0.9525432586669922,0.9668731263870075
pavlick_nli,2,353,digits101,0.9483045935630798,0.9370222015559965
pavlick_nli,2,354,digits101,0.9493653178215027,0.9227787492418614
pavlick_nli,2,358,digits101,0.8914875984191895,0.8910741533191899
pavlick_nli,2,360,digits101,0.9117648601531982,0.9251603542506421
pavlick_nli,2,361,digits101,0.9230532050132751,0.9340640928539465
pavlick_nli,2,364,digits101,0.9609513878822327,0.9707458313003136
pavlick_nli,2,365,digits101,0.9578890204429626,0.9886477038700594
pavlick_nli,2,370,digits101,0.9195418357849121,0.9328447052833017
pavlick_nli,2,371,digits101,0.9368239641189575,0.9356233158371158
pavlick_nli,2,372,digits101,0.9279814958572388,0.9459528406142675
pavlick_nli,2,374,digits101,0.9161117672920227,0.9163727208200816
pavlick_nli,2,375,digits101,0.9782794117927551,0.951530180360065
pavlick_nli,2,377,digits101,0.9694377779960632,0.9499555439536777
pavlick_nli,2,379,digits101,0.9382217526435852,0.9383091285056031
pavlick_nli,2,382,digits101,0.9194347262382507,0.928094384580722
pavlick_nli,2,384,digits101,0.949190080165863,0.9227242644550948
pavlick_nli,2,387,digits101,0.9342654347419739,0.9392325567558216
pavlick_nli,2,389,digits101,0.914763867855072,0.9316782835310617
pavlick_nli,2,390,digits101,0.9278566837310791,0.9097945604641102
pavlick_nli,2,391,digits101,0.9035273790359497,0.9178632520301436
pavlick_nli,2,392,digits101,0.9705418348312378,0.9706108226189112
pavlick_nli,2,395,digits101,0.9350316524505615,0.9452807545858963
pavlick_nli,2,397,digits101,0.9514795541763306,0.9429440002122232
pavlick_nli,2,398,digits101,0.90921950340271,0.9434776305222599
pavlick_nli,2,400,digits101,0.9613626599311829,0.9488513801234044
pavlick_nli,2,403,digits101,0.9361958503723145,0.9560110843526142
pavlick_nli,2,405,digits101,0.9686903357505798,0.9654827989165078
pavlick_nli,2,411,digits101,0.9425902366638184,0.9540322834051966
pavlick_nli,2,412,digits101,0.9366763234138489,0.9376293089215219
pavlick_nli,2,416,digits101,0.937466561794281,0.931538097998238
pavlick_nli,2,417,digits101,0.9094865322113037,0.9305159310096471
pavlick_nli,2,418,digits101,0.9321215748786926,0.9277586185675378
pavlick_nli,2,423,digits101,0.9252349734306335,0.8976945632465091
pavlick_nli,2,424,digits101,0.9633315205574036,0.9588965105492739
pavlick_nli,2,425,digits101,0.9578602313995361,0.9610844461586807
pavlick_nli,2,431,digits101,0.9294405579566956,0.9200582755200195
pavlick_nli,2,432,digits101,0.9625928997993469,0.9484473136292552
pavlick_nli,2,433,digits101,0.925834059715271,0.9414135959856552
pavlick_nli,2,435,digits101,0.8863138556480408,0.8786737552179231
pavlick_nli,2,439,digits101,0.9524171352386475,0.973045283072495
pavlick_nli,2,440,digits101,0.9674919843673706,0.9466918126255092
pavlick_nli,2,441,digits101,0.9271863698959351,0.9113180460700631
pavlick_nli,2,442,digits101,0.9477561712265015,0.9665953058732906
pavlick_nli,2,443,digits101,0.9696681499481201,0.9410492313965045
pavlick_nli,2,448,digits101,0.9238184094429016,0.9323312900401495
pavlick_nli,2,450,digits101,0.927437424659729,0.9106028268737322
pavlick_nli,2,452,digits101,0.9159263372421265,0.9021178773282136
pavlick_nli,2,458,digits101,0.8876016139984131,0.9097667401006483
pavlick_nli,2,461,digits101,0.9443356394767761,0.9384205085894293
pavlick_nli,2,464,digits101,0.9711158871650696,0.9731091876785182
pavlick_nli,2,465,digits101,0.9327484965324402,0.9254306348667968
pavlick_nli,2,466,digits101,0.9374089241027832,0.9114358795056496
pavlick_nli,2,469,digits101,0.9346402883529663,0.9395232954869396
pavlick_nli,2,472,digits101,0.9263054132461548,0.9291053386179591
pavlick_nli,2,475,digits101,0.9279970526695251,0.9108359851331934
pavlick_nli,2,476,digits101,0.9674988389015198,0.973270566158178
pavlick_nli,2,478,digits101,0.9679355025291443,0.9448487107635188
pavlick_nli,2,480,digits101,0.9140861630439758,0.898523951527585
pavlick_nli,2,481,digits101,0.9330664873123169,0.9266895950790602
pavlick_nli,2,482,digits101,0.8828991651535034,0.9349818817411387
pavlick_nli,2,484,digits101,0.9520614147186279,0.9056668538125602
pavlick_nli,2,485,digits101,0.8978410363197327,0.9331899884625795
pavlick_nli,2,486,digits101,0.9452506303787231,0.9168858020210138
pavlick_nli,2,488,digits101,0.9452722072601318,0.9459916838628392
pavlick_nli,2,490,digits101,0.9436351656913757,0.9465722743396588
pavlick_nli,2,491,digits101,0.9180474877357483,0.9140887480993086
pavlick_nli,2,494,digits101,0.9588059186935425,0.9765838063269535
pavlick_nli,2,495,digits101,0.947105884552002,0.9542411077597065
